"RegionID","RegionName","City","County","State","Metro","SizeRank","2010-09","2010-10","2010-11","2010-12","2011-01","2011-02","2011-03","2011-04","2011-05","2011-06","2011-07","2011-08","2011-09","2011-10","2011-11","2011-12","2012-01","2012-02","2012-03","2012-04","2012-05","2012-06","2012-07","2012-08","2012-09","2012-10","2012-11","2012-12","2013-01","2013-02","2013-03","2013-04","2013-05","2013-06","2013-07","2013-08","2013-09","2013-10","2013-11","2013-12","2014-01","2014-02","2014-03","2014-04","2014-05","2014-06","2014-07","2014-08","2014-09","2014-10","2014-11","2014-12","2015-01","2015-02","2015-03","2015-04","2015-05","2015-06","2015-07","2015-08","2015-09","2015-10","2015-11","2015-12","2016-01","2016-02","2016-03","2016-04","2016-05","2016-06","2016-07","2016-08","2016-09","2016-10","2016-11","2016-12","2017-01","2017-02","2017-03","2017-04","2017-05","2017-06","2017-07","2017-08","2017-09","2017-10","2017-11","2017-12","2018-01","2018-02","2018-03","2018-04","2018-05","2018-06","2018-07","2018-08","2018-09"
274772,"Northeast Dallas","Dallas","Dallas","TX","Dallas-Fort Worth-Arlington",1,4002.5,4000,4500,3495,4900,3745,5000,5050,4700,4000,5000,3000,4550,4100,3800,4100,5000,5000,3300,5000,5000,4300,5000,4650,3375,4050.5,4000,2000,5250,4100,4700,3000,4900,5000,5500,3000,4000,5000,5000,3000,4100,8100,2800,4900,1975.5,2000,2637.5,4500,4250,5000,6000,6000,4300,4000,3500,3500,1000,5500,2800,5100,5450,3850,14050,4495.5,5550,3700,4000,10000,4875,4000,1250,10000,3500,5000,10000,9000,5000,1900,5000,13250,5000,6000,5100,5500,5100,5001.5,4999,9000,2950,5500,4050,7500,5050.5,6000,6950,5000,5502.5
192689,"Paradise","Las Vegas","Clark","NV","Las Vegas-Henderson-Paradise",3,5500,6700,5000,5000,5000,5100,5000,4200,4679,5000,4000,5000,5100,4900,5000,5200,5000,5100,5000,5050.5,3750,10000,6716.5,10000,3000,6200,5100,5000,5100,7000,5050,5000,4975,8100,4500,4950,4500.5,4010,5000,5200,5305.5,5000,5000,5005,5000,7200,5700,5000,5052.5,5000,5000,5000,4100,4100,5000,5000,5000,5000,5000,6949.5,5800,6000,8919,6000,6000,5000,4050,5000,6000,5000,5000,5000,5200.5,5550,5000,4900,5000,5090,5000.5,4100,5020,5000,5001,5994,6000,9500,5000,5000,7900,5000,9010,5000,5000,5000,5000,5000,5001
270958,"Upper West Side","New York","New York","NY","New York-Newark-Jersey City",4,50500,30000,30000,31000,46000,30000,40000,46000,50000,50000,45000,50000,45000,45000,50000,46000,50000,50000,50000,54000,55000,36000,50000,28000,45000,50000,51000,50000,82500,50500,42000,52000,55000,50000,50000,50000,47500,44500,50000,51000,60002,50000,75000,96000,72500,50000,50000,50000,55000,1e+05,58000,90000,1e+05,55000,87500,91000,55000,1e+05,1e+05,55000,1e+05,122500,1e+05,100112,1e+05,1e+05,85000,1e+05,1e+05,98000,1e+05,78000,1e+05,54000,75000,55000,1e+05,92500,75000,96000,98000,1e+05,60000,96000,1e+05,1e+05,75500,57500,80000,50000,50000,60000,80000,55000,70500,50000,55000
270957,"Upper East Side","New York","New York","NY","New York-Newark-Jersey City",6,30000,30000,34000,35000,26000,30000,30000,39000.5,35000,49000,40000,50000,40000,50000,50000,34000,55000,49000,48000,50000,50000,50000,45000,45000,47550,46000,50000,35000,49000,54000,50000,55000,1e+05,70000,77000,70000,55000,75000,50000,30000,50000,65000,93000,1e+05,1e+05,50500,65000,46000,1e+05,1e+05,140000,55000,100500,120000,1e+05,1e+05,1e+05,150000,108500,70000,1e+05,1e+05,155000,1e+05,149000,141944,1e+05,105000,1e+05,1e+05,81000,55000,1e+05,122500,53000,74500,150000,1e+05,1e+05,102000,102500,1e+05,90000,47500,75000,1e+05,1e+05,55000,1e+05,50300,70000,95000,1e+05,89900,51000,65000,54500
192796,"Spring Valley","Las Vegas","Clark","NV","Las Vegas-Henderson-Paradise",8,4000,5000,5000,5000,5000,4900,5000,4860,4900,5000,4995,5000,5000,5000,3000,5900,5002.5,6000,7000,7061.5,5000,4000,6450,9048,5050,4871,5000,4844,5500,5100,4500,5000,5000,5000,5000,5000,4950,4950,5000,5000,5810,5000,2900,5000,5000,5000,5000,5000,4100,5000,5000,4100,5000,4000,4000,4055,4025,4000,5000,4000,4100,4106,3000,4740,3001,3900,4100,5000,5000,3000,5000,5000,5000,5000,5000,4500.5,2500,5225,4000,4800,3000,7000,5000,5000,5000,4000,5000,3888,3000,5000,4500,5000,5000,5000,5000,2800,5000
112547,"Paradise Valley","Phoenix","Maricopa","AZ","Phoenix-Mesa-Scottsdale",11,9000,5000,5000,5000,7000,7000,7000,5400,5000,5700,9700,5000,8900,11050,10000,5000,10000,7100,3950,5100,5000,5000,5000,4500,5000,3800,5000,5000,7750,5000,5500,5300,4250,5000,5000,5000,3550,6400,5000,5050,5450,5000,5000,6400,5000,5049.5,3000,4500,4900,5000,3000,5000,5000,5000,3200,4000,3000,3950,5000,5000,4500,4900,5000,5000,4940.5,5000,5050,5000,5000,2900,5000,4900,5100,3900,4000,2000,3900,5000,4990,5000,4500,4075,5000,5050,6000,5000,5000,3000,4000,5000,5000,4800,4200,3500,3050,5100,4000
267955,"North Mountain","Phoenix","Maricopa","AZ","Phoenix-Mesa-Scottsdale",14,5799.5,5000,5000,5000,6272.5,4000,5000,5000,5500,5000,2000,2000,4000,4950,5900,1250,2700,2750,5000,5000,3750,5100,5000,4000,5000,5000,5250,5100,6050,1900,4550,5300,2250,8000,5000,5000,4900,5050,3500,5000,3000,5100,4600,4050,3900,4100,3863,3700,3000,4500,4000,1750,5000,5000,4990,3100,2900,5000,5000,4300,3000,3000,2800,2625,5000,5000,2750,5000,4050,4000,3300,5000,4650,3750,5000,3500,4400,4950,3000,2250,5100,4500,4050,2000,3000,3000,4951,2300.5,2750,4000,3699.5,4900,4250.5,4999.5,5000,5000,5000
273698,"Far North","Dallas","Dallas","TX","Dallas-Fort Worth-Arlington",16,5901,3600,5000,5000,4125,4000,2600,3000,3500,4702.5,5000,3900,4900,3000,5000,6941,4475,4700,4100,3000,5000,3750,4500,4850,3000,5000,5000,2900,10000,5000,5100,3000,4800,4100,5000,4500,4984.5,3100,5000,7400,4900,7195.5,5000,2500,5000.5,4925,6099.5,4500,4500,4000,6000,4900,10000,7000,3750,7000,6000,5000,4475,5000,5000,5001,6000,11000,4950,8000,7000,6000,5950.5,17200,20950.5,19900,10000,12250,3500,2749.5,5950,7800,4000,7500,11000,9000,4995,10000,8050.5,10750,5000,5000,6000,6000,5000,7000,9050,10000,6200,6000,5000
267908,"Camelback East","Phoenix","Maricopa","AZ","Phoenix-Mesa-Scottsdale",20,7650,5000,5100,5600,7700,5400,7000,5000,5000,5000,4900,4950,6000,6000,5000,5000,5000,5100,5050,6925,5000,5000,5000,5000,5000,5000,5900,5000,4600,5000,10000,5000,5500,5000,6000,4950,5400,5000,5000,4000,5000,5000,5000,5050,5000,5400,5000,5000,6000,5000,5000,5450,5100,5000,5000,5000,5000,4250,5000,5052.5,5000,5000,5000,5050,5000,5300,5000,5000,5000,5050,5000,4900,4900,5000,5950,5000,5000,7100,6000,5000,5000,5000,5000,5000,4300,4100,5000,6050,5000,5000,5000,5000,5000,4100,4000,5000,5000
272734,"Alhambra","Phoenix","Maricopa","AZ","Phoenix-Mesa-Scottsdale",24,4900,4000,4900,4250,5000,5550,5000,5000,5500,8000,5000,4500,2400,3000,4950,3500.5,5550,5550,1200,1000,3000,3500,2750,2750,4500,4400,5000,2000,4000,3000,3500,3500,5000,2450,3000,2000,2200,3213.5,1500,2250,5000,3500,3000,3050,3050,750,2100,2000,2300,2950,4000,5100,5000,4000,3900,2300,3000,3000,4900,3500,3000,3000,5000,5000,5450,5800,5000,2100,4000,5500,5000,2000,2500,3005,1397.5,3300,3995,3100,6100,5000,4000,5000,5000,3500,6000,5000,3902.5,5100,5500,5250.5,5100,6000,5000,2500,3000,2000,5000
195267,"Harlem","New York","New York","NY","New York-Newark-Jersey City",27,26000,25000,18000,24000,16500,27500,30000,40500,28000,54500,47500,23000,23000,15000,26000,25000,27000,25000,20000,18000,24950,27750,26000,25000,21000,21000,10000,15500,30487.5,19000,191100,23000,40500,25000,12500,48200,30500,12000,25000,37500,15000,30000,20000,24000,25500,50000,39950,77050,24500,35000,37500,68500,20000,45001,15897.5,51000,45500,50000,35000,15000,46000,30000,28000,22500,51000,39000,42500,50000,27525,66000,27500,26000,39100,34000,30000,5000,40000,20000,34000,62000,25000,55000,25000,25500,49500,34000,40000,50000,13000,25000,34000,30000,42000,26000,20000,40000,25500
270828,"East Harlem","New York","New York","NY","New York-Newark-Jersey City",30,25000,10000,28020,57850,49000,24500,25000,35000,18000,29900,74000,18000,24500,37250,25500,122200,16000,20000,20000,22500,24000,14000,20894,20000,15750,1e+05,15000,47000,1e+05,1e+05,145000,25000,137500,46000,66800,70300,2500000,61000,20000,26000,104000,17500,37500,20000,24999,26000,15000,15000,51000,149500,25500,97500,175000,1e+05,45000,140100,55000,76000.5,132500,100500,110000,32500,90000,122500,45000,62500,140500,29000,40000,75000,66000,82000,145000,20000,51375,204999.5,50000,47000,75000,1e+05,51000,45500,20000,30000,25000,37497.5,40000,60000,45000,60000,27500,45000,55000,40500,30000,50000,30000
274742,"North Scottsdale","Scottsdale","Maricopa","AZ","Phoenix-Mesa-Scottsdale",31,10000,6000,10000,10000,10000,10000,10000,9900,10000,8900,6600,9495,10000,10000,9500,9900,10000,10000,8500,7000,10000,9000,10000,10000,10000,7000,5000,5000,10000,10000,7600,10000,5050,5000,5000,5000,5000,5000,5000,5000,5100,5750,6000,6000,5100,5000,5000,5000,5000,5000,5000,5900,6000,7000,5000,6000,5000,5000,5000,5000,4100,5000,6100,6750,7500,5400,6900,5000,5000,5000,5000,5000,5000,5000,5000,5045,7000,9100,6000,5000,5050.5,5090,5000,5000,5000,5050,5000,5000,5100,5100,5000,6000,5000,4950,5000,4500,5000
275454,"South Scottsdale","Scottsdale","Maricopa","AZ","Phoenix-Mesa-Scottsdale",51,9500,8600,5450,7000,9000,10000,7900,7950,9100,5000,9000,5100,6000,5000,5500,7500,7000,11000,9600,10000,5600,7500,5000,5000,5000,10000,7000,5000,6000,10000,10000,10549.5,5000,10000,5000,5000,4450,5300,5000,5650,5100,5000,5100,5100,5000,5000,5000,5000,6000,6400,5500,6000,7000,5100,8500,5000,5000,4100,4000,4000,5000,5055,5000,5000,6150,5500,5000,6000,6000,4250,5000,5000,5100,5449.5,5501,5000,5000,7000,5001,9100,5000,5000,4900,5000,3800,5000,5000,5000,6000,6500,10000,9000,7500,5000,5000,5050,5000
403131,"Sheepshead Bay","New York","Kings","NY","New York-Newark-Jersey City",54,20000,18045,9500,20000,10499.5,10000,10000,9249.5,10000,10000,10000,10000,10050,14000,10000,10000,10900,10000,10000,15000,10000,10000,8999,10000,10000,10000,10000,10000,10000,10000,10550,15000,9500,10000,12200,10000,10000,9000,5000,13950,10000,10000,13888,8000,8450,10000,10000,10000,7500,14000,7750,20000,10000,11000,10000,12250,10000,18000,10000,14250,6000,10000,12000,14000,10000,17500,10000,10000,10000,18000,13500,13000,14000,10000,10500,12000.5,12499,10000,14000,18000,14000,8000,15000,5112,17000,18000,10000,10000,4500,5000,6000,8419,15500,10000,10000,9999,15000
269592,"Logan Square","Chicago","Cook","IL","Chicago-Naperville-Elgin",63,10050,10000,10800,10000,10000,10000,12950,10000,10000,9900,10000,10000,10000,10000,10000,6000,10000,10000,10000,10000,10000,8000,10000,10000,10500,9000,16500,10000,5000,10000,10000,10000,9900,10000,10900,9950,8200,10000,12000,25000,15000,12300,12500,10000,10000,10000,10000,8050,10000,9100,10000,10000,10050,12500,9100,10000,9000.5,8250,10000,10000,10000,10000,10000,10000,7500,8450,10450,10000,8500,10000,12950,10000,10000,10000,9100,3800,8550,10000,6000,15450,10000,10000,9900,10000,10000,10000,10000,12000,8120,9500,19100,10000,9950,10000,10000,10000,10000
273757,"Forest Hills","New York","Queens","NY","New York-Newark-Jersey City",91,10000,10450,10500,14000,20000,16000,22999.5,20000,20000,19700,20000,19500,16250,11944,14000,11750,10000,10899,10000,10000,10000,10000,10000,10000,10000,10000,10000,10000,10000,10000,10000,10000,10000,10000,10000,10000,9500,10000,8056,10000,10000,10000,10000,10000,10000,10000,10000,12500,10000,12000,20000,9500,10000,10000,10000,16000,14000,10000,5000,10000,10000,11000,10444,10888,14000,10000,14000,10000,10000,14000,24901,11500,10000,12000,23000,16500,27000,14112,10000,10000,20000,20000,17556,18000,20000,18500,12750,17000,19000,14000,20000,10200,14000,10000,19000,15000,19000
48200,"Valencia","Santa Clarita","Los Angeles","CA","Los Angeles-Long Beach-Anaheim",94,10000,10000,10000,10000,10300,15000,12100,10000,10550,10900,10000,10000,10000,10000,10000,11900,19400,14000,10000,16000,10000,10050,10499.5,13050,10000,12999,20000,10000,19000,15001,10000,15500,6550,14000,10000,14000,10000,10000,9901,11500,5000.5,7375,8000,9000,9500,10000,9000,10000,10000,10000,6000,6000,7400,5450,5200,10000,10000,10000,10000,10000,5000,6000,10000,10000,10000,6351.5,6000,7000,9950,10000,9100,10000,10000,10100,10000,5387.5,10000,10050,10000,10000,10000,11000,8000,14000,9100,10000,8000,6800,9000,7700,10000,16001,10000,11005,10000,10000,10000
403169,"West Rogers Park","Chicago","Cook","IL","Chicago-Naperville-Elgin",97,8300,10000,10000,9500,10000,6000,10000,9500,10000,9900,7000,5250,5500,9075,10000,10000,8950,10000,9400,5000,7300,10000,10000,8100,10000,6001,5000,10000,5500,10000,10000,7000,5000,5000,5000,8000,9000,6095,5650,10000,9100,7500,7500,6000,10000,7500,6000,9770,7600,7000,5000,6000,5000,9500,6195,6000,5000,5900,5910,5000,5950,10000,8000,9000,7000,5000,9300,5000,5000,6000,9000,9902.5,5000,5050,5400,6100,9500,5000,5050,5000,5400,5000,6000,5000,5000,5000,4775,5000,5000,5200,5000,5000,5100,8000,6045,5100,5000
274117,"Jackson Heights","New York","Queens","NY","New York-Newark-Jersey City",104,11000,15000,10000,10000,20000,19951,20000,14000.5,15000,17000,30000,15200,15000,10556,12000,20000,20000,16000,10000,10000,10000,10000,10000,10000,10000,10606,10000,11000,14275,10444,10000,10000,10000,11500,10000,10000,9450.5,6000,10000,10000,10000,6950,10000,12500,8888,11000,3000,13365,8500,10500,8000,13000,5000,9450,10000,39000,46000,23500,10000,10000,10000,20000,78000,10000,14000,10000,38500,17500.5,28950,14500,16650,6000,10000,20000,19250,6000,20500,11000,25000,18000,17000,22000,5000,20000,12500,15000,12000,50000,18500,19900,20000,15000,10900,13000,15000,15000,18500
246678,"Princess Anne","Virginia Beach","Virginia Beach City","VA","Virginia Beach-Norfolk-Newport News",109,10000,21000,12450,20000,19950,11000,19900,10000,23550,15100,14050,7000,9625,7000,12325,13000,6000,20900,14900,6700,8500,10250,11350,12250,12950,9750.5,17500,5000,5100,10000,39000,8000,10000,10000,10450,5050,6000,5000,4950,5000,5750,5000,5000,9700,5000,9500,7850,5500,5000,5000,5000,3500,4950.5,5100,5050,3400,8000,7600,5000,3250,4500,5400,6000,14500,5750,5450,5000,7250,8500,7525,7991,4950,4800,4950,4450,2500,4900,7550,4900,15900,5000,9000,2750,5550,6500,5000,5000,6501,10100,5000,5000,4950,5000,5000,6050,4999,10000
273860,"Gramercy","New York","New York","NY","New York-Newark-Jersey City",130,30000,20000,34000,20000,26000,25000,20000,39000,24500,20500,20000,105000,49000,27500,28000,96000,16000,36000,20500,15000,12000,25000,16000,10000,50501,25000,22000,43000,9000,20000,42500,38000,34500,24500,40000,30000,35500,1e+05,52500,1e+05,25000,23750,24000,15000,20000,22500,24000,25000,15500,46000,35000,90000,20000,45529.5,30000,45000,1e+05,28000,65000,25250,32000,30000,35000,46000,30000,102000,52000,55000,55000,55000,77500,45500,50000,50000,55000,31000,50000,30000,49000,50000,50000,42000,86000,50000,44500,45000,47500,10000,46000,45000,30000,32000,30000,45000,40000,45000,46000
269566,"Albany Park","Chicago","Cook","IL","Chicago-Naperville-Elgin",140,10000,5900,10000,8100,9900,10000,10000,10000,10000,10000,9250,9000,10000,8500,10000,8300,5100,10000,9100,5000,9994,10000,10000,10000,10400,12500,5000,10000,9000,7700,8000,9300,6000,10000,7900,10000,6000,7100,5100,14500,10000,9600,8500,5550,5750,10000,6000,10000,8000,10000,10000,10000,10000,6500,10000,6500,9500,10000,5400,7006.5,8000,6000,8000,10050,6050,7000,10000,5050,10000,6000,7500,7000,5000,5100,4100,7950,7000,8500,5000,8960,5000,5100,7900,5000,9000,8550,5000,7000.5,7500,5000,5100,4000,5550,6000,5000,5106,5900
118920,"Westwood","Los Angeles","Los Angeles","CA","Los Angeles-Long Beach-Anaheim",145,24000,30000,21000,23500,28650,25000,35000,30000,31000,25000,35500,27000,30000,30000,36050,27550,20000,18088,30000,50000,29500,49500,30000,30000,28900,24500,16000,10100,25000,50000,42550,47500,35100,25000,20000,15000,21450,23900,40000,27000,46000,40000,42999.5,48000,34000,44500,50056,45000,39000,30000,49999,20000,62800,40000,26000,49000,40000,55000,26000,50000,25000,70000,78000,50000,31000,33750,46000,50000,48000,50000,39000,29000,14000,46000,53000,45000,34000,52500,70000,94000,57500,50000,36000,28000,51500,56500,31506,30000,51000,51000,50000,59000,41000,40000,50500,33549.5,50000
244707,"Kempsville","Virginia Beach","Virginia Beach City","VA","Virginia Beach-Norfolk-Newport News",147,7500,5050,5550,4000,7500,7050,10000,7000,5000,7000,7500,5000,7000,5001,5000,4950.5,4050,9999,8950,9400,5000,5000,5000,5000,4950,10000,9100,5100,6550,7500,4000,10000,5000,8000,5000,8850,5550,5000,9750,6250,10000,10000,10000,5001,8025,5000,5500,4950,3000,10000,7500,5250,8300,5000,6300,9950.5,9900,3500,6250,7550,4100,7000,6150,5000,5000,9100,5900,5000,5100,5050,4200,5000,5000,5000,5000,5000,5000,5000,3250,5000,5500,6000,5000,5099,5000,5687.5,2700,5000,2888.5,5000,5000,10000,5050,5000,4900,5000,3050
269589,"Lake View","Chicago","Cook","IL","Chicago-Naperville-Elgin",148,10000,10100,10000,10000,10000,10000,10000,10500,11000,10000,10900,10000,10950,10000,10000,12500,14900,10000,10000,10000,10000,10000,10000,10000,10000,10100,10000,10000,10000,10050,10000,10000,9950.5,11300,10000,10000,11750,10000,10000,13000,10000,10000,10000,10000,10000,10000,10000,10000,10000,10000,14000,9997.5,8600,10000,10000,10000,10000,10000,10000,10000,10000,10000,10000,7500,10000,10000,10000,10000,12000,10000,10000,10000,10000,10000,10000,10000,10000,10000,12450,10050,10000,10000,10000,10000,10000,10000,10000,5000,10000,6000,10000,10900,10000,14000,10000,10000,10000
269605,"Rogers Park","Chicago","Cook","IL","Chicago-Naperville-Elgin",154,10000,10000,10000,10000,10099.5,10000,10000,10000,10000,10000,10000,10000,10000,9500,7000,9000,10000,8000,7500,10000,10000,10000,10000,10000,10000,10000,5500,5000,9500,10000,7800,10000,10000,8250,6793,9000,10000,8950,7900,7600,10000,10000,10000,8000,8050.5,5500,8000,10000,10000,9100,10000,5100,10000,9000,10000,5700,6000,6500,7000,6000,6000,7388,5250,8100,7000,8549.5,6000,5900,5000,5900,9000,5000,6099,5100,5850,5000,5000,5000,5000,5100,4900,7500,5950.5,5100,5000,6000,5000,5550,8000,5500,5000,5005,5500,5550,5000,5949.5,5100
111617,"Casas Adobes","Tucson","Pima","AZ","Tucson",155,10550,6000,9950.5,13250,10000,10000,7560,10000,6300,8000,5500,3750,6000,11175,10700,6850,5050,5500,5850,6500,5900,4600,5499.5,10450,8000,10000,9800,5000,10000,8000,8000,9000,10000,10000,3450,7500,5000,3000,5000,5100,5000,5000,7625,5000,5900,3000,5000,7450,7200,9000,5500,5000,9000,5500,6400,5000,5050,4950,5950,3000,3950,9100,5395,4600,5750,7500,7000,4900,5000,5000,5000,5500,5800,6650,3500,4950,4250,10000,5000,5300,5350,5000,5000,5100,5000,4000,9000,5200,7450,5000,5000,6050,5000,6500,4900,6000,5000
271411,"Greater Uptown","Houston","Harris","TX","Houston-The Woodlands-Sugar Land",161,6000,6000,6072.5,8900,9100,6500,6000,6750,5100,6100,9500,6000,10000,7900,6450,9100,7500,5050,5000,5100,5100,5000,5000,5500,7115,5000,5000,5901,8050,10000,8000,5000,5900,3900,10500,5000,5100,8000,10000,4100,13000,10000,10000,12500,10100,10000,9900,9900,10000,11000,14900,12500,10000,10090,11900,11000,10000,10000,10000,7000,10000,10000,10000,10000,10000,11000,11000,10000,10000,10000,10000,10000,9957.5,10000,10000,10000,10000,8850,9050,10000,10000,8100,10000,9000,5100,9545,7250,7510,6000,10000,8600,9600,9000,10000,6600,7800,10000
274835,"Oak Lawn","Dallas","Dallas","TX","Dallas-Fort Worth-Arlington",168,10000,10000,9100,10000,10000,10000,10000,10000,10000,9000,7000,6500,8000,6000,5400,8050,9950,9250,10000,10000,7900,7900,8600,7300,9500,10000,8000,5000,6100,5000,5000,5950,5000,6000,5000,6000,5000,6000,7900,5000,8950,7455,7500,5000,5000,5500,5500,6500,5000,7400,9000,10000,6000,10000,8100,9000,10000,6000,10000,10050,10000,13500,14950,10000,20000,18000,15000,14000,14250,10000,10000,10000,10000,10000,9500,10000,10000,10000,10000,10900,15000,11000,10000,10000,9550,10000,10000,6000,9000,10000,10000,10000,10000,9900,8000,8875,6000
403528,"Woodlake - Briarmeadow","Houston","Harris","TX","Houston-The Woodlands-Sugar Land",177,4100,3100,3500,4900,5000,4050,5000,3000,4000,3900,5050,5000,4000,4000,5000,5000,3500,4000,4000,4526,3000,4000,4000,5000,4000,3500,5100,3000,3000,2500,4650.5,8050,3001,3500,4000,5000,4000,5000,2300,2750,7100,5000,2950,2250,10000,6000,3000,4250,4725,7000,9500,2500,2500,4000,4450,8000,5000,4300,5250,6500,3500.5,5000,8000,5000,5000,5000,5000,4495,2500,4300,4900,4300,2750,4300,3000,2550,4900,5000,5000,2550.5,3750,5000,4000,4974.5,3000,5000,3500,5000,5400,5000,3000,5000,6250,4500.5,5000,3000,5000
273496,"Downtown","Memphis","Shelby","TN","Memphis",179,10000,10000,6950,7550,15000,10000,7150,9050,10000,10000,10000,9250,10000,10000,5950,9600,9500,9500,10000,10000,10000,10000,6100,10000,6000,8800,10000,7000,5000,10000,5000,5100,5400,6750,6450,6000,5100,7900,9050,5000,5050,10000,6400,8400,6000,7500,5500,5000,4050,5000,4550,2300,5100,7299.5,5100,4500,8900,7000,7400,7300,6000,9550,10000,8949.5,14900,3500,4000,4000,5700,4000,11100,6000,12100,10000,5000,12000,9900,7050,8100,7500,10000,6000,10000,10000,10000,6400,5000,8600,5500,5000,4000,2550,1000,5000,6000,10000,7450
276254,"Chelsea","New York","New York","NY","New York-Newark-Jersey City",184,26000,30000,30000,20000,25500,36500,32500,20000,47000,34000,30000,20000,50000,50000,75000,50000,50000,77000,25000,77500,110000,80000,402500,42000,55000,22500,1e+05,78000,62500,104500,118000,1e+05,1e+05,20500,25000,26000,35000,27500,40000,75000,15000,26000,105000,32500,85000,25000,79500,45000,1e+05,145000,150000,140000,230000,2e+05,95005,123250,125000,150000,1e+05,1e+05,1e+05,155000,212500,1e+05,1e+05,1e+05,1e+05,120000,150000,1e+05,105000,1e+05,1e+05,57500,1e+05,72500,1e+05,1e+05,1e+05,1e+05,135000,1e+05,77950,85000,1e+05,1e+05,105000,1e+05,1e+05,1e+05,71875,73000,100500.5,1e+05,65000,125500,1e+05
195133,"Greenwich Village","New York","New York","NY","New York-Newark-Jersey City",193,50000,45000,42000,33000,22000,28000,24000,21000,33000,60000,26000,25000,26000,40000,30000,35000,42450,56000,46000,50000,40500,1e+05,150000,24000,87500,22500,1e+05,32500,2e+05,25500.5,25000,250000,50000,55000,50000,64500,1e+05,89000,30000,101000,150000,50000,63000,55000,250000,49999,40000,69250,150000,124500,147500,150000,150000,130000,55000,1e+05,101500,67500,60000,45000,1e+05,150500,105000,170000,220000,66000,225000,75000,1e+05,90000,147500,49995,85250,1e+05,55000,2e+05,1e+05,138500,150000,150000,187500,1e+05,30000,197500,120000,70000,110000,105000,1e+05,51000,45000,75000,75500,75000,77500,40000,1e+05
275127,"Rancho Bernardo","San Diego","San Diego","CA","San Diego-Carlsbad",204,12000,12000,10000,11500,10000,10000,10000,10000,10000,10000,10000,10000,10000,8700,10000,9944,11025,10000,10000,10000,10100,10000,14500,5000,10000,15400,18000,10000,11000,13500,14000,4000,10000,7650,10000,10000,10000,5450,10000,10000,9050,10000,10000,9100,9500,10000,8499.5,10000,9050,9600,10000,8500,10000,10000,11000,10100,9000,10000,10900,10000,10000,14000,11000,8450,14000,20000,7000,10000,14500,10050,10450,9950,8450,10000,12750,20000,10900,10000,10000,12500,10000,10000,10000,9000,6000,6000,13000,14995.5,10000,14500,10000,6000,10000,10000,10900,10000,10000
6719,"Rego Park","New York","Queens","NY","New York-Newark-Jersey City",212,19000,8500,20500,19000,24000,15888,19000,20000,19056,10000,23949.5,16000,17500,20000,16000,16000,13000,18250,10000,9001,10000,10000,10050,10100,10000,10000,10000,10000,6888,7000,10000,10000,10000,10000,10000,11550,10999,7000,10000,8050,6000,9112,10000,7000,11000,10000,10000,10500,9944,7495,10750,10000,15250,70000,10000,11000,12000,10000,15500,9500,22000,14944,20000,10000,10000,19000,19000,9500,11000,10000,10000,15000,17500,9500,20000,8056,11000,20000,11000,10000,14000.5,10500,7550,10000,21944,11500,10000,20000,12000,10000,10000,9000,10088,14000,12500,14000,20000
268938,"Coral Way","Miami","Miami-Dade","FL","Miami-Fort Lauderdale-West Palm Beach",215,10950,10000,10550,10000,10000,15000,17500,10000,8000,15000,15500,5000,35300,10000,9000,33250,17000,10000,40000,30000,14900,15000,10000,6000,9300,10000,10000,10000,10000,5750,12500,20000,5400,11000,17000,15000,13000,10000,15000,15000,10429,5900,10000,10000,5900,7000,9500,10550,7000,10000,10000,7750,10000,10000,6400,10000,15000,15000,12750,10000,7300,10000,10000,15000,10000,15000,9803,7000,11000,10000,10000,11500,10000,5000,10000,11000,10500,10000,10649,6250,9750,10000,7950,13450,5500,15000,10000,8450,11050,5000,10049.5,10000,10000,10000,10000,10000,8050
269607,"South Loop","Chicago","Cook","IL","Chicago-Naperville-Elgin",226,11000,10000,10000,10250,15000,12300,10000,14000,12049.5,13500,13250,10000,10000,11000,14950,10000,10000,10000,10950,10000,14000,12450,15000,10000,10500,10000,10000,10000,13500,14500,10000,12500,14450,22900,16500,10001,15050,10000,11500,11925,10000,15000,10000,10000,10000,10000,10950,10000,10000,10000,10200,11000,10000,14000,10950,10000,10000,10000,10000,10000,10000,10000,10000,10950,10000,10000,8300,10000,10000,10000,10000,10000,10100,10000,10000,10000,5350,10000,14000,10550,10099,10000,10000,10000,10000,10000,7000,5749.5,10000,10000,10000,10000,10000,10000,10000,10000,10000
269585,"Humboldt Park","Chicago","Cook","IL","Chicago-Naperville-Elgin",227,19100,18500,10000,16500,10000,9000,8600,11055,10000,10000,17000,11000,10000,14500,12550,14950,13750,12500,14000,15000,12500,10000,10000,7502,10000,10000,15500,17700,15550,10000,10000,15010,10000,10100,10000,10000,10000,10450,9100,10000,10500,10000,11175,10000,10000,10500,12950,10000,10000,10000,10050,10100,10000,5500,9500,10000,9955,10000,5700,9050,8049.5,10000,9000,9500,10000,7050,300,7000,10000,10000,7000,10000,9250.5,10000,8750,10000,10000,10000,10450,10000,14000,8500,10000,10000,10000,10000,10450,10000,10000,4500,9950,10000,20000,14000,8000,10000,10000
269578,"Edgewater","Chicago","Cook","IL","Chicago-Naperville-Elgin",231,10000,10000,10000,12000,10900,10000,10000,10000,10000,10000,7900,10000,10000,10000,10000,9550,10000,10000,10000,10000,10000,9100,10000,10000,9000,9000,10000,5000,9040.5,10000,10000,5000,5000,10000,10000,6500,9000,9000,7400,5600,8000,5100,5500,8500,7000,7950,9150.5,6000,10000,10000,10000,10000,10000,10000,10000,10000,8000,10000,5950,6000,9125,7600,9100,10000,5750,6000,10000,8900,10000,7600,8700,9600,6995.5,7800,5100,9925,5000,7000,6000,7500,5500,6450,6500,9000,5400,6000,5000,5000,5000,6000,10000,5100,9900,6000,6500,5997.5,6000
241514,"Bayside","Virginia Beach","Virginia Beach City","VA","Virginia Beach-Norfolk-Newport News",237,8450.5,9900,7600,3550,6000,7900,7000,5450,10000,10000,10000,5000,6700,6400,6050,9750,9000,5900,10000,8000,9450,8000,6900,7500,7000,6600,8750,9900,9000,5600,5700,5900,5000,6700,10000,5000,8000,6500,5100,10000,10000,8000,4950,5000,6500,5000,5999,7000,6550,7000,4950,10000,5600,5000,5500,5000,7100,8250,5100,6000,5000,6000,5000,9500,9000,5000,2800,5000,5000,5000,7000,5000,5900,4900,5400,4950,4500,4950,4000,6050,5000,5000,5050,5050,5000,4500,5700,5000,4000,6000,5000,4500,4250,5000,5000,5000,5000
403295,"Lake View East","Chicago","Cook","IL","Chicago-Naperville-Elgin",238,11500,10000,9900,10100,10000,10000,10000,10000,10000,10900,10000,10000,10000,10545,10000,15000,10000,10450,12050,15000,15000,10000,10000,10000,10000,10000,10450,7000,10000,14900,10000,13000,10950,10000,10000,10999,10000,10000,10000,10500,10000,10000,10000,10000,10000,10000,10000,10000,10000,9900,9000,7250,10000,10000,10000,10000,9100,10000,10000,7550,10000,10000,10000,10000,7950,10000,9950,10000,8700,10000,6950,10000,10000,10000,10000,5999.5,8750,10000,10000,10500,10000,10000,16800,10000,10000,10000,9550,5050,10000,10950,10000,10000,10000,10000,10000,10000,10000
269608,"South Shore","Chicago","Cook","IL","Chicago-Naperville-Elgin",245,5000,8050,7000,5000,5000,10000,5000,4900,5000,5000,4997.5,3000,5450,5000,5000,10000,6000,5000,4900,10000,5500,5000,7500,5900,5000,5000,5000,5000,2200,4500,5000,5000,4000,2800,4500,5000,3000,3650,3000,5000,3500,5000,9800,2550,2600,5000,5000,4900,3650,5950.5,3000,3000,2000,3500,2000,5000,2550,3000,4100,5000,3000,2750,5000,7500,5000,10000,5000,5000,5600,5500,5450,5500,5000,6750,4500,5050,5000,5000,4999.5,4900,5500,3000,5000,4000,2000,3250,1950,5000,2999.5,4025,5000,3750,5850,1750,5000,5000,2800
155633,"South Boston","Boston","Suffolk","MA","Boston-Cambridge-Newton",251,15000,10000,10000,10000,10000,10000,9100,10000,10000,10000,10000,10000,10000,10000,10000,10000,10000,10000,10000,10000,10000,10000,10000,15000,14100,10000,10000,10000,12000,10000,20000,12000,12000,10000,10000,7550,20000,10000,20000,12500,12000,15000,20000,15000,14000,18000,11250,17500,11000,14358.5,23000,14000,20000,28000,18000,20000,10000,20000,14000,20000,20100,20000,10499.5,10000,20000,35000,25050,30000,25000,30000,26000,27050,30000,24999,20000,20000,20000,10000,30000,26000,25000,20900,30500.5,19550,30000,30000,30000,25000,26000,51000,25000,28000,30000,30000,30000,29100,30000
46087,"La Jolla","San Diego","San Diego","CA","San Diego-Carlsbad",272,26000,19000,24900,17550,24100,18000,22500,20100,24000,20000,19952.5,25000,16000,19100,16000,24000,25000,22500,25000,20000,20500,25000,29525,30000,38750,32000,15000,20000,17000,21000,24000,16600,29450,25000,20000,24550,20000,16000,16000,23100,12450,20000,25100,20000,21000,20000,20500,25000,16000,20000,24000,10000,16000,30000,30876,40000,30899,15100,27000,20000,50000,25500,27000,25000,30000,20450,25500,23000,26000,39944.5,21500,24000,16000,21000,30000,19500.5,50000,50000,50000,50000,25000,28500,28000,49000,20000,18000,26000,20000,46000,24500,28250,26000,28000,20000,20000,15250,24000
121697,"Columbia Heights","Washington","District of Columbia","DC","Washington-Arlington-Alexandria",298,12000,19000,15400,13000,14000,15250,14950,10000,10000,10500,10000,14960.5,10000,14300,15000,20000,10100,10000,20000,17500,14100,9800,10000,14400,17500,10000,14050,24900,28950,12500,26000,24001,20000,15500,16020.5,9750,5550,10000,18000,10000,25000,12500,15000,14100,12250,5000,10000,10000,10000,15000,14050,20000,14900,12500,15050,25050,20000,20499.5,19503,22000,16000,10300,11000,200,15000,10900,22450,20000,10834,10499.5,10050,15000,15500,20000,9750,10000,15000,15000,12500,24000,10001,20000,15500,17550,20000,15100,14999,10000,25900,22500,14900,14050,15900,21000,14900,12500,12550
117156,"Pacific Beach","San Diego","San Diego","CA","San Diego-Carlsbad",322,15000,10000,10000,11333.5,13200,15000,16000,14000,14000,10750,12000,10000,10000,10000,16000,16000,5000,13750,17500,13500,10000,24000,20000,10000,16938,19500,5038,4000,17500.5,3500,22000,21000,21300,20000,12600,17050,10000,10000,10000,8750,20000,10000,10200,9950,10000,20000,10000,10000,15000,12600,9000,9000,16875,25000,20000,15777,17500,20000,17000,19500,19000,20000,19900,25900,19550,14000,14750,22475,17500,15000,20900,20000,15000,24995,25000,11000,19550,34000,10050,15000,23050,20000,19100,15450,10000,15550,16000,7500.5,26000,20000,6000,5000,11000,10000,10000,10000,10000
403557,"Neartown - Montrose","Houston","Harris","TX","Houston-The Woodlands-Sugar Land",324,7000,10000,10000,7000,9144,7900,9900,10000,9000,6300,9950,11750,10500,10000,19100,5000,5250,9500,6450,6000,10000,5000,9010,6000,4900,5950,5000,5000,5750,10000,9228,7400,5000,12550,10250,3500.5,4999,5800,5000,8800,13000,13400,7000,7200,10000,10000,16000,14100,77000.5,10700,17450,24000,14700,10000,8000,18000,11000.5,5550,10000,10000,10000,10000,10000,6000.5,5500,10000,6500,9100,5000,5500,11000,8500,6000,5950,5450,13525,8500,6500,10000,5000,10000,6050,7900,6999,10000,7050,5050,10000,5000,5050,9050,9950,5090,5000,10000,9900,8550
403145,"Bronzeville","Chicago","Cook","IL","Chicago-Naperville-Elgin",333,10000,15050,11000,10100,10000,10200,11325,20000,10000,9250,15000,12000,10000,17000,7200.5,10950,8000,10000,10000,10000,15000,10000,6000,4749.5,17500,12550,5500,6450,10000,10000,8000,10000,7500,5000,8500,7000,5000,10000,5000,5200,5000,7000,5000,7550,5000,8000,5900,9000,8000,6038,5000,10000,10000,10000,10000,9550,10000,9050,10000,10000,10000,8050,6400,9300.5,11600,8000,10000,10100,9100,6900,6350,12500,10000,9100,8499.5,9000,9901,9055,9000.5,6000,8300,9500,10000,10000,5950,8100,5150,6489.5,5000,10000,9900,6500,5000,5000,5000,7000,5475
270835,"Financial District","New York","New York","NY","New York-Newark-Jersey City",341,74000,35000,49000,71500,26000,228000.5,35500,47500,52000,25000,35000,62500,75000,150000,26000,75000,60000,65500,50000,25500,47999.5,30000,30000,57500,55000,26000,20000,87000,51000,61999,60000,80000,40000,97500,80000,80000,50500,38000,150000,10000,85000,50500,15000,29100,39000.5,25000,29500,35000,30000,80000,24000,29502.5,61000,57500,22500,29000,37500,22000,26750,32000,28000,40000,25500,37500,47500,29400,55000,26000,50000,50000,30000,51000,45000,40500,47000,35000,40000,30000,51000,59100,50000,65000,42500,30000,50000,50000,48000,20500,55000,30000,30000,50000,45500,50000,45000,38000,37000
33597,"Ravenswood","Chicago","Cook","IL","Chicago-Naperville-Elgin",347,10000,10000,10000,10000,10000,8000,5887,9200,10000,10000,10000,10000,10000,10000,10000,15000,12700,10900,10000,10000,24550,12000,10000,10000,5100,7400,8550,8500,5550,15000,9950,10000,10000,9100,8050,8000,7500,10000,5100,26000,10000,10000,9900,5750,10000,9600,9950,10000,10000,10000,9000,30100,10000,10000,5700,8000,5900,10000,9500,9600,8000,8500,6000,14900,10000,16900,10000,7550,10000,5900,9000,5100,7750,10000,10000,10000,1900,5000,10000,5100,7075,7250,10000,10000,10000,7000,7950,7500,4000,24100,10000,10000,9901,9900,9000,5450,5700
267847,"Northeast","Anchorage","Anchorage","AK","Anchorage",357,5000,5000,4000,5000,4000,4450,5388.5,9000,4000,5000,3500,5000,4900,5500,6000,10000,5000,3000,5000,7500,5000,3550,5050,5000,5000,3000,5700,1200,3100,2750,3000,5000,3900,4000,4450,5000,3900,4250,1750,5000,5000,5000,2500,3500,6250,4750,5000,5000,5500.5,5000,4100,4638.5,2000,2400,5922,5500,5000,4950,4750,5000,4000,4250,3000,9500,9900,4300,4500,4400,5000.5,5000,5000,5000,4000,5250,6000,5000,6000,9100,5000,5000,5000,3000,3000,4400,5000,5000,4950,2300,4900,2000,4000,3000,4900,4900,5000,4750,4450
403206,"Flatiron District","New York","New York","NY","New York-Newark-Jersey City",388,50000,70000,51000,20000,26000,50000,70000,55000,50000,52000,40000,45500,50000,85000,177500,1e+05,22550,95000,125000,145000,105000,255000,20000,25000,67500,96000,47000,50000,75000,67500,75000,150000,110000,75000,87500,75000,45000,60000,50000,95500,3e+05,1e+05,50000,87500,175000,75000,1e+05,50000,140000,57000,50000,45000,30000,40000,51000,222500,1e+05,50000,1e+05,90000,110000,1e+05,215000,222500,100500,87500,150000,125000,102495,115000,1e+05,150000,150000,145000,150000,88000.5,180000,225000,1e+05,1e+05,105000,1e+05,1e+05,96000,1e+05,1e+05,1e+05,60000,1e+05,145000,145000,157500,101500,1e+05,1e+05,72500,1e+05
192895,"Winchester","Las Vegas","Clark","NV","Las Vegas-Henderson-Paradise",420,15000,8000,6450,10000,5500,6000,4000.5,5000,5800,13200,5550,23175,20000,17500,10000,8450,10000,5000,6000,2700,10000,3500,8000,8100,10000,5000.5,4250,8000,4901,10000,5000,4000,4299.5,7500,7550,5090,5000,8187,6600,10000,5000,10000,7550,5000,10000,10000,9050,4000,5000,7000,5000,2000,3250,4000,9000,8000,6000,10500,8600,10000,10000,4600,11000,10000,10000,5000,16000,9000,8550,10000,10500,10000,3500,4500,5000,9050,10000,17300,15000,2900,18000,10000,19525,5000,15000,8500,8000,4700,10000,5000,5500,7450,9000,13000,5000,5000,12500
269615,"West Town","Chicago","Cook","IL","Chicago-Naperville-Elgin",422,14050,10000,10000,12500,19600,16000,11825,10000,14100,13000,14500,10000,10800,14550,12950,11500,14010,10500,15000,10000,10000,10000,12000,18600,10000,12000,5000,2000,5250,10050,10000,15000,10000,10000,10050,9000,10000,14900,10000,17000,14600,10000,10450,14100,10000,10900,10000,10000,10000,14550,10450,10000,10000,15000,9050,10000,10000,6994,10000,10000,14550,10000,10000,10000,10000,14950,10000,10000,10000,13000,8750,9300,10000,10000,10000,10000,13000,10000,11500,14000,15000,10000,10000,10100,10000,10000,9550,10000,9000.5,10000,15100,15000,15000,11000,10100,10000,10100
55477,"Brickell","Miami","Miami-Dade","FL","Miami-Fort Lauderdale-West Palm Beach",424,20000,19000,21000,20000,16000,17050,15000,16000,20000,20000,20000,20000,19250.5,18000,17950,15650,20000,20000,19000,22000,15000,20000,20900,21000,20000,19000,10500,24000,22600,20050,20000,15000,15000,14950,20000,15000,15100,20000,20000,14950,16000,19000.5,20000,15000,15000,15100,14000,13000,20000,15000,19050,15600,19990,19000,19000,16000,15000,16000,16000,16000,16000,15000,20000,20000,20000,20000,20000,16000,15000,16000,15000,15005,15000,20000,16000,20000,19943.5,19000,20000,18250,20000,19000,15000,15000,15000,20000,20000,20000,23000,20000,20000,20000,15000,20000,19900,15000,20000
274676,"Kew Gardens","New York","Queens","NY","New York-Newark-Jersey City",436,13000,10000,12001,20000,10000,25750,31755,9500,23950,10000,15100,13000,16500,17450.5,14000,13112,10000,10050,10000,10000,10000,10000,10000,7000,10000,9001,6000,10000,8550,6000,10000,7500,9000,5500,9500,15000,4500,10000,5000,7500,4750,10000,8000,10500,10000,10000,10000,10000,7000,8200,10000,10000,7500,10500,17190,14000,15000,10111,10000,10000,8944.5,7000,12000,11444,7000,10000,5000,10000,28600,20000,20000,9750,17500,33000,16000,5999.5,3500,10556,12500,15000,20500,20000,15000,10000,14500,11000,9500,12500,9000.5,25000,10000,10000,19000,16944.5,21000,10000,10000
623416,"Flamingo Lummus","Miami Beach","Miami-Dade","FL","Miami-Fort Lauderdale-West Palm Beach",449,10100,10000,12000,14600,10000,14100,10050,15000,11200,19000,15000,14100,15000,18000,16000,11000,19501,13000,15000,10100,10000,14000,15000,11000,14000,14000,10000,15000,10000,10000,13500,12250,12450,10300,16000,13000,15000,10000,13000,15000,14000,10999.5,11200,14000,10000,10000,10000,10900,14000,10000,10000,10900,12000,12000,11000,17750,10000,14200,12600,10000,10000,10500,10000,10000,10900,14500,15000,10000,10000,10000,10000,10000,10000,10000,10900,10000,10950,10000,10000,10000,10000,10000,10000,10000,10000,10950,10000,10000,10047.5,10000,10000,10000,10000,10000,10000,10000,10000
272836,"Back Bay","Boston","Suffolk","MA","Boston-Cambridge-Newton",451,32000,37000,16000,20000,38250,33000,20000,15000,20000,25000,20000,10000,25000,20000,20500,15500,25000,10000,30000,17500,20000,19000,11000,22500,68000,50000,50500,25000,1e+05,25500,23950,25005,26000,26500,74000,50000,50000,50000,75000,33000,25000,24500,205000,30000,50250,40000,24000,20000,25000,50000,57000,26000,16000,192500,37750,1e+05,31000,50500,25000,34500,39000,53000,80000,116000,1e+05,50500,50000,62500,50000,50001,85000,62550,120000,1e+05,75497.5,90000,150000,65500,76000,49500,80000.5,1e+05,53000,30000,64500,44900,48000,26000,97000,160000,77000,74000,77500,76000,50900,50500,50500
764288,"Rancho La Costa","Carlsbad","San Diego","CA","San Diego-Carlsbad",465,17100,10050,22000,11700,15000,16000,16000,11000,11000,11000,16000,11000,10000,18000,10050,14100,10000,10000,12500,10000,11250,16550,15000,12500,10000,5500,13000,10500,13900,12900,10000,10000,8000,10000,17550,10000,10000,14999.5,10000,14500,15000,10250,18112,14000,10000,10000,10000,10000,10000,10000,22000,23100,15000,14500,10000,10000,15500.5,12000,10000,7000,9500,10000,9900,4850,10000,14150,14500,13000,17500,10000,9550,6000,10050,28499.5,14000,11050,5000,20000,20000,16000,10000,12000,10000,14000,10000,10000,17000,20000,10000,16950,9600,5050,10000,9800,5500,17950.5,10000
753808,"Rittenhouse","Philadelphia","Philadelphia","PA","Philadelphia-Camden-Wilmington",470,15000,16500,15450,24000,25000,12500,14900,14000,15450,39500,18000,15000,22000,23450,25550,20000,30900,26000,14750,37750,15500,15000,10000,11000,10000,14250,20000,17000,11000,10999,15100,13000,12500,20000,14000,25000,20000,20450,25000,19500,10000,30450,22500,17500,10000,10000,14950,10401,10000,15000,12500,12500,18000,10000,11000,10000,20000,15000,15550,15000,17500,26000,19500,27500,17900,16550,10000,15000,16950,15000,15500,16000,14900,17451,20000,12500,15050,12950,15000,15500,15100,14900,10000,10000,15000,20000,12500,12000,10999,24000,10550,13700,20050,20000,14955,10000,12900
269609,"Uptown","Chicago","Cook","IL","Chicago-Naperville-Elgin",475,10000,10000,10000,7050,10000,9100,10000,10000,10000,10000,10000,10000,8000,9900,9000,5400,10000,10000,8937.5,10000,10000,9825,10000,9100,10000,10000,14050,6100,5000,6500,9000,7000,10000,10000,9050,10000,9050,10000,7000,10000,9100,10000,7380.5,9500,7450,9100,9950,10000,8450,8100,9900,10000,9500.5,10000,9100,7000,10000,9100,10000,6300,9950,7500,9100,5000,5000,5100,6700,9000,8550,5500,7050,6000,6500,6000,5900,10000,9550,5749.5,6000,5550,9500,7250,8299.5,5500,7000,6000,5050,8000,6000,8400,5100,9100,7000,5100,7100,10000,7369
269597,"Near North","Chicago","Cook","IL","Chicago-Naperville-Elgin",480,12500,13500,25000,15000,11550,15000,10000,10000,10100,10000,15000,11000,14500,13450,10100,15500,14000,15100,10500,14500,13250,19250,24000,18500,15000,13000,27350,13000,10000,10000,14800,14900,10250,10000,17850,24500,10000,12300,12000,10000,16000,14000,10950,10000,10000,10000,11000,10000,10050,10000,10000,15000,15000,11000,10000,10990,10050,10000,10500,14500,10000,10900,15000,13000,13875,10000,14900,15000,10000,10000,12650,10000,10000,14724,10000,10000,10000,19900,20000,14950,11000,15000,15100,15000,14900,15000,9550,10100,14400,13800,10000,10024,14900,10100,10000,10000,10000
270946,"Sutton Place","New York","New York","NY","New York-Newark-Jersey City",490,26000,26000,32500,50000,50000,46000,52000,28000,50000,49500,145000,24000,45000,1e+05,27500,51000,27500,55000,25500,30000,50000,34000,29999,66000,1e+05,55000,39000,37000,50000,50000,52000,30500,25000,30000,40250,28750,1e+05,30000,50000,59500,60500,46000,48500,47500,46000,70000,70000,50500,50000,86999.5,57500,212500,50250,21000,97500,75000,90000,52500,50000,77500,75000,72500,54000,50000,101000,145000,73000,66000,1e+05,75000,30450,67500,1e+05,80500,1e+05,1e+05,96000,115000,85000,87000,75000,80000,73000,52800,51900,1e+05,72500,1e+05,86000,70000,54000,55000,66000,85500,54000,40000,78000
269600,"North Center","Chicago","Cook","IL","Chicago-Naperville-Elgin",518,14900,9000,12250,10000,14900,5100,15000,10000,5750,9600,10000,10100,9000,10100,14900,10000,9500,10000,7500,10000,10000,10000,16050,10000,10000,10000.5,10100,10000,5000,7050,7980,9100,10000,9900.5,10000,10000,10000,10000,17900,17250,10000,15500,10000,14500,10500,10000,10000,10000,10000,10000,7550,15300.5,10000,6400,10000,9900,10000,8000,9000,5000,10000,10000,12750,12050,14500,4550,10000,10900,5500,9550,9750,9900,9075,9000,5650,7500,5500,10000,10000,10000,10000,9100,11000,10247.5,10000,10000,10000,5000,15000,15000,10000,14900,15000,10000,10000,8550,10000
403299,"Streeterville","Chicago","Cook","IL","Chicago-Naperville-Elgin",525,20000,20000,20000,21500,24000,19900,12750,20000,20050,20000,24000,16000,20000,26000,20000,24000,25000,20000,20250,20000,22600,30000,27500,17000,17400,20000,24500,20000,20000,24000,20000,24000,25250.5,26000,20450,23800,15550,20000,20000,24900,15000,15500,11000,10900,15000,10000,10000,10200,10000,14000,15000,10000,16000,20000,10900,16000,15000,14100,11850,12028.5,20000,15000.5,15000,14900,10000,19549.5,15000,15000,17450,15050,14950,15000,15000,10000,18000,14100,10900,20000,15000,11000,20000,19000,14900,20000,15000,11000,10000,10000,19500.5,17950,16000,10000,13000,15000,12000,11700,15100
276353,"Greenbrier West","Chesapeake","Chesapeake City","VA","Virginia Beach-Norfolk-Newport News",532,10000,7500,7032.5,9500,12500,5000,9900,7625,5000,7750,5050,5550,10900,10000,9550,9900,11900,10000,10000,10000,9600,5050,5000,8500,6650,5000,5000,4500,4001,5000,5000,5000,3750,5049.5,4500,8900,3000,5900,5000,6700,6000,2500,3000,9000,5100,4550,5000,4900,5000,5000,2000,1500,5000,5000,4950,4040,5000,9100,5000,5000,3100,4750,3749.5,5000,5000,5000,5000,4950,4000,5000,5000,5000,5000,5350,4938,5000,4000,5000,4300,5550,5000,2900,5000,3050,5000,3975,2750,5100,5000,4550,5000,4550,3000,4550,5050,5000,4950
273494,"Downtown","Stamford","Fairfield","CT","Bridgeport-Stamford-Norwalk",540,13800,10000,16500,6000,10000,10000,10700,9550,10000,10000,10250,13825,10000,12250,9500,15000,10000,11000,10000,12500,5020,10500,15700,17575,10000,10000,10000,10000,10000,12500,13800,10900,10000,10000,2950,10450,10000,10000,10000,6500,11000,22500,10000,14000,10000,10000,11000,11000,10000,6000,9550,10000,10300,7000,10250,13000,10000,10000,10000,10750,10000,10000,10749.5,10000,16450,10000,11900,9000.5,20000,10000,10000,10000,10000,8800,7100,7500,10000,8000,10000,10000,10000,11000,10000,8250,9000,10000,12500,20000,10550,15000,10000,20000,14500,10000,10000,9112,7400
133535,"Waikiki","Honolulu","Honolulu","HI","Urban Honolulu",542,11000,12000,10000,9000,10997,10000,10100,10000,10500,10000,10000,15000,11050,10000,10000,7500.5,10000,10000,16250,14000,10000,14000,11450,10000,10000,11388,14500,10000,10000,20000,15000,12000,10000,15000,14900,12000,20000,10000,15000,15000,10000,12000,10000,14000,10000,14550,15000,10000,10250,10000,15000,10112,11000,18500,10000,11000,14000,15000,11000,14000,15500,13500,14000,10000,13000,16000,10250,15000,15000,10000,13000,13000,11000,14000,16000,18000,14000,15000,15000,10000,10000,15000,10000,10000,13000,14000,14000,10150,15000,14000,12500,10000,10499.5,15000,12000,15000,16250
137603,"Bucktown","Chicago","Cook","IL","Chicago-Naperville-Elgin",546,15000,11000,10000,10870,15850,15000,15000,12000,10049.5,10500,12450,16000,11000,14100,10000,12750,10000,10000,15050,14250,12500,10000,10000,11000,10000,10000,15000,15000,14955,10000,15400,14000,10000,14100,10000,10000,10000,10000,10999.5,15500,9000,10000,10750,12500,10100,10000,10650,15000,10900,13000,10000,10000,10100,8995,11250,14500,10000,10000,10000,17000,10000,15000,10000,15000,8000,14000,14000,10000,10000,20000,10400,10000,14050,10000,10000,10000,15000,17000,9050,12550,10100,16000,10050,10000,15100,10950,10000,10088,5556,18000,10000,15000,10500,10000,11050,14500,12250
269586,"Hyde Park","Chicago","Cook","IL","Chicago-Naperville-Elgin",549,10000,11900,8000,10000,8750,10000,5550,10000,8500,10000,10000,10000,15000,8800,6000,7000,15000,5000,6100,10000,6500,5700,8250,10000,10000,5341.5,14900,5000,10000,10000,5000,9000,10000,10000,9450,10000,5000,10000,14700,7600,10000,5450,7250,6200,8000,5100,5950,10000,5000,10000,10500,10000,10000,12300,5000,10000,9949.5,10000,7000,10000,4100,9950,5000,9964,7500,4100,11900,10000,14000,9950.5,5000,5100,5000,10000,7500,3000,8404.5,5000,5050,4950,11750,10000,10000,10000,17000,9800,10000,8500,10000,5000,5000,5100,8750,5000,5050,7000,6499.5
267922,"Downtown","Indianapolis","Marion","IN","Indianapolis-Carmel-Anderson",575,14900,9900,7400,7000,10000,7500,9600,10000,5672,5400,7550,10200,13750,5100,7500,15450,10000,20000,9600,13950,20000,10000,6700,17500,10000,14900,5550,7500,5123,5000,7050,10000,9900,5000,6000,9950,7901,7902.5,15050,7500,5000,5000,6000,4000,9200,15000,10000,9750,10000,10000,15200,15000,9100,5000,5000,9950,17400,10000,10000,10000,11000,10100,14900,8000,8950,10995,20000,12500,14950,14901,9950,10050,9950,10100,10000,6500,22950,15000,10000,12450.5,10000,20000,10050,10000,10000,7500,5000,7500,15000,10000,5000,11000,6500,10000,5300,10000,10000
270953,"Turtle Bay","New York","New York","NY","New York-Newark-Jersey City",579,60100,49950,35000,63000,20000,67000,125000,99000,39000,36000,30900,30000,65000,50000,62500,52000,49500,77500,50000,38500,95000,50000,25000,28000,50000,30000,17560,227500,83000,40000,28000,45500,32500,122500,30000,50000,35000,50000,40000,35000,20500,26000,24000,30500,87550,50000,70000,30000,85000,68000,30000,2e+05,72999.5,105500,1e+05,50000,1e+05,76000,75500,60000,47500,1e+05,55000,2e+05,70000,85000,77850,96000,49500,48000,45000,40000,80500,47000,67500,125000,42150,50000,96000,52250.5,95000,53250,50000,55000,53000,30000,42944,62000,47500,50000,25000,45750,30000,38000,47000,30000,1e+05
269381,"Midtown","Atlanta","Fulton","GA","Atlanta-Sandy Springs-Roswell",580,10000,10000,10000,10000,13000,10000,9100,10000,9000,10000,10000,8500,10000,10000,10000,7000,10100,10000,6999,4950,7450,10250,10000,10000,5000,7500,10000,10000,6535,15450,10000,11500,10000,5500,10000,10000,9900,9450,10000,7550,10000,9900,10000,7900,10000,5000,9000,5100,5050,6000,6700,9100,7000,7500,15500,10000,10000,7500,8000,6000,9000,10000,6000,5000,9850,6195,10000,10000,10000,6500,6000,7000,5125,5900,10000,9550,10000,10000,7000,10100,10000,8000,9100,6900,8000,5100,7901,5450,10000,10000,10000,10000,10000,9300,9000,5100,10000
276165,"Wynwood - Edgewater","Miami","Miami-Dade","FL","Miami-Fort Lauderdale-West Palm Beach",592,14500,10000,20000,15000,10000,10000,27050,10000,10500,15000,23900,40000,22500,18900,15000,13400,17750,20000,18650,16000,20000,10000,10900,29000,11000,15000,14050,54097,10000,20000,16000,16000,15000,14000,10000,16000,15000,21000,20000,19275,14995,14000,13000,11950,14000,13500,15000,10000,10000,10100,11250,13400,10050,15100,11000,10250,10000.5,10550,14995,14000,15000,20000,20000,16000,20100,24100,20000,13250,16000,14000,15000,20000,15000,10000,17500,15000,16000,15000,11000,15000,18000,13500,14950,12500,13950,18000,16000,14000,16000,14550,15000,10900,15000,14000,15000,20000,15500
121668,"Adams Morgan","Washington","District of Columbia","DC","Washington-Arlington-Alexandria",604,20000,14000,15000,20000,25000,14000,10000,12000,12949.5,10000,14100,11700,12950.5,20000,14700,10250,17550,10000,20000,20000,12500,10500,14950,14600,10000,15000,16000,17500,15000,22450.5,20500,12500,25000,10000,10400,10000,10000,14100,16750,17000,6000,12000,12000,14000,14950,10000,10000,10000,11000,15000,20000,10000,10900,18500,25000,16000,11500,20000,10000,15500,10825,17000,15400,15000,10050,12500,14910,14500,12250,20000,15000,15000,14000,13000,15000,15000,17900.5,10000,10000,20000,14000,10000,15000,15000,20000,16500,15100,12050,12000,20000,17500,10000,15000,17050,14000,14000,15125
269087,"Metro West","Orlando","Orange","FL","Orlando-Kissimmee-Sanford",622,5050,5000,9950,5100,6100,5000,6006,4500,4100,5400,18925,2400,4000,5000,5000,5000,3750,5000,5100,10000,5000,5270,5000,10000,8100,4000,3950,5000,8000,5050,4550,10000,5000,5250,5050,5717.5,5050,4999,5250,5000,5045,5000,5000,5000,6150,5000,5000,5000,5500,9200,5400,5750,5000,5000,5000,5000,5000,4700,5000,4000,5000,5000,5000,5000,5102.5,5000,5547.5,5000,5000,4000,4250,4001,5000,5000,5000,5000,4000,5000,4050,5000,4500,4000,3600,5000,3000,3600,5000,5049.5,4100,5000,5000,5000,6000,6000,5050,5000,5150
247231,"Seatack","Virginia Beach","Virginia Beach City","VA","Virginia Beach-Norfolk-Newport News",637,9100,10000,4100,20000,8000,20000,10500,10000,10000,10450,8600,6950,6000,10000,10000,15500,9400,6000,16500,6250,10000,12600,9001,7900,9500,10000,9500,5000,15050,7000,7500,5400,4500,4250,5100,10000,10400,5000,5650,6884,15000,10508,8500,8500,7000,9250,7600,10000,10000,8000,8700,12500,15000,15000,10000,10000,7500,5000,8500,10000,7300,10200,5000,4400,10000,7450.5,7000,14900,10000,9500,10000,10000,6100,7000,4772,3950,6300,5000,5500,5000,3100,5050,8000,7300,10000,5000,10000,5000,1000,5000,5500,5500,5000,6900,5900,6600,4500
272733,"Ala Moana-Kakaako","Honolulu","Honolulu","HI","Urban Honolulu",641,30000,22000,19500,10000,10000,10000,8000,11000,24000,15250,17500,13800,10000,11750,10000,25000,25000,12000,10000,7000.5,25000,25000,10000,10000,14000,20000,30500,20000,16500,20000,50450,15000,19800,16000,20200,20000,28000,35000,28050,20000,10000,20000,11000,10000,25000,25500,24999,29000,20000,20000,20000,15000,21000,25000,18500,13250,19000,20000,19000,15000,12000,25000,20000,40000,23500,20000,28000,26000,35000,20000,30000,28000,30000,41200,37500,32500,31000,33000,19000,30000,31000,30000,30500,17000,20000,20500,20000,20000,19500,20000,15000,26000,20000,13000,20000,19500,15100
270885,"Midtown","New York","New York","NY","New York-Newark-Jersey City",649,40000,45000,55000,143000,54500,42500,35000,1e+05,50000,50500,35000,39000,92500,87000,80000,197500,1e+05,49500,56000,69500,150000,68000,50000,75000,75000,47500,95000,52500,87500,54000,52000,125000,150000,180000,150000,34750,1e+05,80000,70500,100001,301000,60000,1e+05,60000,72500,85500,63000,50000,101000,162500,150000,145500,205000,2e+05,51000,1e+05,65000,140000,90000,52500,55000,1e+05,1e+05,1e+05,1e+05,1e+05,90000,61112,1e+05,54000,124444.5,74000,140000,72500,91000,209999,1e+05,50000,1e+05,97500.5,55000,75000,1e+05,99000,69000,99000,80000,1e+05,55000,1e+05,110000,1e+05,54500,1e+05,50000,50000,51000
343218,"Spuyten Duyvil","New York","Bronx","NY","New York-Newark-Jersey City",676,18000,25000,11000,12500,16000,15000,26000,20000,20000,14000,25550,14000,14000,19900,25500,20000,20000,11000,15000,15000,20500,9500,9000,11750.5,10500,10000,10000,12550,10000,24250,10000,10850,10000,10000,10500,10500,10000,10000.5,14500,15000,15000,14000,10000,14000,11000,15000,15050,16000,10000,10900,13250,17400,12000,16000,10000,15000,14000,10125,10000,10000,10000,10000,12500,10000,10500,10500,16000,6000,11000,20000,11000,20000,19000,16000,15000.5,12000,10000,7500,8000,9950,15450,10000,21000,19250,10000,10000,10000,15000,30000,13000,12000,10050,10001,22000,10000,13250,25000
407493,"North Shore","Miami Beach","Miami-Dade","FL","Miami-Fort Lauderdale-West Palm Beach",689,20000,10000,10000,20000,11000,10000,15000,15000,20000,22500,30000,25900,10000,19000,17000,20000,11950,19000,25000,21000,15000,14000,10450,20000,10050,10045,15000,10000,15000,14000,17000,10000,10000,10000,10100,10000,10200,12000,15000,20950,10100,10000,10000,10000,10050,10000,19000,10000,10000,9200,11800,14900,15000,12000,19000,15000,10900,10000,10000,12250,10000,10900,10950,17600,15000,17100,14500,23000,20500,14500,13000,15500,15000,19001,20000,24000,15050,10000,11000,15000,20900,13000,13000,10000,10000,15595,9650,10000,15000,11450,11000,14100,10000,10000,12000,14650,10000
269599,"Near West Side","Chicago","Cook","IL","Chicago-Naperville-Elgin",692,18525,10000,10000,15000,20000,14500,11100,10077.5,10000,10000,10000,10000,10000,9100,10000,10000,15000,10000,9950.5,10900,10000,10000,10000,12950,10900,9550,14300,10000,8455,14900,7479,10000,10000,8500,8950,6000,10200,10000,11000,19000,10450,9950,12000,10000,10000,12250,10000,10000,14000,10950,11000,15400,10000,9901,14000,16500,20700,10000,20000,15000,10000,10000,11500,10500,24000,10000,10000,10000,10000,12500,10100,10000,5000,11000,9500,11900,30500,11913,12400,15100,15000,12050,14100,16000,11500,10000,9996,10100,10000,16500,10500,14000,10000,10000,10950,10000,10000
269306,"Downtown","Atlanta","Fulton","GA","Atlanta-Sandy Springs-Roswell",696,15000,11600,8000,13000,9500,12500,10000,10000,5800,10000,9000,6000,10000,9270.5,6429.5,9900,8000,5000,7100,5500,5000,13000,5000,8500,12450,5000,2005,2850,7500,10000,5500,10500,10000,5100,8500,12500,4000,10000,5000,5000,7500,5000,5000,8400,5000,6000,6000,5749.5,10000,4161,10000,5100,6000,10000,7500,9495,10500,10000,10000,5000,5000,5050,6000,4000,10000,7600,5000,5000,5000,5900,5000,10000,3500,5000,20100,5200,5500,4500,6000,12500,10000,5000,5000,5000,5950,6000,10000,7000,4000,6000,12500,11000,12500,10000,7000,10000,10000
115622,"Hillcrest","San Diego","San Diego","CA","San Diego-Carlsbad",704,15000,16000,18500,7900,11745,20000,15000,18884,10750,11000,13401.5,10000,14000,10000,10000,10000,15000,10000,15000,11950,10000,6500,37000,3250,16250,5000,15000,10000,11000,15500,5050,6000,20450,15250,18500,15900,15000,7000,10100,14500,24100,10000,10000,10000,10000,10000,15000.5,20000,10000,15000,18500,15500,22250,21500,10500,10000,14000,9050,13056,15000,10000,17000,37999.5,15000,24500,15000,17500,12450,18000,14000,20000,15000,18000,15000,29982,10918,20000,2500.5,11250,11000,20000,10000,15000,28500,13000,10000,20000,20000,15000,10000,14550,14800,10000,15049.5,10000,10000,10000
403303,"Gold Coast","Chicago","Cook","IL","Chicago-Naperville-Elgin",729,14500,10000,10000,5200,6000,13450,15000,15000,10000,20000,15000,17500,15000,20000,10000,10000,25450,17000,25500,15000,15000,15000,24450,13600,15000,16500,10000,7575,10500,14000,15000,11500,24000,15500,10000,26000,19000,12499.5,25000,15000,10000,20000,15400,10950,14000,14450,15000,12500,10000,18100,14300,10000,15000,20000,11000,15000,19100,16000,14950,10000,10000,15500,11000,12499.5,37000,13125,15000,15000,20000,15000,14000,10100,15000,24000,16000,20000,15000,19250,12550,15000,16000,11450,16839.5,19050,11250,15000,14000,11000,23000,20000,20000,15100,15000,16000,17500,19997,15000
416302,"Alamitos Beach","Long Beach","Los Angeles","CA","Los Angeles-Long Beach-Anaheim",743,15000,20000,15075,18200,11500,20000,14000,14500,15000,15000,10900,12725,16275.5,20000,12400,15000,16250,15000,22549.5,15050,15000,29500,20000,22799.5,29750,13400,10000,15000,25000,17000,15000,10500,15450,10000,20000,17000,10000,20000,10000,10000,11250,20000,10000,12000,4000,10000,15950,10112,15000,9500,10000,10000,15000,12952.5,10900,9750,15000,10100,10000,10000,14750,5100,10000,4000,15000,19900,10100,15000,25000,16000,10000,10000,10002,5000,14300,5005,14500,15050,15000,22556,25000,15106,9500,20025,19500,8000,15500,10000,10000,10000,19500,5000,10000,15550,20500,12500,10500
269590,"Lincoln Park","Chicago","Cook","IL","Chicago-Naperville-Elgin",756,9950.5,9100,10000,11650,12450.5,10000,20500,13000,11050,10500,12500,11950,10900,19001,13900,25500,14000,20500,20000,15000,20000,10900,20000,10500,9100,10000,7500,10000,11000,20000,17900,8000,15500,10000,10950,10000,10000,10000,20000,10500,10400,12000,15000,10000,9100,12400,10000,13000,14000,13350,10400,27500,10950,13050,12550,18500,10000,10000,11250,10750,10250,10500.5,10000,9450,12000,11300,16000,9750,14900,17500,10000,16000,17500,10900,17000,5000,10000,10000,10000,14000,11000,12100,10100,15000,14100,10000,14900,5500,12900,15000,10000,10000,10750,9950,10000,10000,10001
268962,"Downtown","Miami","Miami-Dade","FL","Miami-Fort Lauderdale-West Palm Beach",770,16000,15000,10000,10000,10000,10000,19540,15000,23000,20500,17500,20000,15500,30000,13500,11050,15550,20000,25000,20000,25000,11000,11500,20000,18500,20000,19000,20000,19000,18000,19200,19000,24000,15000,15000,20000,15000,15000,25100,15000,17500,14000,15000,16000,16500,11500,10000,15000,16000,14050,15000,10900,12001,15450,15000,19950,15000,10000,20000,15002,15000,14000,15100,14900,19250,20000,19999,19550,16000,15000,15000,15000,14625,19100,15000,19000,20000,20000,15000,13450,15500,10995,12000,15000,20000,18000,19000,20000,12900,15000,15000,15000,12500,11000,10700,12000,15000
343219,"Riverdale","New York","Bronx","NY","New York-Newark-Jersey City",802,15000.5,21705,17000,15500,20000,20000,13000,30000,10000,20000,15000,22500,13250,25000,22050,24000,26000,20450,25000,15000,16000,10000,15000,17250,15000,10000,10000,10000,10000,6000,10000,22600,15000,15000,14500,11000,15000,10000,10000,10000,20000,6000,15000,10000,17000,11000,10000,15000,15000,11500,14500,11000,14500,10000,12500,9000.5,12750,9000,10000,12500,15000,10000,20000,8500,24500,9550,19900,10000,10000,10000,16000,10000,24000,15000,10950,11000,10500,24000,25000,17500,30000,25000,20000,10000,6000,14500,15000,6000,10000,18997,32500,15000,16000,20000,23000,15500,20000
270800,"Bay Terrace","New York","Queens","NY","New York-Newark-Jersey City",860,16000,15000,14000,10000,15000,10112,20000,29000,16000,10000,14000,15000,15888,20000,20000,17000,14000.5,15000,16000,10000,10000,13000,10000,15000,14000,11000,10100,14000,10000,24000,13000,15000,11000,10000,14000,11000,11000,11000,25000,5600,19000,10000,19001,16000,17000,10000,10000,11888,15000,14000,23100,20000,15500,5000.5,20000,20999,13000,15000,10000,19112,11750,20000,16000,20000,20000,10000,11500,15000,19500,37000,20000,10000,22500,10000,10000,10000,17000,10000,8500,20000,9050,10000,20000,10500,7000,18000,10999,7000,5800,11000,30000,13112,18000,19001,19500,10001,20000
269593,"The Loop","Chicago","Cook","IL","Chicago-Naperville-Elgin",872,15000,10000,10000,10000,6250,9100,10000,10000,10000,18280,20000,20000,25000,10000,11000,20100,15000,20000,10000,39100,10000,20000,17050,1e+05,16450,120900,62500,5000,10000,74000,13000,15000,40000,19000,15000,10500,10000,19100,15250,10100,10125,27450,10000,21000,10000,10000,17550.5,14500,10000,10100,16250,5550,10000,24000,6550,11000,11950,10050,10000,10000,14500,10000,10500,10000,9900,20000,10500,13000,15000,10000,10000,10000,10100,10000,10000,10000,10000,9500,10000,8050,9000,15000,10000,10000,11000,10000,11000,9950,9725,6950.5,14000,9901,10000,10000,8750,5000,10000
124944,"Kings Point","Delray Beach","Palm Beach","FL","Miami-Fort Lauderdale-West Palm Beach",915,6250,5000,6205,4000,3000,2800,4900,4000,3000,3000,4050,5000,3050,3000,3150,3000,3400,4000,3490,3900,3450,4300,3000,4000,3450,5000,3000,4000,4001,3000,3000,3000,5000,4450,5000,4500,4001,3450,4000,3000,3075,4000,3000,5000,3500,3000,4999,4250,5000,3500,4000,4955,4000,4000,4500,5000,4500,4500,4510,6000,5000,4000,4600,5000,5000,4600,4300,3100,4500,4000,5000,5000,5000,5000,4900,5000,5000,5000,4550,4240,4901,5000,4500.5,3550,5000,3800,4000,4250,5000,5000,4600,4100,4100,4000,5000,4000,5000
403308,"Park West","Chicago","Cook","IL","Chicago-Naperville-Elgin",922,17750,10000,13900,30000,10000,10900,10000,10900,10900,10000,10500,15000,15000,20000,15000,9050,10100,10000,10000,10000,10000,10000,10000,15000,10650,10000,9900,20000,25000,11000,8000,20000,10000,12500,8500,5000,10000,10000,10000,7500,15100,9000,5000,10000,10000,10000,12200,7500,10100,12000,10000,10050,10000,14900,10000,10000,10000,10500,10000,7500,10000,15000,7550,24500,24500,9100,9000.5,10000,10000,10050,9900,19000,15000,10450,10000,20000,10000,17000,7400,10000,10000,10000,8200,18500,22000,9000,11000,4750,9990,35000,12500,10000,10000,10000,5500,10450,10000
272160,"Lower East Side","Milwaukee","Milwaukee","WI","Milwaukee-Waukesha-West Allis",943,10000,10000,5000,6750,5000,5000,5200,6000,8100,20000,7500,5000,5000,7400,2000,9900,5000,5500,5000,6000,10000,10000,9000,3450,5000,7500,10100,5000,10000,10000,6500,10000,10000,7500,5000,5000,5000,10000,10000,3500,8100,4600,9000,10000,10000,6000,8400,6000,5000,9950,5000,5000,10000,2100,5000,5000,5500,4900,5000,6000,6000,6750,7000,4579,10000,3500,5000,5000,2500,5800,6450,6200,4550,12500,6500,6250,6050,5000,7050,5050,6000,8800,5000,5000,6800,8500,10000,17250,6000,10000,6500,5000,5000,10050,5950,10100,9000
269105,"North-East Coconut Grove","Miami","Miami-Dade","FL","Miami-Fort Lauderdale-West Palm Beach",951,30000,25000,20000,10000,20000,21000,19950,19500,10550,21500,22000,15000,25000,14950,15000,10125,30000,20000,12250,30000,35500,17500.5,30000,19000,39000,43000,37500,48000,14000,17500,23000,30000,15050,10000,10000,40000,16000,10000,2500,29000,14000,15000,15500,15000,14500.5,10000,10000,20000,17500,21000,10000,12450,10000,10000,10000,20000,28625,24000,15500,51000,10000,16000,22500,18000,21000,15000,30000,26000,26000,15000,20000,27499.5,25500,10550,12500,1e+05,18800,40000,50000,40500,25001,21750,14500,20000,12000,30000,19374.5,35000,1e+05,90000,22000,21500,50000,20000,39000,25450,30000
403307,"Wrightwood Neighbors","Chicago","Cook","IL","Chicago-Naperville-Elgin",990,14000,10000,10100,10000,12500,24500,14900,12450,10000,10000,10000,10900,17550,13600,10000,15000,10000,10000,15000,19000,15000,19500,15500,15000,6000,17000,6000,16600,10000,19100,7500,10000,14999.5,17500,17550,10000,13000,17050.5,10000,15000,22500,15000,14900,10000,10900,10000,13000,10900,10050,10000,14950,20000,25500,25000,18850,20000,10001,15050.5,10000,13900,14000,10000,13000,5000,6000,20450,20000,14950,20000,16000,20000,15000,14000,14000,15500,10000,15500,12450,24450,12500,19362,14000,10450,10000,10050,10000,12500,14900,15500,14900,20000,24000,15500,20000,17000.5,10900,15100
623406,"Oceanfront","Miami Beach","Miami-Dade","FL","Miami-Fort Lauderdale-West Palm Beach",1004,20000,16000,17800,20000,20000,20000,15100,20000,21000,17500,20000,20900,19450,20000,20000,20900,24950,24000,25000,20000,15000,20000,19000,13000,15000,20999.5,20000,20900,19550,30000,20000,20000,27550,16000,17550,15000,15000,16000,20000,10800,20000,17500,14000,25100,20001,20000,20000,17283,20000,19000,18000,14500,18699.5,14625,20000,20000,15100,15500.5,18000,20000,15550,24000,25000,15795,25000.5,30000,21000,30000,24500,24000,20000,24000,25000,20000,20000,19000,25000,20500,15950,20000,20000,20000,23500,20000,20000,20000,20000,22500,20000,20000,20000,16000,20000,14000,19450,19000,17000
125623,"Palm Aire","Pompano Beach","Broward","FL","Miami-Fort Lauderdale-West Palm Beach",1005,8050,10000,7200,9700.5,8250,7500,8000,9100,8300,5000,8700,9100,10000,10000,9550,9000,8000,5500,8950,6000,6000,10000,10000,7500,5250,6450,5500,6000,7500,6000,5658,7000,10000,6000,7479,6750,7500,6700,8600,8950,6000,6000,7100,6000,5000,5250,6550,5050,5950,5500,7600,6350,7000,8000.5,5000,5750,5388,5000,6600,5100,5000,5000,5750,9000,9900,8000,6049.5,5600,7500,7000,6500,5500,5300,5001,6000,5000,6500,9000,7500,8750,5000,6000,5100,5000,7000,5000,8000,5000,8500,6000,7900,6500,5100,6000,10000,5550,8750
269391,"North Buckhead","Atlanta","Fulton","GA","Atlanta-Sandy Springs-Roswell",1060,19900,20000,10000,15050,16000,10450,14500,13950,14500,10000,30000,11000,18900,20900,23750,19750,20100,12000,19050,15000,4100,117450,15000,10000,60000,17550,49750,20000,10000,18000,17000,6000,4000,10000,10000,19550,7000,10300,10000,7000,17450,7500,7500,7500,10000,8500,6500,5000,6000,6000,5000,10000,10550,9100,6000,10000,8000,9550,6000,5750,5000,9950,10000,7700,13875,12850,5000,5000,19100,9100,10000,10000,10000,12500,8400,7000,5100,5000,10000,30000,20000,12000,14000,10000,5000,9500,10000,10000,16000,10050,12600,10000,12625,5550,12000,8100,5000
273571,"East Village","San Diego","San Diego","CA","San Diego-Carlsbad",1093,15000,12607.5,11000,10000,16500,20000,10500,11450,12500,18250,16000,15050,10400,15100,16000,12000,12100,10000,5100,10000,11000,10000,16000,19000,20000,24500,15000,17650,15000,10900,24999,19300,17050,10000,12500,20000,10000,10000,12500,20000,10000,11000,20000,20000,10000,7500,10000,11000,9550,10000,9700,10000,10000,10450,14500,15000,10000,16500,10000,8600,6550,10500,6000,17500,14000,10000,10000,10000,10000,20000,14000,13550,13000,10000,20000,10000,13056,12000,12000,9250,10000,18000,15000,10000.5,10000,10000,10500,10000,15900,10000,10000,10000,10000,10000,12000,15000,15500
274178,"Kenwood","Chicago","Cook","IL","Chicago-Naperville-Elgin",1138,25950,13750,6500,10000,10000,10000,12475,18050,7500,30000,13500,25000,14050,10000,7500,10000,8650,7000,10000,10000,10000,9000,10000,5000,5000,5000,10000,30000,10002.5,6950,7500,12500,10000,12500,10100,6000,10500,10000,5000,6000,5000,9750,14556,10000,10000,10000,10500,9000,11950,10000,9750,9050,9000,10050,7500,5250,7995,10050,10000,10750,7500,10000,4000,7500,10000,6000,12450,10000,19950,14025,12450,10000,10000,5100,5000,16000,10050,12500,10000,6900,10000,10000,5000,10050,10500,10000,7500,5000,8600,5050,4250,5500,8400,9950,10000,4900,5450
273484,"Downtown","Columbus","Franklin","OH","Columbus",1175,7000,5000,4500,500,5400,13000,10000,10000,5500,9600,9800,5000,10000,5500,4000,500,6950,5000,39100,5007.5,10000,11000,10300,5750,5000,2450,14087.5,12500,7765,1200,5500,8500,7500,6300,7500,10000,5000,3450,5050,2500,5000,7000,6000,1810,3400,4950,3000,9600,10000,4000,500,4200,5950,5000,1000,5000,4500,9975,11000,10900,5000,5000,5750,20000,11950,6925,5000,7249.5,5000,4600,10000,9900,8000,6000,7000,2000,10000,5500,7000,5050,12500,10000,7600,5550,10000,5000,4950,3000,5000,10000,5000,10000,9800,5000,5000,5000,4900
273096,"Business District","Irvine","Orange","CA","Los Angeles-Long Beach-Anaheim",1199,15000,20000,20000,15000,25000,25000,25000,42500,15500,15000,13000,7000,9000,14000,7000,20000,10000,12550,10000,42500,16600,55000,75000,34500,5000,30000,76000,38000,18500,67000,84000,47000,15000,9888,15000,10000,10000,15000,10000,10000,10000,27500,10000,20000,11000,5800,9000,10500,20000,11500,16050,10000,30000,22700,10000,20000,10000,17447.5,11000,14900,11000,19500,20500,15000,10000,10000,10000,10000,11000,17000,15500,14100,15000,16000,21500,5400,18000,25000,22000,10000,17500,15100,19800,17502.5,15850,21000,20000,23550,35000,7500,10000,11500,20000,15000,19500,11000,15000
623394,"Old City","Philadelphia","Philadelphia","PA","Philadelphia-Camden-Wilmington",1234,15000,16000,15000,27950,15000,6400,14000,10000,15000,10000,10000,10000,10000,9900,7500,3837.5,4900,12050,10000,20000,19550,10450,15000,10000,10000,15000,20000,10000,10450,10000,10499,15000,10500,9950,12500,8000,7000,9900,14900,10000,14100,19000,14500,5000,10000,10000,10000,15000,10000,6000,4950,9500,5900,9550,10000,10000,10000,9900,9950.5,35000,9100,9900,10000,6500,10000,10000,13500,14300,10000,10000,20000,12950.5,9100,12325,9550,9975,10000,10000,18000,10000,10100,10000,14000,10000,10000,13550,10000,10000,5000,5500,9000,10000,9200,10000,10000,6625,9500
223110,"Sea Pines","Hilton Head Island","Beaufort","SC","Hilton Head Island-Bluffton-Beaufort",1237,39450.5,27050,42000,20450,20000,57550,42250,39001,20000,15000,40000,12100,24450,14500,26250,19950,110450,73000,25050,56000,72950,23550,14100,32700,30000,20000,30000,55400,38000,10750,17500,13900,10000,15100,15500,20000,11000,11000,9000,7800,10000,10000,11750,10000,19550,17500,14700,10000,10000,18500,10000,10000,10000,10000,14500,10000,10000,14950,10000,17050,8000,10000,9940,12000,10500,15000,10000,12450,5000,5900,10000,10000,10000,5000,10000,10450,10000,11500,13000,5000,6500,6000,9950,9950,8050,10049.5,9100,10000,10000,16450,15000,10000,10000,10000,11000,14000,9600
396701,"Great Neck Plaza","Great Neck","Nassau","NY","New York-Newark-Jersey City",1257,19005,20000,13000,19050,24000,40006,24000,20000,21000,15001,31000,22556,17200,29750,19000,10000,20056,30000,10000,10000,13000,11000,9600,10000.5,12000,10000,10000,15500,10000,6120,10000,4750,8910,10000,15556,9000,9120,10500,10000,10000,9500,16500,15500.5,10000,25000,15000,20000,11000,10000,11000.5,17000,10000,9000,10000,9750,20000,17500,10000,11000,12000,15001,8100,5500,8000,14000,12444,13000,20000,20000,20000,20000,9100,10500,13000,10000,15050,14500,10000,10450,16000,10000,15000,17500,19223,20000,18000,14000,13000,31500,25000,15056,25888,20000,15000,12000,20000,17000
623405,"South Central Beach","Hollywood","Broward","FL","Miami-Fort Lauderdale-West Palm Beach",1262,11000,10000,11000,18600,10950,15500,11050,13989,10000,13000,10000,13000,10000,10000,10650,18000,14550,14100,14000,8500,10000,10900,14750,16245,10000,10000,10000,14000,10000,10000,10000,10000,16000,10000,15000,15400,10000,10350,10000,6200,10000,10000,10450,10000,10000,10000,10000,10000,10001,10000,10000,10000,10000,10000,16400,15000,10000,14550,12180,10000,20000,15800,10900,10100,15000,18000,11000,14000,14300,14801,10000,14000,10000,10000,10900,10000,10000,10000,10000,10000,10000,10000,10000,18000,10450,11000,10000,13500,14900,14000,10000.5,15000,15000,10000,10800,10000,12900
403342,"New Eastside","Chicago","Cook","IL","Chicago-Naperville-Elgin",1263,15050,12000,17000,19100,9950,10000,10000,9550,14000,12500,20000,22550,22000,20100,14550,20950,20000,20000,18000,6000,16000,23000,10000,15000,19100,10900,15000,45000,5000,12500,24000,25000,17500,12500,39500,25000,15100,15450,10000,15000,19100,9900,42000,10900,13000,15000,16000,24998,10000,10000,15000,17000,12500,14150,17500,16000,15550,14550,10000,10000,24000,12500,34050,19900,15000,10500,15000,30000,20000,20000,24500,10888,10000,14000,15000,46000,25000,19000,14000,19050,25000,12500,15000,14000,20500,6005,10000,10000,10000,14500,15000,15000,22000,15012,20000,20000,20000
762156,"The Island","Venice","Sarasota","FL","North Port-Sarasota-Bradenton",1282,17250,15500,30000,12000,16000,19500,12000,10000,11500,12000,20000,10000,10000,10501,10900,9000,10950,10000,10000,9950,9500,5000,11000,5000,4800,10050,8650,11500,8950,8913,7500,10000,6700,7325,5000,24275,10000,10000,5000,5050,10000,14050,9100,9900,10000,11000,10100,15000,9901,12450,14100,7500,10100,10000,10500,10000,8000,5000,10000,7502.5,10750,6000,3500,14501,10000,10000,10950,5500,8000,7000,7950,12000,5100,10000,10500,10900,9100,10000,10000,10000,10000,16000,7450,8000.5,3600,9900,10200,9000,15000,10000,10050,10000,8300,9050,5050,9450,11400
403301,"Old Town","Chicago","Cook","IL","Chicago-Naperville-Elgin",1301,6750,10000,15499.5,8000,10100,9000,14500,10400,10000,10000,10000,10000,10000,10000,10000,5000,8000,10000,10900,17000,10000,6000,7450,10000,5000,4700,1,7600,10000,9800,10000,6000,10000,10000,10000,10000,10000,10000,8150,7950,10000,10000,7550,11500,15000,10000,10000,10000,10000,10000,5000,10000,9000,10000,15000,10000,9550,6500,11000,5100,19500,15000,10050,10000,16650,10000,10000,10000,5550,4000,10050,5950,15894,10000,10050,6500.5,6000,7750,10250,10000,10000,10000,11000,10900,10000,10000,8750,5000,10500,15000,9100,10000,10000,9988,9000,10000,10000
245278,"Lynnhaven Shores","Virginia Beach","Virginia Beach City","VA","Virginia Beach-Norfolk-Newport News",1307,14000,12450,20500,24000,10600,10000,15100,15000,15500,14250,13250,17000,10900,10000,13700,30100,10000,25500,10000,10000,10000,8000,5000,10000,15000,13000,9300,21541.5,10000,7750,7400,7000,10000,10000,9950.5,5760,10000,10000,5000,9000,12100,6000,10000,10000,12000,10099,8000,10000,10099,10000,10050,12500,8500,8500,8000,7550,10000,10050,14300,7000,10000,10000,10000,15000,9500.5,5000,10000,10000,10000,10000,10000,9900,5700,10000,6050,5000,8000,5000,9900,5750,10000,5000,6000,6000,5550,10000,6575,5500,10000,10000,10010,7000,10000,10000,10000,8525,5100
403300,"River North","Chicago","Cook","IL","Chicago-Naperville-Elgin",1309,15000,10000,22500,12000,13000,16000,11000,27500,28500,16250,10000,13000,15000,10000,9100,12950,11000,20550,10900,10000,15000,25000,5250.5,10500,19000,25000,5749.5,13500,15000,5000,16000,11000,12000,10549.5,13600,10000,14000,10550,34000,15000,10000,10000,28000,15000,19100,11002.5,12900,10000,10000,10000,10000,5000,15000,10250,10000,14975,20000,10000,10000,5100,13000,13000,5100,20000,12000,10450,14450,10000,18000,10000,10000,10100,6999.5,5500,14900,5500,20000,15000,17550,12500,11000,12000,10000,15000,11000,5901,5000,5000,10050,10888,15000,23500,10050,11000,20000,10000,7000
125698,"Pelican Bay","Naples","Collier","FL","Naples-Immokalee-Marco Island",1357,43427.5,48000,30900,30000,50000,50000,35000,40000,41950,36000,25000,21000,40000,40000,30000,30000,26000,30000,26500,30000,21000,25500.5,35000,13000,20000,24500,41000,53500,26000,21000,15000,27000,15550,22000,23700,30000,27500,35000,25000,72500,50000,27500,27500,28000,23000,46000,54000,16000,10000,25000,30900,30000,40000,30000,36000,24000,31000,30000,20000,30000,26000,30000,24000,30000,48500,36000,26000,27550,26000,30000,69000,40000,32550,40500,25100,45100,37950,30000,37500,35000,25000,23000,36000,20000,29500,50500,24000,20000,22000,30000,38000,30000,25000,13000,18500,15200,30000
403352,"East Hyde Park","Chicago","Cook","IL","Chicago-Naperville-Elgin",1361,13550,17000,31500,20000,20000,23000,11000,14000,9900,15000,6750,10000,7499.5,5000,4750,16550,20000,12900,10000,5005.5,10500,10500,15000,15000,15000,10000,17500,16500,10450,10000,15499.5,17250,12750,15000,15000,11000,10100,17000,10700,7100,5500,10000,15000,10000,10000,10549.5,10000,10000,10750,9900,10000,35000,23500,10900,10000,9350,10000,10900,8750,10010,10000,10000,10050,7550,5000,7500,12500,10000,10000,10250,15000,13000,10205,5750,30000,3600,15000,9200,10300,10000,10000,20000,10050,10000,5500,4100,7750,8000,8000,11050,8950,10250,6000,6000,10000,10000,10000
125591,"Ormond-by-the-Sea","Ormond Beach","Volusia","FL","Deltona-Daytona Beach-Ormond Beach",1368,10050,40000,17900,20000,6900,19600,10000,8550,5500,10000,9500,6500,10000,8550,10000,10000,5000,5000,5987,10000,7500,5400,4100,5000,7100,5550,4950,9900,4847.5,5550,4237,7012.5,12250,3500,4500,5000,4800,2500,8850,8150,10000,5000,3500,2000,3500,10000,5000,15850,6000,5100,8000,5900,11500,7400,5500,8900,5000,5000,20000,7000,7950,4550,5000,4000,10200,6500,5000,6450,10000,7500,15100,12000,5000,6000,17500,3550,10000,5000,6000,5100,5000,10000,7500,5000,14000,2300,7500,10000,5000,8000,10000,7000,5000,5000,10000,6500,5500
265170,"Beach","Pompano Beach","Broward","FL","Miami-Fort Lauderdale-West Palm Beach",1369,17901,14500,14000,16500,15000,11400,14900,15000,10900,15000,14550,12950,15000,15000,10000,13000,10000,10000,15000,10000,9000,10000,10900,10000,10000,13900,10000,10000,10900,11000,13000,14500,15000,8550,10000,10050,10000,10000,10500,10000,10000,10000,11000,10000,9300,10000,10000,14450,15000,8000,10000,10000,10000,10000,10800,11000,13250,15100,15000,12299.5,10000.5,15000,10000,10000,14000,10000,10000,9550,10000,10000,13100,10000,10499.5,10000,11000,10000,10000,10000,10000,10000,9000.5,10000,10000,10000,10000,10000,10000,10000,10000,10000,10844,10000,10000,10000,14100,10000,10000
270198,"Downtown West","Saint Louis","Saint Louis City","MO","St. Louis",1390,10000,6000,10000,10000,10000,10050,5000,5000,7600,10000,10000,5900,7300,6200,5000,6250,5900,9050,4500,5500,5000,6450,10000,5000,5000,9900,5000,4450,10123,13200,5000,15000,6150,12500,5000,4050,4895,6050,5000,3750,1500,10250,4300,12450,7000,5000,6000,4350,9500,5550,10100,8750,8200,15000,5000,8277.5,10400,5400,5500,4450,5000,2000,4000,10000,3500,5200,5000,5800,5000,5000,8100,7050,6000,7500,8050,4500,4000,7550,5000,4000,4950,5500,7500,5000,5000,6000,5000,5450,5000,5000,5100,6000,4500,6100,3000,5000,4100
276439,"Marina","San Diego","San Diego","CA","San Diego-Carlsbad",1391,20000,20000,21000,20000,20000,28000,17050,24050,20000,25000,14900,19500,24062,17000,14000,15000,45550,26000,26000,45000,26000,30000,24000,22000,13500,16550,13800,32100,30000,10000,17050,21500,25550,19025,26000,10000,15000,10500,55100,65500,10000,30000,12750,10888,19940,30000,19500,21000,14050,9955,26450,12400,20000,15000,20000,16000,25000,20000,47500,12500,25000.5,25000,15000,34950,13000,25000,29000,20000,25100,40000,29956,10293,10000,52000,24100,19100,19000,26100,20000,37000,20000,24050,28500,27500,20050,26050,30000,19950,15100,14550,21000,20000,10006.5,10499,20000,24000,25000
124244,"Eastern Shores","North Miami Beach","Miami-Dade","FL","Miami-Fort Lauderdale-West Palm Beach",1400,7000,10000,15000,5000,10200,10000,20450,10000,10000,21950,19900,15000,11500,16000,6050,10000,8350,9000,24500,10000,12500,15000,11800,10000,14999,5000,17500,17050,10000,8700,14000,10000,10000,4750,5100,4000,7500,6000,13500,5000,5100,9500,7250,6000,10000,8100,12000,10000,10000,8000,9550,10000,8600,12000,10000,12450,10000,10000,7000,11000,5000,9000,6000,6550,9000,10000,10000,6000,15100,10000,10000,6000,6000,5000,6500,6500,9000,4000,8000,10000,6700,10000,10000,100,10000,5900,5250,9750.5,10000,10000,6500,10000,6388.5,5100,9500,5500,8300
623410,"South Pointe","Miami Beach","Miami-Dade","FL","Miami-Fort Lauderdale-West Palm Beach",1402,30000,26750,20000,18000,26000,30500,26000,16000,30001,20000,70000,28000,35000,30000,45000,30000,10250,49550,50000,39500,16500,45450,20000,36000,50000,50000,45000.5,37500,22500,20000,21950,22150,12500,40000,15000,30000,39500,20000,30000,28000,30000,29000,35000,75000,22500,36660.5,50000,31000,50000,34000,33000,50000,51000,29975.5,43000,25000,20000,20000,36000,68000,29500,30000,142500,1e+05,46000,1e+05,42500,40000,50000,50000,45000,30000,50000,60000,40000,45000,47000,37500,50000,30000,32000,24000,24500,30000,15000,44000,30000,36000,35250,24500,50000,51000,50000,45000,42500,50000,25450
417151,"Downtown","Saint Petersburg","Pinellas","FL","Tampa-St. Petersburg-Clearwater",1408,10000,10000,10000,20000,10000,25000,12000,10000,5000,17000,46500,25000,30000,19500,15000,20505,5500,25000,11500,32500,14000,10000,7050,5400,10100,8600,9200,20900,19750,10000,27500,17050,85000,10000,19100,15000,12800,10000,10000,10100,13500,10000,11000,10000,11000,13000,10000,6500,15000,7500,14901,15500,9900,8047.5,7500,10000,9300,7750,10000,10000,15100,9500,10000,5000,15000,15000,10000,5000,24000,7100,18500,5000,12000,10000,5300,13000,18000,22500,10999,14050,16900,10500,7500,17550,12400,12500.5,10000,5000,6000,14500,10000,15000,27450,10000,11000,10050,10000
126511,"Villages of Oriole","Delray Beach","Palm Beach","FL","Miami-Fort Lauderdale-West Palm Beach",1414,4450,5000,6000,5000,5550,7950,4000,4050,6050,4500,4500,4900,5000,5950,5000,3000,4500,5400,3000,5000,4900,4000,3000,3000,3300,4500,5000,3000,4000,5000,4450,3000,4100,9910,2000,5000,7600,5000,7500,4950,8000,5100,3000,4000,3000,5000,5200,9100,3000,4500,3500,9600,4550,5000,7600,4650,3750,5250,2750,10000,5200,5000,3272.5,5000,5250,5000,8550,4700,8000,5000.5,5150,5000,5000,7000,5000,5700,5100,5000,3675,5000,5000,5000,4900,3000,2700.5,4900,4100,4999.5,5000,5000,5000,4900,5000,5000,3000,3000,4500
269406,"Peachtree Heights West","Atlanta","Fulton","GA","Atlanta-Sandy Springs-Roswell",1427,36000,22000,27500,19900,10100,28900,25000,14300,20000,10700,12500,10000,2000,10000,10250,5000,25000,15000,18000,27000,41154,32682,19950,27350,16200,10000,20000,25000,18900,16025,10500,11000,19300,20000,25000,20900,12550,10400,20000,10150,5400,10000,10000,10625,10000,15000,10000,10000,10000,5000,6000,7000,10000,18050,10000,13450.5,8100,7750,12500,10000,9900,2500,6000,6000,6000,6450,5100,7000,5000,5000,6000,10000,5700,9100,4350,10000,10000,6000,10000,5000,11750,7400,5900,12500,6050,10000,5000,8500,9950,10450,10000,5000,36000,20900,10000,25550,5050
270315,"Fourth Ward","Charlotte","Mecklenburg","NC","Charlotte-Concord-Gastonia",1440,16000,10000,22900,9000,10050,10237.5,10100,10000,10000,9500,7100,10000,4900,6000,17000,5000,15000,18500,4900,10000,9850,10000,7250,5000,5050,8800,10000,15000,16250,10000,4050,10000,5495,5400,10000,4500,5050,7500,10000,12050,9900,10000,8500,14900,5000,6500,4100,9000,8900,9900,5100,15000,17000,78900,5000,5750,9450,5250,7250,8000,4000,5750,9000,12500,10606,4300,5000,10000,9100,10000,4049,35000,5000,5000,9000,10100,8000,5000,7500,7000,10000,8000,12425,12400,6000,5500,8000,6500,10000,4000,10000,5000,5000,5000,10000,6050,8250
276507,"Park Shore","Naples","Collier","FL","Naples-Immokalee-Marco Island",1452,24000,50000,45000,55000,49500.5,30000,48850,50000,25099,54000,37950,40000,35000,54000,30950,25000,32450,20000,34000,49000,39100,25000,24000,30000,32000,49000,29000,28000,40900,25000,29999,20000,10000,15200,20000,25000,7550.5,10000,20000,27950,30000,25950,24000,20000,25550,8300,14750,17550,19950.5,30000,39100,92500,48000,33000,54000,30000,45000,24500,65500,10000,14500,17500,25450,110000,75000,55100,40000,26000,50000,50000,47500,50000,50000,17550,45000,35000,49000,36000,40000,45000,34550,39500,37000,26000,45000,40000,50000,42500,25500,30000,40000,37500,50000,15000,30000,32500,49000
273498,"Downtown","Fort Lauderdale","Broward","FL","Miami-Fort Lauderdale-West Palm Beach",1466,37100,28200.5,19550,19900,20000,20000,37000,25500,36500.5,20000,10000,11000,20000,40000,10000,20000,24000,20000,22500,12000,14550,37000,27050,252500,10050,15000,20000,36500,30000,37450,45500,10000,20000,140100,49250,82550,20500,16300,30000,10000,20000,20000,15000,10000,14050,10500,24000,19999.5,10000,14900,20000,17299.5,15650,20000,20000,17500.5,12000,11505,16000.5,10000,10000,7500,9999.5,5000,13550,20000,20000,14500,20000,20000,10450,12500,15000,27749.5,20000,20000,18500,20000,10000,13600,24000,10100,10000,10000,10500,13500,10000,8500,10000,15000,19500,14900,17500,23250,14000,10000,10106
270767,"The Strip","Las Vegas","Clark","NV","Las Vegas-Henderson-Paradise",1473,23750,10450.5,13000,16500,8900,14050,30499.5,24550,17450,15000,6550,19100,10000,10000,8950,10000,10000,9100,15500.5,15100,20000,14894,13900,25000,12950,13800,10000,14000,28300,10000,15000,24000,11050,11556,7000,24000,14000,10000,10000,20000,10000,13000,10000,10000,17850,20000,15000,16750,20000,29000,25000,20000,17400,9050,14000,13950,20000,14000,10000,10000,11500,14285,14800,10000,13988,15500,11000,10000,12250,20250,10000,15000,20750,12510,20200,21950,30999.5,20000,18300,25000,17000,19100,14600,25000,17500,14000,15999,24900,20000,22000,10000,10000,17778,10000,19901,11749.5,15910
274885,"Old Naples","Naples","Collier","FL","Naples-Immokalee-Marco Island",1477,20000,17500,15000,20000,26000,19000,15000,27500,37000,30000,15000,21500,34900,35000,30000,15000,20000,15500,20000,21750,26000,10000,49901,87000,10000,25000,30000,55450,29500,18500,10000,20000,16750,19500,7500,14500.5,6000,25000,9450,26000,15000,15000,10000,30000,10000,50000,8150,58000,7750,22000,19400,39050,22500,19100,22700,14050,15000,35000,32500,60500,150000,36000,20050,37250,46000,25000,20100,34000,30000,20000,75000,26000,7000,19100,25000,20250.5,23500,22250,25550,22000,15000.5,20000,11000,10000,20500,1400,10000,14500,26000,24500,30000,37550,25500,15500,17000,22450,38444
25125,"Hillcrest","Hollywood","Broward","FL","Miami-Fort Lauderdale-West Palm Beach",1478,5700,4550,10000,5000,5300,6000,9500,16500,2700,3000,9900,10000,7500,5000,6000,5000,2500,5000,8260,5000,5000,4500,7000,5000,5000,5000,10000,5000,5000,5000,10000,6000,5000,5000,7900,4250,7500,4100,5050,4525,9900,7475,7050,5000,4100,5000,5000,5700,3550,5000,6550,5000,6500,5000,5000,5500,5000,6949.5,6450,5700,6500,5000,4100,5900,5500,5000,4950,4900,5000,4500,5100,3000,4000,6000,5000,7000,5000,4997.5,5000,8000,5001,5000,5750,5100,5000,4950,5100,5000,3450,5000,4899.5,5000,7450,3000,5000,5000,5000
268915,"Central Beach Alliance","Fort Lauderdale","Broward","FL","Miami-Fort Lauderdale-West Palm Beach",1489,30000,49999.5,14500,26000,30000,30000,20499.5,29300,20000,20000,20000,25000,23000,25000,19500,20000,24900,24100,14000,17500,10000,15000,20000,11000,20900,15400,15200,15950,14450,18750,10001,10700,25500,11900,6938.5,7550,50000,13500,13000,10450,10000,20000,10000,20000,15000,10250,10550,10000,10000,10000,16500,20000,20000,13000,15000,14999.5,14200,14200,10000,10000,10000,10000,17050,15100,16000,20100,10000,19800,10500,13900,10050,22000,14100,23450,24000,20950,25000,19550,10000.5,20000,14900,13450,10049.5,10000,25100,12050,17501,19500,18625,20000,14100,10700,14500,10250,20000,23000,14950
6230,"North Ocean City","Ocean City","Worcester","MD","Salisbury",1499,20000,16000,15000,14950,20000,19949.5,10000,11700,10100,14000,11500,10050,10000,10900,10000,14050,14000,15000,10000,10000,10000,6000,10100,6049.5,10500,10000,10000,10450,10000,9850,10050,10000,10000,10000,10000,10000,10000,10000,12050,9000,10000,9050,10000,9500,6500,5750,8600,9100,10000,10000,8900,7900,10000,9900.5,10000,10000,7400,10000,9900,8300,7000,9901,5000.5,7000,7900,5100,5000,5850,9100,5950,5100,7900,6045,7500,5100,5100,5499.5,7500,7000,6250,8000,8995,10000,10000,6000,6500,5050,5050,10000,9000,5400,5050,7000,5095,7750,5000,7000
273801,"Galt Mile","Fort Lauderdale","Broward","FL","Miami-Fort Lauderdale-West Palm Beach",1501,25900,15000,25100,34750,16000,20000,23100,18850,20000,16000,17040.5,18000,15000,25000,17800,15000,20000,15000,20500,39500,25550,14500,20450,24000,20000,19100,8000,20000,10000,14000,10250,15000,10000,10000,10000,12500,17500.5,14500,14900,15000,10000,12450,11000,15950,10050,10000,11500,10000,10500,10000,10000,10000,14500,10000,10000,15000,13561,10900,10000,12000,20050,10000,20000,9756,14000,14500,19000,10050,13250,15000,10050,15000,10000.5,10000,14000,10000,10500,10000,7450,11000,10000,13500,7250,15000,10000,20000,10050,10000,10000,10000,10000,10000,10050,12450,10900,10000,14000
763106,"Coronado Beach","New Smyrna Beach","Volusia","FL","Deltona-Daytona Beach-Ormond Beach",1507,21500,14000,10000,13500,16950,10000,19900,11100,10000,7050,10000,5000,13000,9500,4575,15100,10000,10000,15100,16000,12500,8000,18450,10050,5000,10000,4950,7100,2550,4900,5000,6049,5000,5000,40000,4025,4000,4600,2000,8100,4000,5750,10000,4550,9000,6450,8000,5000,9000,10000,4900,6000,8000,3000,5500,11000,3000,6000,5750,5000,15000,10000,19000,8000,9550,5000,2100,5000,6450,5050,8000,5000,7500.5,5050,3000,200,15000,5000,10000,3100,10000,10000,5000,9250,4000,10000,5100,5000,10000,5000,5000,10000,10000,9500,6000,10000,4500
56772,"Singer Island","Riviera Beach","Palm Beach","FL","Miami-Fort Lauderdale-West Palm Beach",1512,34500,22000,21000,31000,11000,15000,25000,10000,15000,17900,26000,27050,17550,19500,20000,13825,12000,13450,17000,20000,45150,24000,15900,11500,23600,21000,41000,20000,24000,10000,20000,10500,17000,22000,66550,35000,10000,15000,12250,10000,11000,10500,20000,14450,10000,23450,16000,18500,13250,10000,7500,10000,7950,15000,24500,15000,17450,23500,24497.5,14900,25000,14000,21000,13550,20000,20000,11000,19999,12550,18000,12000,8000,10000,10000,9950,24950,12000,10000,10500,15100,11000,20000,22500,10000,5001,10000,10000,16000,10000,15000,12500,10000,19950,10000,8000,20000,15200
125152,"Lower Grand Lagoon","Panama City","Bay","FL","Panama City",1514,19500,10000,101500,8400,15000,25900,46250,54500,10500,26250,13250,15450,27500,10000,12600,10000,10000,25000,10000,9900,4902,25500,10775,27000,10000,15000,14800,5500,20100,4000,29100,7600,9050,5000,8123,9997.5,7500,9500,6000,5500,10000,7500,4900,10000,11250,9200,5700,3000,7750,5654.5,12000,6700,4500,9500,1339.5,6000,1900,5000,5000,5550,8300,5000,5000,7110,11500,9000,5250,5000,10000,5000,5000,10000,10000,1100,800,9950,9500,7000,6000,10000,4900,3050,5100,5000,4400,5500,600,3000,10000,4000,4000,5100,2656,10000,4000,10000,6000
416182,"Isla Del Sol","Saint Petersburg","Pinellas","FL","Tampa-St. Petersburg-Clearwater",1529,17550,15000,10000,7000,10000,9800,10000,10000,6400,11100,6750,10000,7500,10000,11000,6050,5900,10000,10000,15000,7700,10050,5400,10000,5000,9900,5700,6000,7400,9100,6000,10000,10000,10000,6000,10000,10000,10000,10100,9100,10000,9050,5200,10000,10000,11500,10000,11300,9000,5000,6000,5900,5000,5100,5000,5000,5000,6500,3950,5050,9750,11500,7000,10000,6900,10000,9000,8750,10000,5100,5000,6000,8500,5000,5100,7556,10000,8000,9550,10000,9000,9550,7000,10000,4450,7000,10000,10000,5000,10000,9800,6250,5100,10000,9950,8505,6000
343271,"Clearwater Beach Association","Clearwater","Pinellas","FL","Tampa-St. Petersburg-Clearwater",1530,30000,18000,20000,25000,16000,25000,22000,25000,29500,18800,15000,12173,22500,17000,24000,15000,49000,12000,37000,20000,20950,13637,51000,25000,25000,14000,17500,35000,22000,22500,12500,23001,36000,11000,16450,17500,20000,3052.5,15000,4500,10000,25000,20000,20000,11000,24550,10000,10000,25000,10200,19100,5150,15900,17050,20000,10900,17000,22000,37250,15000,10000,29800,20000,34500,25000,25000,20000,20000,10000,17500,15000,10000,9900,10000,18000,14050,20900,16000,20000,24900,15000,13700,10450,26000,19100,15000,13450,18000,18000,10000,12175,16000,22500,14500,10000,11000,7600
343306,"Island Estate Civic Association","Clearwater","Pinellas","FL","Tampa-St. Petersburg-Clearwater",1534,10000,12700,20900,5000,13000,24500,10000,10000,13950,14600,10000,32500,10000,10000,10100,7500,10622.5,14450.5,10000,16750,5000,5000,7500,10000,7900,5000,7500,10000,9100,12500,10250,10000,7950,9000,9100,12500,6900,5000,10000,10000,9000,10000,8187.5,6000,5100,12000,13250,5500,5000,20000,14950,7500.5,10000,5100,10900,10000,8500,25000,5100,5500,5100,7500,6600,9001,6000,10000,10000,10000,5000,10000,6000,10000,7000,6000,10250,10000,10000,10050,10450,10100,10000,8450,10000,9500,5000,9500,6000,6000,7450.5,5900,10000,10000,10000,10999,6000,3000,4450.5
343331,"Sand Key Civic Association","Clearwater","Pinellas","FL","Tampa-St. Petersburg-Clearwater",1535,25000,24800,15000,24000,25600,16000,20000,10000,20000,15005,20000,20000,17950,16000,14750,20400,14000,25000,14600,11000,14550,22000,14500,19550,12250,10000,19050,15100,10000,16550,10500,10000,10000,22400,23000,14000,20777,16000,22500,20000,15000,10000,17500,20500,19550,14000,10000,18500,17500,20000,19250,20450,12750,10000,19100,11000,20000,14000,25050,10000,2050,14550,17050,20900,10000,10000,10000,11000,14550,10000,10000,12000,10000,7900.5,14950,9500,10000,10000,16000,10000,15000,10999,4175,24000,10000,17450,14950,5050,25000,19500,10000,10000,20900,10000,9000,10100,12500
762209,"Midtown","Ocean City","Worcester","MD","Salisbury",1537,19800,15000,20000,19100,20000,16000,15000,15000,10000,14050,15000,15000,13000,15000,10000,10100,15125,12000,10000,10000,10000,10100,10000,13050,14150,10000,10049.5,10000,10000,10000,10000,9100,10000,9901,10000,10000,10000,10000,11950,10000,10000,10000,10000,6000,9100,8000,10000,9000.5,8090,10000,10450,9900,9500.5,6050,5400,10000,10000,9000,10000,10000,10000,8450.5,9950,10000,10000,5000,5550,10000,10000,10000,5900,10000,5100,10000,10000,8950,7600,10000,10000,10000,6450,9100,5000,10000,10000,9100,9550,5050,10000,9250,7950,9050.5,9600,7100,7000,7000,6300
