"RegionName","City","State","Metro","CountyName","SizeRank","2011-02","2011-03","2011-04","2011-05","2011-06","2011-07","2011-08","2011-09","2011-10","2011-11","2011-12","2012-01","2012-02","2012-03","2012-04","2012-05","2012-06","2012-07","2012-08","2012-09","2012-10","2012-11","2012-12","2013-01","2013-02","2013-03","2013-04","2013-05","2013-06","2013-07","2013-08","2013-09","2013-10","2013-11","2013-12","2014-01","2014-02","2014-03","2014-04","2014-05","2014-06","2014-07","2014-08","2014-09","2014-10","2014-11","2014-12","2015-01","2015-02","2015-03","2015-04","2015-05","2015-06","2015-07","2015-08","2015-09","2015-10","2015-11","2015-12","2016-01","2016-02","2016-03","2016-04","2016-05","2016-06","2016-07","2016-08","2016-09","2016-10","2016-11","2016-12","2017-01","2017-02","2017-03","2017-04","2017-05","2017-06","2017-07","2017-08","2017-09","2017-10","2017-11","2017-12","2018-01","2018-02","2018-03","2018-04","2018-05","2018-06","2018-07","2018-08","2018-09"
"Northeast Dallas","Dallas","TX","Dallas-Fort Worth-Arlington","Dallas",1,,,,,,,,,,,,,,,,,,,,,,,,,,,,,,,,,,,,,,,,,,,,,,,,,,,,,,,,,,,,,,,,,,,,,,,,1.3125,1.37931034482759,1.25961538461538,1.24375,1.22222222222222,1.31613897152571,1.28793495660966,1.27272727272727,1.27237146415229,1.1927380952381,1.23872857413642,1.3125,1.33333333333333,1.33333333333333,1.38012295081967,1.33826879271071,1.4,1.33333333333333,1.33333333333333,1.33333333333333,1.2915288930877
"Upper West Side","New York","NY","New York-Newark-Jersey City","New York",2,,,,,,,,,,,,,,,,,,,,,,,,,,,,,,,,,,,,,,,,,,5.07994186046512,5.06736131736132,5,4.99285714285714,4.97939393939394,4.92633228840125,4.92633228840125,4.92307692307692,5.02555366269165,5.06533333333333,4.875,4.92307692307692,4.99258160237389,4.99,4.99129080118694,4.95268138801262,4.96076923076923,5,5,5.00676589986468,5,5,4.99212413452028,4.85,4.7045101088647,4.79663577589845,4.87821943282194,4.85610766045549,4.7489539748954,4.73684210526316,4.75,4.78971962616822,4.78915786384977,4.7489539748954,4.79867659222498,4.75983033932136,4.7679070580014,4.66666666666667,4.67833333333333,4.7045101088647,4.75600011157809,4.7494769874477,4.75580735081561,4.85863968233636,4.71153846153846,4.75,4.7489539748954,4.72222222222222,4.66666666666667,4.79867659222498,4.81083015267176
"Astoria","New York","NY","New York-Newark-Jersey City","Queens",3,,,,,,,,,,,,,,,,,,,,,,,,,,,,,,,,,,,,,,,,,,,,,,,,,,,2.77374892193778,2.77777777777778,2.73076923076923,2.77577649695805,2.8,2.8125,2.75,2.73775216138329,2.72727272727273,2.73684210526316,2.68917541229385,2.62631578947368,2.72247474747475,2.71428571428571,2.6,2.67857142857143,2.66666666666667,2.57894736842105,2.75,2.66666666666667,2.61324786324786,2.8,2.85,2.83333333333333,2.87303629469122,2.8,2.85895806861499,2.8,2.82352941176471,2.75,2.75,2.72727272727273,2.75,2.77777777777778,2.70588235294118,2.7631221719457,2.78222222222222,2.7385542027491,2.76923076923077,2.78571428571429,2.81818181818182,2.82843137254902
"Williamsburg","New York","NY","New York-Newark-Jersey City","Kings",4,,,,,,,,,,,,,,,,,,,,,,,,,,,,,,,,,,,,,,,,,,,,,,,,,,,,,,,,,,,,,,,,,,,,,,,,3.74729166666667,3.72727272727273,3.8,3.84418269230769,3.94868421052632,3.9,3.88777777777778,3.88888888888889,3.795,3.7096130952381,3.61290322580645,3.70051635111876,3.6875,3.77777777777778,3.7,3.75,3.66666666666667,3.69180769230769,3.75,3.74375,3.66666666666667
"Hollywood","Los Angeles","CA","Los Angeles-Long Beach-Anaheim","Los Angeles",5,,,,,,,,,,,,,,,,,,,,,,1.71349644830308,1.998,1.85357142857143,1.76470588235294,1.82608695652174,2.07,1.82162534435262,1.95670666869209,2.08053691275168,2.34105229993699,2.30769230769231,2.24374933119315,2.13571428571429,2.20878136200717,2.09821428571429,2.125,2.21335125448029,2.25,2.36650485436893,2.33333333333333,2.27857142857143,2.26928571428571,2.27857142857143,2.30582524271845,2.09016804614999,2.24375,2.13571428571429,2.21547619047619,2.27857142857143,2.08571428571429,2.17291666666667,2.10769230769231,2.23660714285714,2.29508196721311,2.35537190082645,2.52666666666667,2.40606280193237,2.35,2.39268707482993,2.50609756097561,2.59666666666667,2.66666666666667,2.5448063840921,2.59667487684729,2.56666666666667,2.5531914893617,2.44839483948395,2.60714285714286,2.60357142857143,2.68990384615385,2.52941176470588,2.44516129032258,2.46919504643963,2.53194915254237,2.57175895906281,2.57359307359307,2.60769230769231,2.7,2.74074074074074,2.70603044496487,2.70714285714286,2.63806380638064,2.62631578947368,2.56330128205128,2.61936090225564,2.6,2.66076696165192,2.61875,2.66857962697274,2.65833333333333,2.68808962264151
"Camelback East","Phoenix","AZ","Phoenix-Mesa-Scottsdale","Maricopa",6,,,,,,,,,,,,,,,,,,,,,,,,,,,,,,,,,,,,,,,,,,,,,,,,,,,,,,,,,,,,,,,,,,,,,,,0.991468253968254,0.997748133202425,1.05,1.05083333333333,1.09375,1.11875,1.05869932432432,1.1224358974359,1.12230769230769,1.165,1.13636363636364,1.12916666666667,1.12307692307692,1.075,1.13571428571429,1.17647058823529,1.24875,1.1875,1.15384615384615,1.12972027972028,1.25705128205128,1.27777777777778
"East Side","El Paso","TX","El Paso","El Paso",7,,,,,,,,,,,,,,,,,,,,,,,,,,,,,,,,,,,,,,,,,,,,,,,,,,,,,,,,,,,,,,,,,,,,,,,,0.764705882352941,0.741063644289451,0.787037037037037,0.780955261548869,0.75,0.716845878136201,0.717360483935293,0.769124265664652,0.749185667752443,0.740131578947368,0.762629410808174,0.762100926879506,0.765096304008329,0.755703422053232,0.811921891058582,0.800697787634554,0.807142479513614,0.807106598984772,0.807106598984772,0.794270833333333,0.797186520376176
"Flatbush","New York","NY","New York-Newark-Jersey City","Kings",8,,,,,,,,,,,,,,,,,,,,,,,,,,,,,,,,,,,,,,,,,,,,,,,,,,,,,,,,,,,,,,,,,,,,,,,2.31125,2.33333333333333,2.40909090909091,2.4,2.4375,2.4375,2.4375,2.42857142857143,2.46153846153846,2.56,2.525,2.49553571428571,2.42857142857143,2.4375,2.44388888888889,2.46770833333333,2.55,2.53863636363636,2.5,2.56428571428571,2.61384615384615,2.58064516129032
"Harlem","New York","NY","New York-Newark-Jersey City","New York",9,,,,,,,,,,,,,,,,,,,,,,,,,,,,,,,,,,,,,,,,,,3,3.03313253012048,3.03738317757009,3.08636363636364,3.09606866002215,3.03313253012048,3.04112807491921,3.04237288135593,3.11377245508982,3.15652183694283,3.08333333333333,3.1,3.13035714285714,3.23529411764706,3.18181818181818,3.1625,3.14441514860978,3.05718954248366,3.03738317757009,3.08765328874025,3.14597315436242,3.15921492694948,3.15789473684211,3.04798962386511,3.185,3.21290143964563,3.32222222222222,3.26666666666667,3.2,3.26416302955291,3.28107675906183,3.32596105233592,3.36842105263158,3.39080459770115,3.316,3.316,3.39270568278202,3.45727272727273,3.35833828480887,3.31111111111111,3.35294117647059,3.54901905252317,3.37807606263982,3.27777777777778,3.50403225806452,3.5998417721519,3.67172812725958,3.48660472319009,3.54545454545455,3.44255485893417,3.46153846153846
"East Harlem","New York","NY","New York-Newark-Jersey City","New York",10,,,,,,,,,,,,,,,,,,,,,,,,,,,,,,,,,,,,,,,,,,,,,,,,,,,,3.75,3.80098245831525,3.84615384615385,3.84615384615385,3.875,3.94011032308905,3.98148148148148,4.04761904761905,3.99583333333333,4.1,4.11694444444444,4.48047020484171,4.26648351648352,4.58720238095238,4.71531943662745,4.69798657718121,5.02599653379549,5.15463917525773,5.17567427102139,5.20833333333333,4.65688073394495,4.25,4.10588235294118,4.1,3.84615384615385,3.775,3.88321995464853,4,4.11695906432749,4.04761904761905,4.29824561403509,4.59523809523809,4.51053921568627,4.35022026431718,4.295,4.04761904761905,4.16666666666667,4.12084426536732,4.09,4.04761904761905,4.18937282229965
"Corona","New York","NY","New York-Newark-Jersey City","Queens",11,,,,,,,,,,,,,,,,,,,,,,,,,,,,,,,,,,,,,,,,,,,,,,,,,,,,,,,,,,,,,,,,,,,2.1640625,2.21519607843137,2.3593570608496,2.26166888248413,2.06084959816303,2.2939729397294,2.4,2.38007380073801,2.34855545200373,2.35714285714286,2.42590133513792,2.28301886792453,2.50175315568022,2.45125348189415,2.48607242339833,2.49303621169916,2.31242312423124,2.35560034979027,2.17692637292009,2.22222222222222,2.29520697167756,2.30661878917457,2.26001863932898,2.20465014048724,2.28412256267409,2.36363636363636
"Sunset Park","New York","NY","New York-Newark-Jersey City","Kings",12,,,,,,,,,,,,,,,,,,,,,,,,,,,,,,,,,,,,,,,,,,,,,,,,,,,,,,,,,,,,,,,,,,,,,,,,,2.44722222222222,2.5,2.49375,2.44722222222222,2.36072423398329,2.5,2.32075691677565,2.33333333333333,2.42264752791069,2.34090909090909,2.32788798133022,2.30789473684211,2.44452286843591,2.4,2.45454545454545,2.5197628458498,2.56776556776557,2.5,2.55555555555556,2.48275862068966
"Bensonhurst","New York","NY","New York-Newark-Jersey City","Kings",13,,,,,,,,,,,,,,,,,,,,,,,,,,,,,,,,,,,,,,,,,,,,,,,,,,,,,,,,,,,,,,,,,,,,,,,,,,,,,2,2.03025811375357,2.03180212014134,1.93376068376068,2.0006157635468,2,1.94412878787879,1.9047619047619,1.90747478616111,2,2,2.06329588014981,2.2094298245614,1.999375,1.94987255734919,1.82638888888889
"Koreatown","Los Angeles","CA","Los Angeles-Long Beach-Anaheim","Los Angeles",14,,,,,,,,,,,,,,,,,,,,,,,,,,,,,,,,,,,,,,,,,,,,,,,,,,,,,,,,,,,,,,,,,,,,,,2.24179292929293,2.39583333333333,2.55555555555556,2.34623824451411,2.49166666666667,2.49798549556809,2.49899274778405,2.43208833151581,2.5,2.67318181818182,2.51798561151079,2.53846153846154,2.55338345864662,2.5,2.595,2.66,2.61538461538462,2.68965517241379,2.59149973258132,2.65,2.75,2.69230769230769,2.7
"Westlake","Los Angeles","CA","Los Angeles-Long Beach-Anaheim","Los Angeles",15,,,,,,,,,,,,,,,,,,,,,,,,,,,,,,,,,,,,,,,,,,,,,,,,,,,,,,,,,,,,,,,,,,,,,,,,,,,,,,,2.65925925925926,2.6264367816092,2.66666666666667,2.6478648820905,2.46761133603239,2.5,2.43333333333333,2.63636363636364,2.65555555555556,2.51785714285714,2.53846153846154,2.5,2.52777777777778,2.75
"Sheepshead Bay","New York","NY","New York-Newark-Jersey City","Kings",16,,,,,,,,,,,,,,,,,,,,,,,,,,,,,,,,,,,,,,,,,,,,,,,,,,,,,,,,,,,,,,,,,,,,,,,,,,,,,,,,2.81007751937985,2.44444444444444,2.19060402684564,2.17988974113135,2.18120805369128,2.17708333333333,2.19125,2.16622994652406,2.08333333333333,2.19919786096257,2.285,2.19024122807018,2.12611899984566
"Downtown","San Jose","CA","San Jose-Sunnyvale-Santa Clara","Santa Clara",17,,,,,,,,,,,,,,,,,,,,,,,,,,,,,,,,,,,,,,,,,,,,,,,,,,,,,,,,,,,,,,,,,,,,,,,,,,,2.69242424242424,2.96145202266953,2.72272727272727,2.98214285714286,2.86694013303769,2.84615384615385,2.61309523809524,2.82,2.79578606158833,2.77452415812592,2.72958184764992,2.712,2.825,2.72559681697613,2.76153846153846,2.91651583710407,2.96461988304094,2.61230769230769
"Logan Square","Chicago","IL","Chicago-Naperville-Elgin","Cook",18,,,,,,,,,,,,,,,,,,,,,,,,,,,,,,,,,,,,,,,,,,,,,,,,,,,,,,,,,,,,,,,,,,,,,,,,,1.51388888888889,1.57142857142857,1.56385869565217,1.59545454545455,1.63157894736842,1.63157894736842,1.54128787878788,1.55050505050505,1.53333333333333,1.61944813829787,1.59016666666667,1.66666666666667,1.65957446808511,1.69,1.695,1.66666666666667,1.69886363636364,1.6698424796748,1.66666666666667,1.66388888888889
"Flushing","New York","NY","New York-Newark-Jersey City","Queens",19,,,,,,,,,,,,,,,,,,,,,,,,,,,,,,,,,,,,,,,,,,,,,,,,,,,,,,,,,,,,,,,,,,,,,,,2.24166666666667,2.35667072855508,2.25566666666667,2.4,2.5,2.5,2.55555555555556,2.57142857142857,2.61111111111111,2.625,2.57142857142857,2.55555555555556,2.5,2.5,2.5,2.46333300762165,2.42522321428571,2.46666666666667,2.46288798920378,2.43888888888889,2.40518879616624,2.35
"North Hollywood","Los Angeles","CA","Los Angeles-Long Beach-Anaheim","Los Angeles",20,,,,,,,,,,,,,,,,,,,,,,,,,,,,,,,,,,,,,,,,,,,,,,,,,,,,,,,,,,,,,,,,,,,,,,,,,,2.15953177257525,2.28287545787546,2.25,2.16285560923242,2.20192307692308,2.14615384615385,2.3,2.3,2.53630705394191,2.32484076433121,2.18824357460721,2.19960212201592,2.2264631043257,2.28125,2.271875,1.995,2.14317626527051,2.27694805194805,2.26666666666667
"Sherman Oaks","Los Angeles","CA","Los Angeles-Long Beach-Anaheim","Los Angeles",21,,,,,,,,,,,,,,,,,,,,,,,,,,,,,,,,,,,,,,,,,,,,,,,,,,,,,,,,,,,,,,,,,,,,,,,,,2.18613636363636,2.2,2.21142857142857,2.16923076923077,2.18390804597701,2.2,2.27777777777778,2.28083333333333,2.33333333333333,2.295,2.28797619047619,2.186875,2.28095238095238,2.17659932659933,2.26818181818182,2.19866666666667,2.17540829145729,2.23027210884354,2.21404761904762,2.30864102564103
"Murray Hill","New York","NY","New York-Newark-Jersey City","Queens",22,,,,,,,,,,,,,,,,,,,,,,,,,,,,,,,,,,1.82575757575758,1.92857142857143,1.92261904761905,1.91666666666667,1.92982456140351,1.92982456140351,1.95,1.98275862068966,1.91666666666667,1.9375,2.10003848867791,2.05844155844156,2.17172383465259,2.15311004784689,2.09961832061069,2.06818181818182,2.04195804195804,1.95813375092115,2,2.13675213675214,2.16666666666667,2.19079939668175,2.08012820512821,2,2.03846153846154,2.04347826086957,2.03355057829998,1.96865203761755,2.05622188905547,2,1.95,2.18181818181818,1.95,2.02453987730061,2.04195804195804,2.04545454545455,2.05397727272727,1.96490856043932,2.13846153846154,2.11538461538462,2.26666666666667,2.18181818181818,2.21428571428571,2.28333333333333,2.31034482758621,2.3,2.20689655172414,2.21776315789474,2.312,2.21416666666667,2.14583333333333,2.18398601398601,2.1551724137931,2.15,2.22017543859649,2.23529411764706,2.23076923076923,2.16,2.0625
"Forest Hills","New York","NY","New York-Newark-Jersey City","Queens",23,,,,,,,,,,,,,,,,,2,2.21969696969697,2.36875,2.27272727272727,2.325,2.30181339977852,2.32267441860465,2.29166666666667,2.23333333333333,2.16666666666667,2.25368413871075,2.4,2.367421875,2.31254854368932,2.31980519480519,2.2294887039239,2.22411935196195,2.2289156626506,2.25,2.24583333333333,2.26491228070175,2.26315789473684,2.31316725978648,2.33333333333333,2.33257575757576,2.33155326268823,2.38936046511628,2.44148936170213,2.395,2.33854166666667,2.39068181818182,2.38636363636364,2.41788321167883,2.41666666666667,2.43181818181818,2.41519160583942,2.45398773006135,2.45643939393939,2.39285714285714,2.356,2.33333333333333,2.31578947368421,2.39642857142857,2.3125,2.34215885947047,2.30769230769231,2.325,2.34166666666667,2.35504201680672,2.33333333333333,2.38266666666667,2.38461538461538,2.45,2.44166666666667,2.39333333333333,2.37397058823529,2.42142857142857,2.43819444444444,2.49583333333333,2.42748091603053,2.48645833333333,2.45161290322581,2.44949494949495,2.44678492239468,2.40454545454545,2.42374199184624,2.42142857142857,2.45,2.49652777777778,2.42582417582418,2.5,2.5,2.45161290322581,2.44140625,2.4,2.4
"West Rogers Park","Chicago","IL","Chicago-Naperville-Elgin","Cook",24,,,,,,,,,,,,,,,,,,,,,,,,,,,,,,,,,,,,,,,,,,,,,,,,,,,,,,,,,,,,,,,,,,,,,,,,,1.20454545454545,1.20454545454545,1.20454545454545,1.27913279132791,1.26315789473684,1.2050505050505,1.15789473684211,1.17727272727273,1.2,1.20555555555556,1.23076923076923,1.22375,1.27824390243902,1.25,1.23125,1.17291666666667,1.3125,1.28086890243902,1.30384615384615,1.27777777777778
"South Dorchester","Boston","MA","Boston-Cambridge-Newton","Suffolk",25,,,,,,,,,,,,,,,,,,,,,,,,,,,,,,,,,,,,,,,,,,,,,,,,,,,,,,,,,,,,,,,,,,,,,,1.80128205128205,1.65369198526868,1.5,1.65,1.84615384615385,1.82052862229526,1.89833333333333,1.85135045567523,1.796875,1.73863636363636,1.78571428571429,1.75,1.68019480519481,1.75,1.8,1.775,1.818,1.836,1.83926458832934,1.84,1.85714285714286,1.90677966101695,1.77272727272727
"Park Slope","New York","NY","New York-Newark-Jersey City","Kings",26,,,,,,,,,,,,,,,,,,,,,,,,,,,,,,,,,,,,,,,,,,,,,,,,,,,,,,,,,,,,,,,,,,,,,,3.32846153846154,3.16590909090909,3.32804487179487,3.34375,3.43069873997709,3.44292545710267,3.4875,3.495,3.46666666666667,3.42857142857143,3.5,3.44444444444444,3.375,3.33333333333333,3.37171052631579,3.51556338028169,3.499,3.53846153846154,3.51190476190476,3.53076923076923,3.5,3.475,3.57142857142857
"Jackson Heights","New York","NY","New York-Newark-Jersey City","Queens",27,,,,,,,,,,,,,,,,,,,,,,,,,,,,,,,,,,,,,,,,,,,,2.46709623911449,2.44791666666667,2.40833333333333,2.52173913043478,2.44791666666667,2.5,2.43333333333333,2.41666666666667,2.42857142857143,2.46666666666667,2.5,2.46666666666667,2.46666666666667,2.40549828178694,2.4,2.375,2.37279411764706,2.38709677419355,2.36607142857143,2.38709677419355,2.42753623188406,2.31306990881459,2.29166666666667,2.35714285714286,2.3125,2.421875,2.4,2.43229166666667,2.24679487179487,2.40442307692308,2.49652777777778,2.36111111111111,2.41284194528875,2.44791666666667,2.45454545454545,2.51231060606061,2.46709770114943,2.42857142857143,2.42857142857143,2.25654761904762,2.3125,2.40689655172414,2.44791666666667,2.53159777424483,2.455012300123,2.44791666666667,2.43673758865248,2.34741379310345,2.3448275862069
"Gravesend","New York","NY","New York-Newark-Jersey City","Kings",28,,,,,,,,,,,,,,,,,,,,,,,,,,,,,,,,,,,,,,,,,,,,,,,,,,,,,,,,,,,,,,,,,,,,,,,,,2.08333333333333,2,2,2.06896551724138,2.06226053639847,2.10006180469716,2.14214285714286,2.01550960118168,2.05978689818469,1.88301886792453,2.07177785539644,2.00855745721271,2.00855745721271,2.11,2.03101920236337,2.13888888888889,2.03170731707317,2.01550960118168,2.20286885245902,2.02154626108999
"Central Colorado Springs","Colorado Springs","CO","Colorado Springs","El Paso",29,,,,,,,,,,,,,,,,,,,,,,,,,,,,,,,,,,,,,,,,,,,,,,,,,,,,,,,,,,,,,,,,,,,,,,,,1.01739130434783,1,1.04166666666667,1.04545454545455,1.0625,1.04166666666667,1.05397727272727,1.09090909090909,1.15714285714286,1.03807471264368,1.05756578947368,1.09307359307359,1.19022415940224,1.09090909090909,1.13174832267124,1.12556561085973,1.07015457788347,1.0425641025641,1.07777777777778,1.07010869565217,1.15519423832388
"South Austin","Chicago","IL","Chicago-Naperville-Elgin","Cook",30,,,,,,,,,,,,,,,,,,,,,,,,,,,,,,,,,,,,,,,,,,,,,,,,,,,,,,,,,,,,,,,,,,,,,,,,,,,,,,,,1.14318181818182,1.15,1.08955223880597,1.10633802816901,1.1234457786416,1.12776659959759,1.13967136150235,1.2125,1.19,1.18181818181818,1,1.11267605633803,1.14285714285714
"The Heights","Jersey City","NJ","New York-Newark-Jersey City","Hudson",31,,,,,,,,,,,,,,,,,,,,,,,,,,,,,,,,,,,,,,,,,,,,,,,,,,,,,,,,,,,,,,,,,,,,,,,,1.86333333333333,1.92857142857143,2.07692307692308,2.18095238095238,2.11764705882353,1.975,1.95833333333333,2,2.05833333333333,1.99722222222222,1.99285714285714,1.9040365575019,1.91630399303667,2.02777777777778,1.94866071428571,1.96875,2.05882352941176,2.09,2.09874396135266,2.16666666666667,2.22806249087458
"Roxbury","Boston","MA","Boston-Cambridge-Newton","Suffolk",32,,,,,,,,,,,,,,,,,,,,,,,,1.22227822580645,1.43398268398268,1.43398268398268,1.47727272727273,1.57165851670742,1.5,1.55,1.47373862696443,1.46727272727273,1.5,1.6,1.625,1.5462427446746,1.53846153846154,1.52402745995423,1.51229117366581,1.59716599190283,1.52891602834051,1.58130254487616,1.62962962962963,1.65,1.69375,1.68333333333333,1.62700534759358,1.6975,1.695,1.75492610837438,1.98,1.69375,1.62587412587413,1.6463685770751,1.71162240142043,1.58,1.47058823529412,1.51086956521739,1.64318181818182,1.62373737373737,1.75075757575758,1.8332083958021,1.77777777777778,1.78178273485673,1.83333333333333,1.98333333333333,1.64690382081686,1.51086956521739,1.51949025487256,1.390625,1.54166666666667,1.5625,1.66608836456165,1.75,1.78571428571429,1.77777777777778,1.69375,1.72,1.8,1.71291208791209,1.59365079365079,1.7032967032967,1.81159420289855,1.76315789473684,1.77525252525253,2,2,2.20966057441253,2.18068968269351,2,1.9,1.77777777777778
"Albany Park","Chicago","IL","Chicago-Naperville-Elgin","Cook",33,,,,,,,,,,,,,,,,,,,,,,,,,,,,,,,,,,,,,,,,,,,,,,,,,,,,,,,,,,,,,,,,,,,,,,,1.32291666666667,1.385,1.32142857142857,1.27551020408163,1.36268343815514,1.36057692307692,1.35227272727273,1.33222222222222,1.3921188630491,1.41333333333333,1.42857142857143,1.39392857142857,1.42844491898003,1.44,1.41323886062105,1.395,1.38888888888889,1.39194444444444,1.375,1.39473684210526,1.36842105263158,1.32247899159664
"Encanto","Phoenix","AZ","Phoenix-Mesa-Scottsdale","Maricopa",34,,,,,,,,,,,,,,,,,,,,,,,,,,,,,,,,,,,,,,,,,,,,,,,,,,,,,,,,,,,,,,,,,,,,,,,,,,,,,,,1.17058823529412,1.11764705882353,1.17357910906298,1.22391469916222,1.16628264208909,1.11538461538462,1.11538461538462,1.16666666666667,1.11111111111111,1.18421052631579,1.13216911764706,1.05152027027027,1.11309523809524,1.08420138888889
"Westwood","Los Angeles","CA","Los Angeles-Long Beach-Anaheim","Los Angeles",35,,,,,,,,,,,,,,,,,,,,,,,,,,,,,,,,,,,,,,,,,,,,,,,,,,,,,,,,,,,,,,,,,,,,,,,,,,,,,,2.74197722567288,2.77222222222222,2.70833333333333,2.65461538461538,2.4906693989071,2.54340277777778,2.64869888475836,2.63733766233766,2.64423076923077,2.99857142857143,2.67665952890792,2.72272727272727,2.90852272727273,3.03760949652067,2.71780303030303
"Lake View","Chicago","IL","Chicago-Naperville-Elgin","Cook",36,,,,,,,,,,,,,,,,,,,,,,,,,,,,,,,,,,,,,,,,,,,,1.66458333333333,1.575,1.58333333333333,1.595,1.6,1.67156862745098,1.56239130434783,1.72222222222222,1.77587519025875,1.82777777777778,1.79487179487179,1.72003073770492,1.65833333333333,1.64444444444444,1.6375,1.65892230914486,1.71071428571429,1.75,1.75789473684211,1.75833333333333,1.81992337164751,1.85714285714286,1.85714285714286,1.75,1.78708791208791,1.70557275541796,1.76666666666667,1.68125,1.79,1.93176693096676,2,1.99083333333333,1.95833333333333,1.92307692307692,1.88235294117647,1.82648040033361,1.79583333333333,1.74375,1.71875,1.76470588235294,1.75714285714286,1.85,1.89189189189189,1.87573529411765,1.90871212121212,1.9125,1.895,1.85857142857143,1.84615384615385
"Rogers Park","Chicago","IL","Chicago-Naperville-Elgin","Cook",37,,,,,,,,,,,,,,,,,,,,,,,,,,,,,,,,,,,,,,,,,,,,,,,,,,,,,,,,,,,,,,,,,,,,,,,,,1.52173913043478,1.43888888888889,1.48461538461538,1.4975,1.5,1.51086956521739,1.47914979757085,1.45227272727273,1.48980769230769,1.5,1.54166666666667,1.52631578947368,1.5,1.56458333333333,1.58849557522124,1.54867256637168,1.55441176470588,1.5,1.53525641025641,1.51428571428571
"Bay Ridge","New York","NY","New York-Newark-Jersey City","Kings",38,,,,,,,,,,,,,,,,,,,,,,,,,,,,,,,,,,,,,,,,,,,,,,,,,,,,,2,2.07142857142857,2.05902777777778,1.99306152483655,1.92307692307692,1.97857142857143,2.0625,2.04553571428571,2,2.16346153846154,2.06666666666667,2.14285714285714,2.25409836065574,1.91454545454545,2.2,2.04545454545455,2.11764705882353,2.03571428571429,1.996875,2.23026315789474,2.31009615384615,2.3,2.28428571428571,2.3,2.34347826086957,2.28285714285714,2.26666666666667,2.4,2.24375,2.16666666666667,2.25806451612903,2.24223039215686,2.21810089020772,2.26376811594203,2.27272727272727,2.30384615384615,2.3,2.3,2.41885964912281,2.4
"Oak Lawn","Dallas","TX","Dallas-Fort Worth-Arlington","Dallas",39,,,,,,,,,,,,,,,,,,,,,,,,,,,,,,,,,,,,,,,,,,,,,,,,,,,,,,,,,,,,,,,,,,,,,,,,1.67400275103164,1.7,1.67539267015707,1.68401397685084,1.82265133234662,1.8641975308642,1.84274595285676,2.05399061032864,2.07994579945799,2.089592760181,2.0249497141948,2.01633045148895,1.67400275103164,1.67910663867371,1.73333333333333,1.59560293137908,1.59560293137908,1.52884615384615,1.60563172637476,1.43888888888889,1.49779735682819
"Woodside","New York","NY","New York-Newark-Jersey City","Queens",40,,,,,,,,,,,,,,,,,,,,,,,,,,,,,,,,,,,,,,,,,,,,,,,,,,,,,,,,,,,,,,,,,,,,,,,,,2.58333333333333,2.47058823529412,2.46153846153846,2.4975,2.55137362637363,2.42857142857143,2.54166666666667,2.45454545454545,2.26666666666667,2.5,2.35294117647059,2.46153846153846,2.46,2.53571428571429,2.6254105090312,2.66666666666667,2.51785714285714,2.49875,2.6,2.4
"Greenville","Jersey City","NJ","New York-Newark-Jersey City","Hudson",41,,,,,,,,,,,,,,,,,,,,,,,,,,,,,,,,,,,,,,,,,,,,,,,,,,,,,,,,,,,,,,,,,,,,,,,,,,,,,,,,1.68181818181818,1.64285714285714,1.63888888888889,1.62122328666175,1.58116883116883,1.66666666666667,1.75595238095238,1.78888888888889,1.78125,1.80555555555556,1.81764705882353,1.86,1.93028846153846
"Gresham","Chicago","IL","Chicago-Naperville-Elgin","Cook",42,,,,,,,,,,,,,,,,,,,,,,,,,,,,,,,,,,,,,,,,,,,,,,,,,,,,,,,,,,,,,,,,,,,,,,,,,1,0.972222222222222,0.944444444444444,1,1,1,1,1.03932533187852,1.03932533187852,1.03125,1.04580952380952,1.03125,1,1,0.991071428571429,0.991071428571429,1.02647058823529,1.08347826086957,1,0.99375
"Sunnyside","New York","NY","New York-Newark-Jersey City","Queens",43,,,,,,,,,,,,,,,,,,,,,,,,,,,,,,,,,,,,,,,,,,,,,,,,,,,,,,,,,,,,,,,,,2.60460179996604,2.51470588235294,2.58333333333333,2.5,2.63809523809524,2.6,2.54722222222222,2.62285714285714,2.61279843444227,2.53311258278146,2.6,2.625,2.60357142857143,2.57142857142857,2.63601127554616,2.69230769230769,2.70946319867183,2.62987012987013,2.64642857142857,2.66130028410261,2.6875,2.61538461538462,2.68585526315789,2.80285714285714,2.78571428571429,2.8,2.79471544715447,2.70714285714286
"Jamaica Plain","Boston","MA","Boston-Cambridge-Newton","Suffolk",44,,,,,,,,,,,,,1.73684210526316,1.9534632034632,1.98717948717949,2.01204819277108,2.14559512960475,2.06896551724138,2.03448275862069,2.11781609195402,2.2041303445413,1.9047619047619,1.99090909090909,1.99090909090909,2.04545454545455,2.08333333333333,2.07294429708223,2.07614942528736,2.24406890060889,2.1875,2.16129032258065,2.39495798319328,2.28125,2.25,2,1.91111111111111,2.11111111111111,2.13961038961039,2.14285714285714,2.08116883116883,2.22222222222222,2.18181818181818,2.27272727272727,2.15833333333333,2.05213903743315,2,2,2.1,2.13460808245186,2.24375,2.24159402241594,2.19615384615385,2.2,2.16666666666667,2.14545454545455,2,1.9047619047619,1.97936507936508,1.96362433862434,2.07916666666667,2.27603174603175,2.28571428571429,2.29445574771109,2.2975,2.11320754716981,2.22377622377622,2.11320754716981,1.78903743315508,1.75400723888314,2.02047803617571,2.02702702702703,2.07905701754386,2.27857142857143,2.36038961038961,2.35210084033613,2.32737403100775,2.32916666666667,2.28,2.21111111111111,2.18181818181818,2.2,2.20869565217391,2.13928571428571,2.21739130434783,2.44097222222222,2.54311594202899,2.46153846153846,2.42857142857143,2.47058823529412,2.4599358974359,2.4,2.396
"Palms","Los Angeles","CA","Los Angeles-Long Beach-Anaheim","Los Angeles",45,,,,,,,,,,,,,,,,,,,,,,,,,,,,,,,,,,,,,,,,,,,,,,,,,,,,,,,,,,,,,,,,,,,,,,,,2.35046382189239,2.43888888888889,2.35714285714286,2.45138888888889,2.39333333333333,2.41814814814815,2.50753768844221,2.5925,2.50665792540793,2.55311890838207,2.49541666666667,2.5,2.80640640640641,2.54795918367347,2.55,2.795,2.84920634920635,2.79333333333333,2.99583333333333,3.14102950030102,3.11258278145695
"Englewood","Chicago","IL","Chicago-Naperville-Elgin","Cook",46,,,,,,,,,,,,,,,,,,,,,,,,,,,,,,,,,,,,,,,,,,,,,,,,,,,,,,,,,,,,,,,,,,,,,,,,0.961538461538462,0.961538461538462,0.9375,0.94875,0.926442307692308,0.962142857142857,0.964285714285714,1,1,1,1,1,1,1,0.964285714285714,0.964285714285714,0.958333333333333,1,1,0.997916666666667,1
"Kew Gardens Hills","New York","NY","New York-Newark-Jersey City","Queens",47,,,,,,,,,,,,,,,,,,,,,,,,,,,,,,,,,,,,,,,,,,,,,,,,,,,,,,,,,,,,,,,,,,,,,,,,,,,,,,,,,2.3125,2.22222222222222,2.10597826086957,2.1875,2.18258807588076,2.417,2.46710526315789,2.53571428571429,2.5,2.4,2.4,2.7769696969697
"Rego Park","New York","NY","New York-Newark-Jersey City","Queens",48,,,,,,,,,,,,,,,,,,,,,,,,,,,,,,,,,,,,,,,,,,,2.4453781512605,2.28861386138614,2.27272727272727,2.25,2.25,2.26666666666667,2.27722772277228,2.35714285714286,2.35044642857143,2.42864372469636,2.38347400313802,2.37249381188119,2.35897435897436,2.39071038251366,2.42857142857143,2.37361064945804,2.33561178094426,2.32160312805474,2.31818181818182,2.38047619047619,2.52567014993185,2.45398773006135,2.33333333333333,2.48839009287926,2.64026402640264,2.45497311827957,2.46666666666667,2.44444444444444,2.23182152038193,2.33333333333333,2.35792019347037,2.33333333333333,2.33225108225108,2.30555555555556,2.31438515081206,2.33333333333333,2.42296918767507,2.44888888888889,2.37003058103976,2.31257318501171,2.38461538461538,2.37928248222366,2.43055555555556,2.38888888888889,2.43055555555556,2.4375,2.4375,2.48049486461251,2.49187207082104,2.5
"Greater Heights","Houston","TX","Houston-The Woodlands-Sugar Land","Harris",49,,,,,,,,,,,,,,,,,,,,,,,,,,,,,,,,,,,,,,,,,,,,,,,,,,,,,,,,,,,,,,,,,,,,,,,,1.63090909090909,1.63454545454545,1.61272727272727,1.5625,1.5008658008658,1.44637524456802,1.47407407407407,1.52210884353742,1.5234375,1.51515151515152,1.47081663715715,1.484375,1.5546875,1.425,1.38797619047619,1.575,1.5679347826087,1.64102564102564,1.6921768707483,1.65833333333333,1.68128662941257
"Mid Wilshire","Los Angeles","CA","Los Angeles-Long Beach-Anaheim","Los Angeles",50,,,,,,,,,,,,,,,,,,,,,,,,,,,,,,,,,,,,,,,,,,,,,,,,,,,,,,,,,,,,,,,,,,,,,,,,,,,,,,,,2.39285714285714,2.21428571428571,2.21428571428571,2.25844155844156,2.33333333333333,2.35454545454545,2.13327349869452,2.44866071428571,2.51923076923077,2.23611111111111,2.33339140534263,2.27857142857143,2.27857142857143
"South Loop","Chicago","IL","Chicago-Naperville-Elgin","Cook",51,2.04302103250478,2.14041095890411,1.95519035758762,1.96891654494493,1.9988632724944,2.12965709097296,2.11360634081902,2.10721485459098,2.11203319502075,2.1181920592984,2.11360634081902,2.12315741944806,2.13930348258706,2.19195402298851,2.25212790430182,2.17391304347826,2.23671023694616,2.24137931034483,2.23275208491281,2.21706432887099,2.17835457271364,2.15468383730602,2.11376536393564,2.15,2.1280487804878,2.16556291390728,2.22184693756664,2.27643171806167,2.29224137931034,2.30474411787143,2.2704347826087,2.27020528476682,2.22222222222222,2.19628996553367,2.21754634087626,2.1761415210762,2.12819642370881,2.1435119047619,2.17898832684825,2.33050847457627,2.3781388478582,2.35975066785396,2.35724533715925,2.35636415959914,2.32388747928804,2.30042372881356,2.29829545454545,2.26277307723699,2.32225433526012,2.24358974358974,2.22588235294118,2.22941176470588,2.24320457796853,2.27179079357065,2.43055555555556,2.48536585365854,2.43850806451613,2.448,2.37995594713656,2.34973834257596,2.44171779141104,2.34160613397902,2.33333333333333,2.34180790960452,2.25973976815709,2.29731949458484,2.40833333333333,2.19706242350061,2.28720445062587,2.30366564843099,2.23527462121212,2.33257918552036,2.29357798165138,2.37304458239278,2.42055267702936,2.37786941406933,2.39164785553047,2.40835514834206,2.45501955671447,2.29963898916967,2.28554913294798,2.27320973189055,2.21122972145699,2.31357255262184,2.33333333333333,2.36275720266432,2.39248313984534,2.44979919678715,2.58981001727116,2.80053191489362,2.72403866432337,2.66393442622951
"Humboldt Park","Chicago","IL","Chicago-Naperville-Elgin","Cook",52,,,,,,,,,,,,,,,,,,,,,,,,,,,,,,,,,,,,,,,,,,,,,,,,,,,,,,,,,,,,,,,,,,,,,,,,1.32083333333333,1.23070953436807,1.23070953436807,1.35,1.38461538461538,1.4625,1.47058823529412,1.3975,1.295,1.28571428571429,1.295,1.26333333333333,1.29,1.32916666666667,1.41287878787879,1.495,1.45,1.43478260869565,1.45208333333333,1.40802631578947,1.42105263157895
"Edgewater","Chicago","IL","Chicago-Naperville-Elgin","Cook",53,,,,,,,,,,,,,,,,,,,,,,,,,,,,,,,,,,,,,,,,,,,,,,,,,,,,,,,,,,,,,,,,,,,,,,,,,1.64795168067227,1.70294117647059,1.6875,1.734375,1.78125,1.81363636363636,1.78950140449438,1.77888888888889,1.70357142857143,1.86875,1.86875,1.935,1.97852822580645,1.77666666666667,1.81818181818182,1.87381404174573,1.90909090909091,1.89012295081967,1.885,1.87916666666667
"Lake View East","Chicago","IL","Chicago-Naperville-Elgin","Cook",54,,,,,,,,,,,,,,,,,,,,,,,,,,,,,,,,,,,,,,,,,,,,,,,,,,,,,,1.81244588744589,1.85,1.70490476190476,1.6875,1.6625,1.69598484848485,1.7121921182266,1.79625,1.86206896551724,1.88840909090909,1.93548387096774,1.98125,1.95,1.90625,1.795,1.82333873581848,1.82926829268293,1.83,1.85,1.94008333333333,1.99375,1.99,1.99,2.015,2.05,1.99,1.9,1.87,1.87125,1.88465909090909,1.9375,1.98136645962733,1.94,1.97530864197531,2.03535980148883,1.99,1.98535714285714,1.92592592592593,1.86
"Fort Greene","New York","NY","New York-Newark-Jersey City","Kings",55,,,,,,,,,,,,,,,,,,,,,,,,,,,,,,,,,,,,,,,,,,,,,,,,,,,,,,,,,,,,,,,,,,,,,,,4.40279855692751,4.26356589147287,4.26978737740511,4.23514344262295,4.32186255104853,4.39706281372948,4.13367079115111,3.96933979189092,3.91746794871795,4.095,4.13103448275862,4.22174040148119,4.16551724137931,4.34005376344086,4.07857142857143,4.53333333333333,4.76747503566334,4.79651162790698,4.79285714285714,4.66111111111111,5.05066666666667,4.90997313102576
"North Park","San Diego","CA","San Diego-Carlsbad","San Diego",56,,,,,,,,,,,,,,,,,,,,,,,,,,,,,,,,,,,,,,,,,,,,,,,,,,,,,,,,,,,,,,,,,,,,,,,,2.325,2.23076923076923,2.17708333333333,2.17587837837838,2.32291666666667,2.43055555555556,2.37668269230769,2.325,2.36607142857143,2.20670391061453,2.2,2.16186252771619,2.44799048122686,2.3,2.29754098360656,2.48633879781421,2.41666666666667,2.37655555555556,2.39333333333333,2.45833333333333,2.3
"South Boston","Boston","MA","Boston-Cambridge-Newton","Suffolk",57,,,,,,,,,,,,,,,,,,,,,,,,,,,,,,,,,,,,,,,,,,,,,,,,,,,,,,,2.83333333333333,2.84356819650937,2.74342105263158,2.76696832579186,2.85714285714286,2.96495956873315,3.1,3.08943089430894,3.09826958105647,3.14285714285714,2.92460325121631,3.112,2.79664804469274,2.91847826086957,2.94441095726468,3.00569800569801,3.125,3.01139601139601,3.01139601139601,3.11111111111111,3.25,3.125,3.16666666666667,3.15898179182897,3.0025,3.00694800569801,2.93333333333333,2.95676946539016,2.85714285714286,3,3.112,3.11688311688312,3.17074468085106,3.08012820512821,3.10755555555556,3.26670534958016,3.47767857142857,3.53092783505155
"Capitol Hill","Seattle","WA","Seattle-Tacoma-Bellevue","King",58,,,,,,,,,,,,,,,,,,,,,,,,,,,,,,,2.3125,2.2012987012987,2.15968528368794,2.08333333333333,2.08636363636364,2.13928571428571,2.19,2.15833333333333,2.15833333333333,2.15269475747183,2.09545454545455,2.1,2.32191780821918,2.30751309489379,2.29553571428571,2.20055555555556,2.19,2.18364696734059,2.23214285714286,2.24166666666667,2.19,2.22727272727273,2.21442652329749,2.34084394904459,2.43922244094488,2.42647058823529,2.37037037037037,2.33953033268102,2.18746575342466,2.17579908675799,2.08012820512821,2.28278543655002,2.19434853420195,2.34671052631579,2.44093866329702,2.46323529411765,2.53224306964165,2.5922972972973,2.552,2.58916666666667,2.41411633146409,2.70186893203883,2.68912905276542,2.51578947368421,2.67241379310345,2.62527472527473,2.63157894736842,2.8125,2.8125,2.78461538461538,2.56,2.4953125,2.54003759398496,2.57611408199643,2.61309523809524,2.65492424242424,2.64718614718615,2.63961038961039,2.71509090909091,2.89642857142857,2.88193641618497,2.71818181818182
"Greenpoint","New York","NY","New York-Newark-Jersey City","Kings",59,,,,,,,,,,,,,,,,,,,,,,,,,,,,,,,,,,,,,,,,,,,,,,,,,,,,,,,,,,,,,,,,,,3.16783216783217,3.06971153846154,3.14285714285714,3.25602140945584,3.05882352941176,3.15684210526316,3.30116279069767,3.43622960206127,3.38392857142857,3.36272727272727,3.44097222222222,3.36315789473684,3.33333333333333,3.3,3.24375,3.2,3.2,3.05527777777778,3.11555555555556,3.10394265232975,3.25520833333333,3.34902597402597,3.27044025157233,3.28571428571429,3.36745192307692,3.3633971291866,3.25
"West Roxbury","Boston","MA","Boston-Cambridge-Newton","Suffolk",60,,,,,,,,,,,,,,,,,,,,,,,,,,,,,,,,,,,,,,,,,,,,,,,,,,,,,,,,,,,,,,,,,,,,,,,,2.00858369098712,2.05456349206349,2.04210526315789,2.02564102564103,1.955,1.88063909774436,1.96127110228401,1.9811320754717,1.9811320754717,1.86440677966102,1.93298969072165,2.02272727272727,1.93298969072165,1.88,2.00858369098712,2.06185567010309,2.15,2.16120689655172,2.17948717948718,2.5,2.42363877822045
"Little Haiti","Miami","FL","Miami-Fort Lauderdale-West Palm Beach","Miami-Dade",61,,,,,,,,,,,,,,,,,,,,,,,,,,,,,,,,,,,,,,,,,,,,,,,,,,,,,,,,,,,,,,,,,,,,,,,,,,,,,,,,1.51904761904762,1.43288084464555,1.55364145658263,1.38461538461538,1.50792010318026,1.51904761904762,1.61037234042553,1.625,1.41666666666667,1.52,1.4765873015873,1.40610631473754,1.51904761904762
"Homecrest","New York","NY","New York-Newark-Jersey City","Kings",62,,,,,,,,,,,,,,,,,,,,,,,,,,,,,,,,,,,,,,,,,,,,,,,,,,,,,,,,,,,,,,,,,,,,,,,,2.10567669172932,2.09090909090909,2.2,2.125,2.10625,2.25,2.2575,2.21825396825397,2.23529411764706,2.24121212121212,2.00267379679144,2.11920222634508,2.23529411764706,2.3,2.12854166666667,2.12375,2.23529411764706,2.11111111111111,1.95659722222222,2.08012820512821,2.00904977375566
"Pacific Beach","San Diego","CA","San Diego-Carlsbad","San Diego",63,,,,,,,,,,,,,,,,,,,,,,,,,,,,,,,,,,,,,,,,,,,,,,,,,,,,,,,,,,,,,,,,,,,,,,,,,,,,,,2.67424242424242,2.67424242424242,2.84583333333333,2.6587962962963,2.65833333333333,2.59935897435897,2.68974550898204,2.85347222222222,2.79580508474576,2.72850650945714,2.80934065934066,3.16827356403463,3.23238636363636,3.20938104448743,3.19148936170213
"Neartown - Montrose","Houston","TX","Houston-The Woodlands-Sugar Land","Harris",64,,,,,,,,,,,,,,,,,,,,,,,,,,,,,,,,,,,,,,,,,,,,,,,,,,,,,,,,,,,,,,,1.40762463343109,1.49955237242614,1.37692307692308,1.3354142829102,1.34702314991142,1.375,1.3781163434903,1.37251908396947,1.40944326990839,1.37692307692308,1.29411764705882,1.36038961038961,1.34541311846845,1.32666666666667,1.32195945945946,1.32039473684211,1.384375,1.33965776837308,1.32195945945946,1.33333333333333,1.35411876765421,1.36208368915457,1.28708791208791,1.28679653679654,1.31293706293706,1.34161988773055,1.33333333333333,1.33333333333333,1.39110070257611,1.38059701492537
"Downtown","Jersey City","NJ","New York-Newark-Jersey City","Hudson",65,,,,,,,,,,,,,,,,,,,,,,,,,,,,,,2.7,2.78445512820513,2.7906976744186,2.78445512820513,2.775,2.79463886225631,2.844,2.83020442219441,2.84305263157895,2.84305263157895,2.9057327896378,2.89446059431525,2.78571428571429,2.82514880952381,2.85714285714286,2.79285714285714,2.86458333333333,2.86521849593496,2.86824659671015,2.83229166666667,2.73333333333333,2.89930555555556,2.97297297297297,2.96137339055794,2.97297297297297,2.83229166666667,2.70535714285714,2.86761143410853,2.87063953488372,2.88194444444444,2.92165891750119,2.88461538461538,2.96137339055794,2.96717318176546,2.87063953488372,2.86761143410853,2.995,2.9718456725756,2.88,2.96137339055794,2.92157426366357,2.90525793650794,2.97297297297297,2.97297297297297,2.8855421686747,2.99,3,3.01724137931034,3.17572494083335,3.06274509803922,3.02724520686176,3.03179376404049,3.25133192822224,3.21421945463003,3.28342475199919,3.00906199592172,3,3.00044130626655,3,3.0008826125331,3.05483549351944,3.13333333333333,3.1
"Briarwood","New York","NY","New York-Newark-Jersey City","Queens",66,,,,,,,,,,,,,,,,,,,,,,,,,,,,,,,,,,,,,,,,,,,2.11111111111111,2.11324786324786,2.21179624664879,2.0253164556962,2.1,2.0253164556962,2.07275132275132,2.16666666666667,2.08333333333333,2.0734126984127,2.38805970149254,2.34584450402145,2.125,2.195,2.16147727272727,2.32142857142857,2.29411764705882,2.25,2.2,2.18090909090909,2.18420454545455,2.27272727272727,2.14285714285714,1.93174342105263,2.23011363636364,2.47712418300654,2.32575757575758,2.21428571428571,2.44927536231884,2.13888888888889,2.32352941176471,2.42857142857143,2.42857142857143,2.28758169934641,2.40767045454545,2.403125,2.33333333333333,2.33471074380165,2.34592680047226,2.42785714285714,2.40909090909091,2.33333333333333,2.32291666666667,2.36875,2.25457516339869,2.27777777777778,2.33333333333333,2.34584450402145,2.3031746031746,2.33958891867739
"South End","Boston","MA","Boston-Cambridge-Newton","Suffolk",67,,,,,,,,,,,,2.99721448467967,3.05263157894737,2.99442896935933,2.97622585438336,2.89963112005366,3,3.02846448467967,3.23076923076923,3.14464845499328,3.125,3.125,3.0904749846254,3.06406685236769,3.07719471650642,3.07612095933264,3.08692052980132,3.2,3.18465909090909,3.13392857142857,3.12825860271116,3.15789473684211,3.11688311688312,3.16666666666667,3.11688311688312,3.23684210526316,3.23759203708754,3.22004608294931,3.29138431752178,3.43380921479559,3.4,3.29992826398852,3.32291666666667,3.28571428571429,3.29985652797704,3.30384615384615,3.33333333333333,3.42678571428571,3.39869281045752,3.47222222222222,3.53571428571429,3.56521739130435,3.55841371918542,3.37476235741445,3.33333333333333,3.33333333333333,3.38461538461538,3.38645418326693,3.42857142857143,3.52645026835674,3.53658536585366,3.5375234521576,3.6125,3.55263157894737,3.72384937238494,3.8,3.64779874213836,3.46216200597301,3.48848643266119,3.26739427012278,3.72372685185185,3.86103448275862,3.85857142857143,3.73333333333333,3.59856115107914,3.655,3.5792721188036,3.5364768683274,3.56975184439973,3.5,3.49094707520891,3.41798941798942,3.44401544401544,3.64285714285714,4.19031925031766,4.3125,4.2851929092805,4.37302423603793,4.24425051562396,4.28908554572271,4.28571428571429,4
"Bronzeville","Chicago","IL","Chicago-Naperville-Elgin","Cook",68,,,,,,,,,,,,,,,,,,,,,,,,,,,,,,,,,,,,,,,,,,,,,,,,,,,,,,,,,,,,,,,,,,,,,,,,,,,,,,,,,1,1,1.03452380952381,1.03055555555556,1.06458333333333,1.11176470588235,1.11143790849673,1.11111111111111,1.11176470588235,1.14338035811177,1.13382352941176,1.12859848484848
"Roslindale","Boston","MA","Boston-Cambridge-Newton","Suffolk",69,,,,,,,,,,,,,,,,,,,,,,,,,,,,,,,,,,,,,,,,,,,,,,,,,,,,,,,,,,,,,,,,,,,,,,,,,1.75659090909091,1.92840909090909,1.94247787610619,1.92307692307692,1.94346116027532,1.77424483306836,1.70833333333333,1.72916666666667,1.66666666666667,1.74901960784314,1.67234848484848,1.53589743589744,1.5375,1.71228070175439,1.79242424242424,1.87184343434343,1.81818181818182,1.77777777777778,1.82321428571429,1.825
"Brighton Beach","New York","NY","New York-Newark-Jersey City","Kings",70,,,,,,,,,,,,,,,,,,,,,,,,,,,,,,,,,,,,,,,,,,,,,,,,,,,,,,,,,,,,,,,,,,,,,,,,,2.3,2.34265734265734,2.325,2.31818181818182,2.41979856698662,2.49314271323244,2.45454545454545,2.37037037037037,2.44296296296296,2.51315789473684,2.44296296296296,2.49313621635095,2.54166666666667,2.46243169398907,2.4681686886193,2.42290748898678,2.48868778280543,2.49313621635095,2.3051724137931,2.34982332155477
"Financial District","New York","NY","New York-Newark-Jersey City","New York",71,,,,,,,,,,,,,,,,,,,,,,,,,,,,,,,,,,,,,,,,,,4.77055606605767,4.82041587901701,4.74941084053417,4.74516695957821,4.81029810298103,4.80274471376008,4.83606557377049,4.85512400452409,4.9192439862543,4.90322580645161,4.875,4.92898913951546,4.95,4.9996875,4.9518315018315,4.92307692307692,4.78579530581974,4.77567298105683,4.77957619407474,4.84615384615385,4.93671054972425,4.96075848700234,4.875,4.91981990133145,4.92832469994323,4.92021276595745,4.91734972677596,4.77567298105683,4.89704565801253,4.79017252396166,4.85512920908379,4.77707006369427,4.88113573407202,4.99569707401033,5.03343465045593,5.10040259230165,5.18076923076923,5.1245,5.05091092068848,4.9338146811071,4.92188826400679,4.886,4.82030178326475,4.85098967297762,4.88372832666461,4.85924932975871,4.9945652173913,5.04591686630522,5.12995896032832,5.01443001443001,5.135
"Ravenswood","Chicago","IL","Chicago-Naperville-Elgin","Cook",72,,,,,,,,,,,,,,,,,,,,,,,,,,,,,,,,,,,,,,,,,,,,,,1.375,1.412,1.43333333333333,1.43333333333333,1.43541666666667,1.62667030269975,1.61111111111111,1.58333333333333,1.63888888888889,1.695,1.68181818181818,1.66666666666667,1.595,1.56627415458937,1.58333333333333,1.5625,1.65833333333333,1.74166666666667,1.77320788530466,1.81071428571429,1.6875,1.79,1.71875,1.67464114832536,1.6875,1.61875,1.77222222222222,1.81818181818182,1.75,1.75,1.7875,1.77777777777778,1.79,1.78710526315789,1.775,1.76718137254902,1.75,1.75,1.795,1.7825,1.76907894736842,1.74375,1.75,1.77777777777778,1.76388888888889,1.77848484848485,1.68377192982456
"Fort Hamilton","New York","NY","New York-Newark-Jersey City","Kings",73,,,,,,,,,,,,,,,,,,,,,,,,,,,,,,,,,,,,,,,,,,,,,,,,,,,,,1.895,2.18181818181818,2.19097222222222,2.13333333333333,2.03125,2.05057471264368,2.1,2.06458333333333,2.11666666666667,2.18181818181818,2.20833333333333,2.09473684210526,2.05555555555556,2.12938105891126,2.35573122529644,2.16363636363636,2.02173913043478,2.26666666666667,2.03125,2.2,2.41666666666667,2.38887299771167,2.40708154506438,2.32843137254902,2.27855603448276,2.266,2.27272727272727,2.28991596638655,2.25,2.17727272727273,2.21428571428571,2.33333333333333,2.35,2.3,2.23333333333333,2.28571428571429,2.28869047619048,2.26266666666667,2.26533333333333,2.3
"Flatiron District","New York","NY","New York-Newark-Jersey City","New York",74,,,,,,,,,,,,,,,,,,,,,,,,,,,,,,,,,,,,,,,,,,5.93380921479559,6.08089984858317,6.08208955223881,6.01332212091706,6.08441700599851,6.12381720430108,5.99662668665667,6.0625814863103,6.09223300970874,6.16239655897891,6.0126582278481,6.0126582278481,6.05601469237833,6.05601469237833,5.89159465828751,5.82130503144654,5.86832575142161,5.86607142857143,5.93993477996678,5.98609489051095,6.07971014492754,5.90348833021179,5.86187200333542,5.74602803738318,5.81160153672844,5.91666666666667,5.81665190434012,5.90015847860539,5.94297635605007,5.895,5.95716198125837,5.78651685393258,5.79930191972077,5.8,5.6875,5.55844155844156,5.9200908597776,5.76608684079926,5.79822465241189,5.80656232803124,5.80067485064537,6.02857142857143,6.16388687454677,6.13275862068966,6.18651710726566,6.17391304347826,6.26363636363636,6.29370629370629,6.06601731601732,5.97610544217687,6.04461416845128
"South Chicago","Chicago","IL","Chicago-Naperville-Elgin","Cook",75,,,,,,,,,,,,,,,,,,,,,,,,,,,,,,,,,,,,,,,,,,,,,,,,,,,,,,,,,,,,,,,,,,,,,,,,,0.964880952380952,1,0.979166666666667,0.955357142857143,1,1.05555555555556,1.05555555555556,1.02777777777778,1.05555555555556,1.05555555555556,1.05555555555556,1.0952380952381,1.11805555555556,1.10119047619048,1.11111111111111,1.1536231884058,1.18928571428571,1.09375,1.11805555555556,1.11111111111111
"Clinton Hill","New York","NY","New York-Newark-Jersey City","Kings",76,,,,,,,,,,,,,,,,,,,,,,,,,,,,,,,,,,,,,,,,,,,,,,,,,,,,,3.0625,3,3.17353896103896,3.28571428571429,3.23076923076923,3.125,3.0995,3.125,3.11111111111111,3.116,3.09761904761905,3.1,3.25,3.25,3.1,3.08306451612903,3.1,2.99738562091503,3.11111111111111,3.2083984375,3.20967741935484,3.26363636363636,3.20777777777778,3.3814181369335,3.42857142857143,3.38461538461538,3.33333333333333,3.25684210526316,3.10555555555556,3.13809523809524,3.19635668789809,3.17957575757576,3.10277777777778,3.24375,3.3125,3.33333333333333,3.436875,3.375,3.4375,3.4375
"Brickell","Miami","FL","Miami-Fort Lauderdale-West Palm Beach","Miami-Dade",77,,,,,,,,,,,,,,,,,,,,,,,2.41992720655141,2.35714285714286,2.39918987936247,2.41128298453139,2.21666666666667,2.30434782608696,2.34657039711191,2.46523388116308,2.47933884297521,2.43608592665196,2.40506329113924,2.41758727989661,2.45003223726628,2.44318181818182,2.38095238095238,2.40384615384615,2.41433021806854,2.51610855528101,2.496660730187,2.52002522066461,2.52043596730245,2.52034399625249,2.46696035242291,2.46666666666667,2.52182347235693,2.51612903225806,2.57104194857916,2.56410256410256,2.50990752972259,2.53549695740365,2.53980288097043,2.53549695740365,2.52235390598132,2.57452574525745,2.55068672334859,2.50111706881144,2.50960060500999,2.51842751842752,2.50637397296179,2.5088722601591,2.53549695740365,2.496660730187,2.50339289026502,2.4932914579498,2.48724489795918,2.53411162791399,2.47017543859649,2.46450099855256,2.48421500288133,2.47376311844078,2.50743731406715,2.53164556962025,2.54237288135593,2.51008566790427,2.55068672334859,2.57452574525745,2.58855585831063,2.5722339675828,2.58963730569948,2.59308510638298,2.59308510638298,2.59554140127389,2.63012605601387,2.63532763532764,2.67217528778222,2.61669024045262,2.62407301768397,2.65587154554155,2.67816861694629,2.69404672192916
"Kew Gardens","New York","NY","New York-Newark-Jersey City","Queens",78,,,,,,,,,,,,,,,,,,,,,,,,,,,,,,,,,,,,,,,,,,2.47050147492625,2.46323529411765,2.34703440889008,2.41666666666667,2.3474025974026,2.31741573033708,2.38021881287726,2.34970238095238,2.33333333333333,2.41666666666667,2.39285714285714,2.4630354424875,2.33549783549784,2.5,2.4025974025974,2.33333333333333,2.34013605442177,2.37068965517241,2.33333333333333,2.4462481962482,2.5,2.4864046021093,2.46651785714286,2.48275862068966,2.45189123376623,2.55,2.45,2.446875,2.38444444444444,2.41507177033493,2.23081003258316,2.26950354609929,2.30769230769231,2.32051282051282,2.40833333333333,2.36607142857143,2.375,2.48859191655802,2.37980769230769,2.3448275862069,2.36839826839827,2.3125,2.37171052631579,2.3912987012987,2.37179487179487,2.31184615384615,2.3448275862069,2.5,2.41283783783784,2.5,2.4
"Flamingo Lummus","Miami Beach","FL","Miami-Fort Lauderdale-West Palm Beach","Miami-Dade",79,,,,,,,,,,,,,,,,,,,,,,2.11679536679537,2.09354737502615,2.01095197978096,2.31320842007865,2.33785822021116,2.48600746268657,2.36666666666667,2.29344330324722,2.56678082191781,2.54545454545455,2.5,2.44546381243629,2.49776984834969,2.46211251435132,2.47058823529412,2.5031328320802,2.46884674922601,2.47058823529412,2.57247899159664,2.50888758748397,2.63068181818182,2.57247899159664,2.58764607679466,2.57142857142857,2.57247899159664,2.63888888888889,2.63051506464605,2.57247899159664,2.62849229337134,2.57784451808893,2.59090909090909,2.64880706038157,2.65694457345311,2.65625,2.62849229337134,2.57843137254902,2.62237762237762,2.63157894736842,2.61160360995397,2.61987134064163,2.66129032258065,2.58088235294118,2.65339966832504,2.615518744551,2.52799045797058,2.66129032258065,2.58478610591287,2.82651072124756,2.76595744680851,2.54486215538847,2.58823529411765,2.56896551724138,2.56949806949807,2.65625,2.65700483091787,2.6541095890411,2.59934210526316,2.62826338400529,2.61904761904762,2.51748251748252,2.54195804195804,2.56756756756757,2.6,2.53589743589744,2.55593663236975,2.57352941176471,2.4510428410372,2.50709754513157,2.6541095890411,2.70643939393939,2.64450358861235
"Back Bay","Boston","MA","Boston-Cambridge-Newton","Suffolk",80,3.375,3.34498834498834,3.55784865540963,3.55494505494505,3.46473434446822,3.54700854700855,3.57723577235772,3.59292045384021,3.81818181818182,3.67948717948718,3.59596923432801,3.64285714285714,3.78409090909091,3.73153153153153,3.86944444444444,3.88888888888889,3.81818181818182,3.66666666666667,3.66666666666667,3.81074177856839,3.91785714285714,3.82381413359148,3.89972144846797,3.7893384714194,4,4,3.91666666666667,3.91737649063032,3.91659716430359,3.8978527607362,3.90828556539865,3.90833333333333,3.963133640553,3.88333333333333,3.88694638694639,3.82902559867878,3.8304486966536,3.87489574645538,3.92857142857143,4.11538461538461,4.10427807486631,4.21768707482993,4.14801024428684,4.08957219251337,4.09090909090909,4.12268041237113,4.15085924713584,4.22577319587629,4.24028268551237,4.15384615384615,4.15384615384615,4.21442255062945,4.16666666666667,4.16666666666667,4.03846153846154,4.04016695040914,4,3.98981324278438,4,4.11111111111111,4.11111111111111,4.20375161707633,4.16966426858513,4.34266409266409,4.14573547817124,4.1625,4.18181818181818,4.08333333333333,4.23557955166758,4.125,4.24801587301587,4.12440476190476,4.1572695035461,4.24301587301587,4.25265957446809,4.31698564593301,4.41885964912281,4.375,4.33609385783299,4.24603174603175,4.23438836612489,4.23257879844706,4.21976171976172,4.11214953271028,4.06838709677419,4.16666666666667,4.33644859813084,4.40826330532213,4.49576271186441,4.48685897435897,4.57,4.5207650273224
"Brooklyn Heights","New York","NY","New York-Newark-Jersey City","New York",81,,,,,,,,,,,,,,,,,,,,,,,,,,,,,,,,,,,,,,,,,,,,,,,,,,,,,,,,,,,,,,,,,,,,,,,4.91666666666667,4.60365853658537,4.36842105263158,4.49583333333333,4.75357142857143,4.77777777777778,4.71825,4.792,4.82051282051282,4.73709142586452,4.82088091353997,4.60182926829268,4.60365853658537,4.58333333333333,4.83166666666667,4.4377990430622,4.33333333333333,4.45535714285714,4.56214285714286,5.02286585365854,4.5,4.60365853658537
"Rittenhouse","Philadelphia","PA","Philadelphia-Camden-Wilmington","Philadelphia",82,,,,,,,,,,,,,,,,,,,,,,,,,,,,,,,,,,,,,,,,,,,,,,,,,,,,,,,,,,,,,,,,,,,,,,,,2.53846153846154,2.5,2.5,2.49583333333333,2.57981651376147,2.49583333333333,2.55482456140351,2.5046468401487,2.60714285714286,2.58771929824561,2.58108108108108,2.55087072574197,2.62104212227822,2.32686025408348,2.5,2.47058823529412,2.6875,2.5,2.5520356874225,2.49583333333333,2.3640752976805
"Uptown","Chicago","IL","Chicago-Naperville-Elgin","Cook",83,,,,,,,,,,,,,,,,,,,,,,,,,,,,,,,,,,,,,1.44444444444444,1.45,1.44722222222222,1.44444444444444,1.39,1.51666666666667,1.53333333333333,1.54927536231884,1.36875,1.4099537037037,1.53333333333333,1.56666666666667,1.56594202898551,1.36181818181818,1.56666666666667,1.56666666666667,1.58125,1.56594202898551,1.5,1.5,1.53333333333333,1.44791666666667,1.43958333333333,1.49375,1.55416666666667,1.56666666666667,1.61748310810811,1.59583333333333,1.71875,1.65833333333333,1.68725,1.75625,1.56666666666667,1.58190476190476,1.56666666666667,1.53939393939394,1.54772727272727,1.71142857142857,1.66666666666667,1.734375,1.76602564102564,1.68923076923077,1.6875,1.72222222222222,1.695,1.695,1.57833333333333,1.56666666666667,1.67708333333333,1.71825396825397,1.7,1.746875,1.7,1.72788461538462,1.70651260504202,1.7
"Near North","Chicago","IL","Chicago-Naperville-Elgin","Cook",84,,,,,,,,2.25974025974026,2.29857142857143,2.332,2.25820379965458,2.27619047619048,2.25497967479675,2.29039164003779,2.40320630547903,2.47841105354059,2.45576923076923,2.47317073170732,2.53193960511034,2.54807692307692,2.47833333333333,2.4755061881829,2.46921797004992,2.50867924528302,2.48029197080292,2.47227036395147,2.52763385146805,2.55353119796258,2.6,2.6083509970168,2.60260190357956,2.55421686746988,2.48662640207075,2.41220514828227,2.46780198565913,2.45757071547421,2.51799014720544,2.5385389182058,2.55284552845528,2.64220183486239,2.68712871287129,2.82045088566828,2.66525423728814,2.58964143426295,2.592,2.63849056603774,2.67880747126437,2.41149425287356,2.61037891268534,2.61303630363036,2.54481666200782,2.65790111554882,2.67836206896552,2.63553719008264,2.5,2.62005649717514,2.75691056910569,2.67640836408364,2.50132398480865,2.50424212354255,2.48201331610852,2.48765442252965,2.49304226475279,2.58514791684464,2.56559233449477,2.57623049219688,2.76206896551724,2.4745145631068,2.76762402088773,2.54846625766871,2.5144804088586,2.49304226475279,2.56559233449477,2.67262711864407,2.83333333333333,2.70294714389762,2.65626323055683,2.70178571428571,2.60797101449275,2.54793388429752,2.49346743482082,2.49720893141946,2.50638888888889,2.604,2.74182284299859,2.81496598639456,2.86707317073171,2.82592592592593,2.84931506849315,2.86133004926108,2.75252373813093,2.78086956521739
"Streeterville","Chicago","IL","Chicago-Naperville-Elgin","Cook",85,,,,,,,,,,,,,,,,,,,,,,,,,,,,,,,,,,,,,,,,,,,,,,,2.58100558659218,2.60013273602124,2.83521126760563,2.85892634207241,2.77734461709212,2.7741935483871,2.83333333333333,2.77318470479192,2.71130221130221,2.72542997542998,2.7219165085389,2.79269882659713,2.70416666666667,2.63939393939394,2.62827076014832,2.69365079365079,2.69444444444444,2.71875,2.79002240531946,2.76794871794872,2.74301675977654,2.69166666666667,2.72863636363636,2.69444444444444,2.69444444444444,2.70416666666667,2.72965879265092,2.84176206105241,2.77955271565495,2.79333333333333,2.76961538461538,2.77956989247312,2.89398684001903,2.71875,2.63318534961154,2.61448900388098,2.62528206099012,2.67948623220531,2.65265200517464,2.69504830917874,2.8,2.77738990017616,2.86585064394657,2.95833333333333,2.89331501831502,2.72213740458015
"Tribeca","New York","NY","New York-Newark-Jersey City","New York",86,,,,,,,,,,,,,,,,,,,,,,,,,,,,,,,,,,,,,,,,,,5.29117647058824,5.295,5.25,5.29356060606061,5.295,5.42261904761905,5.52161862527716,5.61956304992647,5.66828338590957,5.3475935828877,5.59666666666667,5.64117647058824,5.59333333333333,5.62257751937985,5.46439628482972,5.38961038961039,5.62015503875969,5.47820172528202,5.69908814589666,5.78466183574879,5.70513392857143,5.65307971014493,5.69505221798776,5.46875,5.64117647058824,5.70116054158607,5.69058027079304,5.85043458371455,5.64117647058824,5.64117647058824,6.12244897959184,6.13402575064303,6.295,6.14552511415525,6.03871870088326,6.195,6.17556241729157,6.05942142298671,5.97857142857143,5.86395621579359,5.66666666666667,5.64975490196078,5.7615906958108,5.89820359281437,5.72666666666667,5.75,5.87910179640719,5.85,6.00303951367781,5.89101620029455,5.96134000158768
"Downtown","Stamford","CT","Bridgeport-Stamford-Norwalk","Fairfield",87,,,,,,,,,,,,,,,,,,,,,,,,,,,,,,,,,,,,,,,,,,,,,,,,,,,,,,,,,,,,,,,,,,,,,,,,,,2.01219512195122,2.24929709465792,2.07253886010363,2.05934635312874,2.06305514433753,2.14285714285714,2.25961538461538,2.21195652173913,2.16333333333333,2.2579001019368,2.14285714285714,2,2,2.08333333333333,2.11706102117061,2.19178082191781,2.16666666666667,2.25,2.14285714285714
"Bucktown","Chicago","IL","Chicago-Naperville-Elgin","Cook",88,,,,,,,,,,,,,,,,,,,,,,,,,,,,,,,,,,,,,,,,,,,,,,,,,,,,,,,,,,,,,,,,,,,,,,,,1.72222222222222,1.895,1.91666666666667,1.91666666666667,1.92857142857143,1.875,1.89428571428571,1.88888888888889,1.86333333333333,1.83782051282051,1.83125,1.91425,1.91633333333333,1.95944398644316,2,2,2,2,1.9265873015873,1.86450892857143,1.79075591985428
"Gowanus","New York","NY","New York-Newark-Jersey City","Kings",89,,,,,,,,,,,,,,,,,,,,,,,,,,,,,,,,,,,,,,,,,,,,,,,,,,,,,,,,,,,,,,,,,,,,,,,,,3.73890756302521,3.54646464646465,3.66666666666667,3.63068181818182,3.65151515151515,3.5625,3.42857142857143,3.57142857142857,3.47241379310345,3.27272727272727,3.2265625,3.35714285714286,3.27619047619048,3.35416666666667,3.66666666666667,3.75,3.75,3.66800834824091,3.76923076923077,3.64705882352941
"Hyde Park","Chicago","IL","Chicago-Naperville-Elgin","Cook",90,,,,,,,,,,,,,,,,,,,,,,,,,,,,,,,,,,,,,,,,,,,,,,,,,,,,,,,,,,,,,,,,,,,,,,,,,,,,,,,,,2.04487179487179,2.08333333333333,2.07186544342508,2.00525394045534,2,2.05,2.08333333333333,2.15,2.15,2.15,1.88888888888889,2.08231173380035
"Turtle Bay","New York","NY","New York-Newark-Jersey City","New York",91,,,,,,,,,,,,,,,,,,,,,,,,,,,,,,,,,,,,,,,,,,5,5,5.0328227571116,5,5.0328227571116,5.0164113785558,5,5.05263157894737,5.12451683337759,5.1878453038674,5.08875,5.08420454545455,5.07742403314917,5.19585803689065,5.13873626373626,5.19480519480519,5.11516018627616,5.11258697027198,5.05263157894737,5.16666666666667,5,5.12820512820513,5,5.25114155251142,5.0328227571116,5.26785714285714,5,5.06477732793522,5.05263157894737,5.1423487544484,5.0164113785558,4.94504079003864,4.97860199714693,4.85714285714286,4.90727272727273,5.26315789473684,5.33333333333333,4.89130434782609,4.94772727272727,4.83870967741935,4.9616368286445,5.05263157894737,5,4.99074074074074,4.83903015669408,5.09090909090909,5.26519337016575,5.27086383601757,5.25547445255474,5.16746411483254,5.07692307692308
"Wynwood - Edgewater","Miami","FL","Miami-Fort Lauderdale-West Palm Beach","Miami-Dade",92,,,,,,,,,,,,,,,,,,,,,,,,,2.13000708968451,2.13000708968451,2.23325062034739,2.42998352553542,2.28446896125175,2.20893195988073,2.23021582733813,2.19675262655205,2.20374298064881,2.23292469352014,2.24599799770872,2.21465076660988,2.18871595330739,2.19064015015227,2.20574106647802,2.31197553290679,2.28619813717189,2.28716686519611,2.28716686519611,2.28716686519611,2.2554347826087,2.20940959409594,2.26415094339623,2.30034085911157,2.33331518583043,2.35362992758555,2.37578398559998,2.37578398559998,2.38173432439404,2.37359550561798,2.34823793863942,2.389486260454,2.42160230096898,2.43047588580506,2.45183887915937,2.41545893719807,2.41336633663366,2.39187418086501,2.41545893719807,2.38549618320611,2.39519908305243,2.38749122183005,2.37797246558198,2.35239852398524,2.33250384909398,2.27946270494958,2.27272727272727,2.29557069846678,2.38749122183005,2.389486260454,2.44851640416653,2.37797246558198,2.40963855421687,2.43192157712305,2.44755244755245,2.48651329088336,2.55116911007385,2.48104785093854,2.44862311791446,2.40963855421687,2.46991128481916,2.48900990285413,2.54237288135593,2.58641013657371,2.56290773532153,2.58641013657371,2.56290773532153,2.61153427638738
"Prospect Heights","New York","NY","New York-Newark-Jersey City","Kings",93,,,,,,,,,,,,,,,,,,,,,,,,,,,,,,,,,,,,,,,,,,,,,,,,,,,,,,3.32666666666667,3.4,3.38461538461538,3.29705882352941,3.28342245989305,3.29411764705882,3.27857142857143,3.2,3.30495356037152,3.29411764705882,3.35294117647059,3.17269736842105,3.45208333333333,3.30277777777778,3.33333333333333,3.58321428571429,3.25,3.21538461538462,3.29411764705882,3.42857142857143,3.42857142857143,3.64924242424242,3.74875,3.83333333333333,3.71428571428571,3.80285714285714,3.65151515151515,3.45154845154845,3.42857142857143,3.51151761517615,3.79113924050633,3.68243243243243,3.52941176470588,3.67368421052632,3.70714285714286,3.74791666666667,3.84079844206426,3.69230769230769,3.66666666666667
"Charlestown","Boston","MA","Boston-Cambridge-Newton","Suffolk",94,,,,,,,,,,,,,,,,,,,,,,,,,,,,,,2.75724137931034,2.76923076923077,2.85714285714286,2.85714285714286,2.92397660818713,3.03846153846154,2.94,3.03846153846154,3.04202898550725,3.05087209302326,2.94,2.94,2.92280701754386,2.94368421052632,3.04024526198439,3.00251256281407,3,3,3,3,3,3,2.93231958353389,2.93470286133529,3.04833880978459,2.85714285714286,2.85481239804241,2.81437125748503,2.90797987059669,2.90827796118831,2.95368186582809,3.01212121212121,3.00347222222222,2.91333459549252,2.80414150129422,2.96220633299285,2.8,2.775,2.85481239804241,2.75378787878788,2.909796314258,3.02676845767298,3.03846153846154,3.03846153846154,2.82214304112647,2.77935222672065,3.03846153846154,3.03846153846154,3.03846153846154,2.89843437974279,2.88888888888889,2.88888888888889,2.8162950879101,2.86363636363636,3.03030303030303,3.03846153846154,3.09665144596651,3.03846153846154,3.03846153846154,3.12442922374429,3.07692307692308,3.15031503150315,3.19781093773671
"Midtown","New York","NY","New York-Newark-Jersey City","New York",95,,,,,,,,,,,,,,,,,,,,,,,,,,,,,,,,,,,,,,,,,,5.37770095073466,5.43751943596201,5.36452184179457,5.3527456027456,5.51724137931035,5.50900900900901,5.43018805376409,5.44064748201439,5.49682875264271,5.54541071898141,5.6125,5.47945205479452,5.48166151126823,5.48387096774194,5.45039930786636,5.46204769736842,5.44545454545455,5.44494949494949,5.44545454545455,5.48067632850242,5.57692307692308,5.74090909090909,5.63636363636364,5.45925098250751,5.45236671223513,5.42857142857143,5.3115,5.13287878787879,5.1606529209622,5.15071416387049,5.33333333333333,5.3968253968254,5.50977814520173,5.32222222222222,5.45454545454545,5.44014936904455,5.5,5.4087037037037,5.44545454545455,5.26458616010855,5.18814371257485,5.18814371257485,5.0519342747857,5.07692307692308,5.26005361930295,5.2616057570199,5.28942115768463,5.36750764525994,5.28942115768463,5.45494476241182,5.45925098250751
"Capitol Hill","Denver","CO","Denver-Aurora-Lakewood","Denver",96,,,,,,,,,,,,,,,,,,,,,,,,,,,,,,,,,,,,,,,,,,,,,,,,,,,,,,,,,,,,,,,,,,,,,,,,1.94736842105263,1.88695652173913,1.88821510297483,1.88026070763501,1.96458333333333,1.83333333333333,1.86875,2.025,1.98297785069729,2.0484693877551,1.91287878787879,1.82871287128713,1.9711185760068,1.91740235420011,1.86414930555556,1.95,2.125,1.91082802547771,2,2,2.10377358490566
"Battery Park","New York","NY","New York-Newark-Jersey City","New York",97,,,,,,,,,,,,,,,,,,,,,,,,,,,,,,,,,,,,,,,,,,5.45298129384256,5.52941176470588,5.59420871065114,5.43881924577373,5.39285714285714,5.30060240963855,5.32734274711168,5.55757588153481,5.62648462648463,5.64102564102564,5.55757588153481,5.58659217877095,5.63636363636364,5.55757588153481,5.55882352941176,5.61746987951807,5.53846153846154,5.58333333333333,5.54733727810651,5.56274509803922,5.53463855421687,5.55213903743316,5.61097256857855,5.53463855421687,5.49258936355711,5.63124432334242,5.51041666666667,5.5365500463392,5.71428571428571,5.42857142857143,5.57981229875128,5.5,5.49129468177855,5.51742601246106,5.78900709219858,5.65040650406504,5.6241426611797,5.55941626129256,5.56896400351185,5.53846153846154,5.34642857142857,5.31754162712449,5.23076923076923,5.39285714285714,5.50236593059937,5.5365500463392,5.72091994692614,5.66797642436149,5.71914285714286,5.67073170731707,5.65360221174175
"Kenmore","Boston","MA","Boston-Cambridge-Newton","Suffolk",98,,,,,,,,,,,,,,,,,,,,,,,,,,,,,,,,,,,,,,,,,,,,,,,,,,,,,,,,,,,,,,,,,,,,,,,,,,,4.20634920634921,4.22077922077922,4.31511375947996,4.26666666666667,4.23928571428571,4.2,4.23928571428571,4.25,4.32991604960501,4.09545454545455,4.09545454545455,4.49622483221477,4.55426356589147,4.27536231884058,4.33913043478261,4.38931297709924,4.51436388508892,4.4875
"North Shore","Miami Beach","FL","Miami-Fort Lauderdale-West Palm Beach","Miami-Dade",99,,,,,,,,,,,,,,,,,,,,,,,,,,,,,,,,,,,,,,,,,,,,,,,,,,,,,,,,,,,,,,,,,,,2.31293706293706,2.22234416154522,2.49621785173979,2.65529759434363,2.47215346534653,2.26928895612708,2.32363779302459,2.3,2.24626245847176,2.20833333333333,2.29508196721311,2.28136882129278,2.25790424570912,2.35843195266272,2.38365493757094,2.38242574257426,2.36686390532544,2.4390243902439,2.22689075630252,2.21311475409836,2.25993064312736,2.37885462555066,2.38372908802753,2.48322797348894,2.67857142857143,2.46060924369748
"Windsor Terrace","New York","NY","New York-Newark-Jersey City","Kings",100,,,,,,,,,,,,,,,,,,,,,,,,,,,,,,,,,,,,,,,,,,,,,,,,,,,,,,,,,,,,,,,,,,,,,,,,3.14102564102564,3.1487396784007,3.20360824742268,3.13484848484848,3.16156019122121,3.15,2.96875,2.87867647058824,3,2.93212669683258,2.94427244582043,2.8544754396604,2.98888888888889,3,3.17651515151515,3.1125,3.21111111111111,3.18533333333333,3.15645371577575,3.17592592592593,3.08705612829324
"Goose Island","Chicago","IL","Chicago-Naperville-Elgin","Cook",101,,,,,,,,,,,,,,,,,,,,,,,,,,,,,,,,,,,,,,,,,,,,,,,,,,,,,,,,,,,,,,,,,,,,,,,,,,,,,2.70588235294118,2.77416666666667,2.83689839572193,2.78601398601399,2.68465539661899,2.67420212765957,2.69946808510638,2.78480058365759,2.98806321013452,3.11304347826087,3.15901688331092,2.75458816892328,2.57555218958509,2.55212081703607,2.66666666666667,2.71531914893617
"Park Manor","Chicago","IL","Chicago-Naperville-Elgin","Cook",102,,,,,,,,,,,,,,,,,,,,,,,,,,,,,,,,,,,,,,,,,,,,,,,,,,,,,,,,,,,,,,,,,,,,,,,,,,,,,,,1.04166666666667,1.00882899628253,1,1,0.9975,1,0.958333333333333,1.0125,1,0.931818181818182,0.935314685314685,1.04166666666667,1.04166666666667,0.964285714285714
"Mission Hill","Boston","MA","Boston-Cambridge-Newton","Suffolk",103,,,,,,,,,,,,,,,,,,,,,,,,,,,,,,,,,,,,,,,,,,,,,,,,,,,,,,,,,,,,,,,,,,,,,,,,,,,2.4,2.41919191919192,2.33922619047619,2.38095238095238,2.30769230769231,2.275,2.52020202020202,2.5,2.28617793671435,2.2,2.3407022106632,2.40909090909091,2.11538461538462,2.13055830039526,2.31818181818182,2.38131313131313,2.55555555555556,2.52933177933178
"Union Square","Somerville","MA","Boston-Cambridge-Newton","Middlesex",104,,,,,,,,,,,,,,,,,,,,,,,,,,,,,,,,,,,,,,,,,,,,,,,,,,,,,,,,,,,,,,,,,,,,,,2.21111111111111,2.22813238770686,2.11666666666667,2.16666666666667,2.2425,2.44097222222222,2.45,2.5,2.53978521204131,2.50980392156863,2.65986394557823,2.52083333333333,2.5,2.7027027027027,2.52990196078431,2.3875,2.45643939393939,2.58333333333333,2.59928315412186,2.68181818181818,2.52380952380952,2.46666666666667,2.3384644549763
"Northwest","Portland","OR","Portland-Vancouver-Hillsboro","Multnomah",105,,,,,,,,,,,,,,,,,,,,,,,,,,,,,,,,,,,,,,,,,,,,,,,,,,,,,,,,,,,,,,,,,,,,,,,,2.51436781609195,2.39530988274707,2.35791198501873,2.40369156566906,2.40953699641734,2.41623711340206,2.36678902627512,2.34939271255061,2.22727435739759,2.25773195876289,2.23443223443223,2.29838709677419,2.29166666666667,2.22042410714286,2.26136363636364,2.26136363636364,2.25,2.28690476190476,2.32686084142395,2.37113402061856,2.26470588235294
"North Park","Buffalo","NY","Buffalo-Cheektowaga-Niagara Falls","Erie",106,,,,,,,,,,,,,,,,,,,,,,,,,,,,,,,,,,,,,,,,,,,,,,,,,,,,,,,,,,,,,,,,,,,,,,,,,,,,,0.444959490753416,0.457428418387222,0.443672839506173,0.43198876510574,0.42910447761194,0.427454811919883,0.440239239141092,0.418297318165099,0.448856731691717,0.458715596330275,0.43904958677686,0.429897188608862,0.454545454545455,0.466451381413707,0.454921733895244,0.436046511627907
"Gold Coast","Chicago","IL","Chicago-Naperville-Elgin","Cook",107,,,,,,,,,,,,,,,,,,,,,,,,,,,,,,,,,,,,,,,,,,,,,,,,,,,,,,,,,,,,,,,,,,,,,,,,2.33333333333333,2.35,2.48392857142857,2.33990147783251,2.3125,2.32942817294282,2.58868655559861,2.47900432900433,2.33516735442458,2.27249589490969,2.28416256157635,2.15714285714286,2.11989100817439,2.3255230125523,2.33755274261603,2.38255033557047,2.3853050185315,2.4508064516129,2.4014880952381,2.31099552957359,2.21130952380952
"Irving Park","Chicago","IL","Chicago-Naperville-Elgin","Cook",108,,,,,,,,,,,,,,,,,,,,,,,,,,,,,,,,,,,,,,,,,,,,,,,,,,,,,,,,,,,,,,,,,,,,,,,,,,,,,1.3875,1.42916666666667,1.39204545454545,1.375,1.3975,1.35,1.4,1.44,1.53066332916145,1.53191489361702,1.55,1.575,1.61111111111111,1.571875,1.53158244680851,1.484375
"Alamitos Beach","Long Beach","CA","Los Angeles-Long Beach-Anaheim","Los Angeles",109,,,,,,,,,,,,,,,,,,,,,,,,,,,,,,,,,,,,,,,,,,,,,,,,,,,,,,,,,,,,,,,,,,,,,,,,,,,,,,2.14516129032258,2.10027777777778,2.19075144508671,2.17287256296544,2.16797060218113,2.32198275862069,2.25,2.35,2.53086419753086,2.37004673846779,2.22649572649573,2.58823529411765,2.51623376623377,2.30727749180381,2.3403390509987
"Lincoln Park","Chicago","IL","Chicago-Naperville-Elgin","Cook",110,,,,,,,,,,,,,,,,,,,,,,,,,,,,,,,,,,,,,,,,2.48407643312102,2.51923076923077,2.89171974522293,2.67661691542289,2.31136363636364,2.26969696969697,2.18426501035197,2.11115807269653,2.09173497202884,2.12396633466868,1.90909090909091,2.09173497202884,2.27272727272727,2.31578947368421,2.18823529411765,1.95055555555556,1.92857142857143,1.95255102040816,1.92755102040816,2,2.05833333333333,2.17205750224618,2.20062893081761,2.2962962962963,2.28232262309464,2.19,2.42121212121212,2.11,2.16633943296945,2.09173497202884,1.98529411764706,2.10481825866441,2.13,2.14285714285714,2.13203463203463,2.10833333333333,2.09090909090909,2.03938584779706,2.05247737724373,2.11,2.11,2.10740912933221,2.10947930574099,2.10947930574099,2.16256256256256,2.10555555555556,2.11706730769231,2.18590909090909,2.19115384615385,2.24375,2.25,2.21,2.08636363636364
"Downtown","Miami","FL","Miami-Fort Lauderdale-West Palm Beach","Miami-Dade",111,,,,,,,,,,,,,,,,,,,,,,,,,,,2.12502138579983,2.16814013327176,2.25390984360626,2.32558139534884,2.33926128590971,2.30849947534103,2.28967296330199,2.34448287992495,2.30849947534103,2.3560794044665,2.36441398729357,2.37264262749412,2.37302248126561,2.38738738738739,2.39802677942213,2.4,2.42483026188167,2.45058244136123,2.4,2.35984030704911,2.33430656934307,2.37428242852798,2.34741784037559,2.31935771632471,2.4085637823372,2.42812585413285,2.40481927710843,2.46297268907563,2.47532954723076,2.45719050083376,2.47116982386175,2.43142144638404,2.42812585413285,2.44334308369432,2.44525547445255,2.43235025843721,2.40481927710843,2.45566166439291,2.44541484716157,2.43616905693177,2.42547425474255,2.42298006124164,2.45775729646697,2.39172047311582,2.3628841607565,2.39104242785383,2.37933488612836,2.42812585413285,2.45566166439291,2.39552125252456,2.42382271468144,2.43243243243243,2.40415982484948,2.41379310344828,2.42483026188167,2.42483026188167,2.43393106217507,2.4373730534868,2.42483026188167,2.44379276637341,2.4373730534868,2.44379276637341,2.43183492999263,2.43183492999263,2.43538767395626,2.46523388116308
"Carroll Gardens","New York","NY","New York-Newark-Jersey City","Kings",112,,,,,,,,,,,,,,,,,,,,,,,,,,,,,,,,,,,,,,,,,,,,,,,,,,,,,3.41052631578947,3.36842105263158,3.5,3.45454545454545,3.44155844155844,3.47049345417925,3.4,3.42676767676768,3.3125,3.30746668597914,3.3912037037037,3.42857142857143,3.30098684210526,3.375,3.32520202020202,3.11111111111111,3.33333333333333,3.16666666666667,3.32291666666667,3.35416666666667,3.47877758913413,3.46153846153846,3.50664136622391,3.57142857142857,3.48333333333333,3.42857142857143,3.375,3.33333333333333,3.26333333333333,3.41704742397983,3.48333333333333,3.44602272727273,3.45454545454545,3.45454545454545,3.4,3.375,3.625,3.55555555555556,3.57142857142857,3.57142857142857
"Dupont Circle","Washington","DC","Washington-Arlington-Alexandria","District of Columbia",113,,,,,,,,,,,,,,,,,,,,,,,,,,,,,,,,,,,,,,,,,,4.5,4.62461538461538,4.56923076923077,4.68,4.48846153846154,4.37666666666667,4.44,4.29529411764706,4.43076923076923,4.52,4.5,4.43076923076923,4.46538461538462,4.52,4.76923076923077,4.8,4.95,4.84615384615385,4.88,5.2421052631579,5.36470588235294,5.41235294117647,5.52142857142857,5.36470588235294,5.48,5.3609243697479,5.46,5.48,5.48,5.36470588235294,5,4.93223684210526,4.6875,4.6875,4.94,5.13947368421053,4.75,5,4.8775,4.83083333333333,4.81641025641026,4.86307692307692,4.76175438596491,4.82692307692308,4.88,4.73684210526316,5.13846153846154,4.80842105263158,4.6,4.4,4.86486486486486
"Hunters Point","New York","NY","New York-Newark-Jersey City","Queens",114,,,,,,,,,,,,,,,,,,,,,,,,,,,,,,,,,,,,,,,,,,,,,,,,,,,,,,,,,,,,,,,,,,,,,,,4,4.12828947368421,4.21407185628743,4.231417043908,4.32711525649567,4.33179531902811,4.31937172774869,4.32509505703422,4.37993557772236,4.37196601941748,4.12256267409471,4.11261261261261,4.05819022855379,4.0520984081042,4.07766990291262,4.12087912087912,4.17827298050139,4.185733512786,4.25314840424704,4.22535211267606,4.36156763590392,4.21996186435327
"North Cambridge","Cambridge","MA","Boston-Cambridge-Newton","Middlesex",115,,,,,,,,,,,,,,,,,,,,,,,,,,,,,,,,,,,,,,,,,,,,,,,,,,,,,,,,,,,,,,,,,,,,,,,,,2.89500640204866,2.87739788444014,2.98589026871683,2.93122581154727,2.86707211120765,2.72727272727273,2.57707509881423,2.61044176706827,2.60067542898868,2.54093567251462,2.4,2.61044176706827,2.55434782608696,2.5,2.76595744680851,2.53125,2.77766798418972,2.70416666666667,2.44268774703557,2.45454545454545
"Washington Square","Philadelphia","PA","Philadelphia-Camden-Wilmington","Philadelphia",116,,,,,,,,,,,,,,,,,,,,,,,,,,,,,,,,,,,,,,,,,,,,,,,,,,,,,,,,,,,,,,,,,,,,,,,,,,,,,,,2.55,2.31818181818182,2.47681568185023,2.47681568185023,2.47770853899309,2.26,1.91521961184883,2.14176470588235,2.31111111111111,2.2,2.44583333333333,2.18333333333333,2.2,2.20588235294118
"Fremont","Seattle","WA","Seattle-Tacoma-Bellevue","King",117,,,,,,,,,,,,,,,,,,,,,,,,,,,,,,,,,,,,,,,,,,,,,,,,,,,,,,,,,,,,,,,,,,,,,,,,,,,,,,,,,2.5,2.45833333333333,2.45986374407583,2.40833333333333,2.38836801978158,2.45833333333333,2.46626686656672,2.49375,2.64957264957265,2.75,2.61779379157428,2.42105263157895
"Mid-Cambridge","Cambridge","MA","Boston-Cambridge-Newton","Middlesex",118,,,,,,,,,,,,,,,,,,,,,,,,,,2.82142857142857,2.81818181818182,2.8,2.95957361222848,3,2.88473226281108,3.24696356275304,2.85,2.91666666666667,2.81385281385281,2.8,2.84640171858217,2.91153846153846,3.02613480055021,3.25,3.2,3.07692307692308,3.12124849939976,3.05225806451613,2.9078431372549,2.75976340949603,2.8,2.87769784172662,3.07142857142857,2.95058823529412,2.98,3,3,3.11875,2.91891891891892,2.91891891891892,2.77777777777778,2.75337837837838,2.8,2.94117647058824,3.02491103202847,3.04,3.07142857142857,3.05882352941176,2.94964028776978,3.17156862745098,2.77777777777778,3,2.99539170506912,3,2.91891891891892,2.98604938271605,3.04068396226415,3.0625,3.17424242424242,3.41379310344828,3.2554347826087,3.11706730769231,3.11332503113325,3,2.92481378026071,3.1,3.14485514485514,3.18181818181818,2.97297297297297,3.12484501314289,3.18181818181818,3.33333333333333,3.24038461538462,3.18181818181818,3.1,3.11805555555556
"Riverside","Cambridge","MA","Boston-Cambridge-Newton","Middlesex",119,,,,,,,,,,,,,,,,,,,,,,,,,,,,,,,,,,,,,,,,,,,,,,,,,,,,,,,,,,,,,,,,,,,,,,,,3.09090909090909,3.26530612244898,3.31632653061224,3.5,3.30985915492958,3.28629190035216,3,2.94985250737463,3,3.125,3.11111111111111,3.13545150501672,3.30288461538462,3.55277777777778,3.59090909090909,3.47685606060606,3.2020202020202,3.2495,3.18181818181818,3.2,3.2
"Cambridgeport","Cambridge","MA","Boston-Cambridge-Newton","Middlesex",120,,,,,,,,,,,,,,,,,,,,,,,,,,,,,,,,,,,,,,,,,,,,,,,,,,,,,,,,,,,,,,,,,,,,,,,,2.83882783882784,3,2.97626977518734,3.01219512195122,3.07692307692308,3.06547619047619,3.1265664160401,3.18532818532819,3.06936041486603,3.07845084409136,3,2.9874213836478,2.9937106918239,2.84210526315789,2.8452380952381,2.88888888888889,3.08409658617818,3.17583026560583,3.44066635067624,3.10989010989011,3.30384615384615
"Boerum Hill","New York","NY","New York-Newark-Jersey City","Kings",121,,,,,,,,,,,,,,,,,,,,,,,,,,,,,,,,,,,,,,,,,,,,,,,,,,,,,,,,,,,,,,,,,,,,,,3.98375,3.75,3.75735294117647,3.75,3.75735294117647,3.69230769230769,3.76457516339869,3.91666666666667,4,3.92724867724868,3.88888888888889,3.82289473684211,3.65450928381963,3.72727272727273,3.67948717948718,3.76190476190476,3.76470588235294,3.81593406593407,4.04212121212121,4.25,4.26666666666667,4.54545454545455,4.26666666666667
"Wicker Park","Chicago","IL","Chicago-Naperville-Elgin","Cook",122,,,,,,,,,,,,,,,,,,,,,,,,,,,,,,,,,,,,,,,,,,,,,,,,,,,,,,,,,,,,,,,,,,,,,,,,,,1.90844444444444,1.92857142857143,1.91458333333333,2,1.79833333333333,1.78571428571429,1.73714285714286,1.66666666666667,1.66666666666667,1.76923076923077,1.746875,1.80952380952381,1.86875,2,1.95,1.90384615384615,1.8875,1.83333333333333,1.85416666666667
"The Loop","Chicago","IL","Chicago-Naperville-Elgin","Cook",123,,2.11660329531052,2.1261587905124,2.21074380165289,2.26412709479175,2.24939024390244,2.24318423593722,2.26239316239316,2.27702991452991,2.25,2.30785562632696,2.24383561643836,2.24587748142735,2.27379943502825,2.57393798389369,2.38640687698907,2.46541840381179,2.49659863945578,2.7041095890411,2.70940170940171,2.63157894736842,2.56202435312024,2.60470085470085,2.64738083452232,2.66666666666667,2.63638561429361,2.69538461538462,2.70795660036166,2.73190420064345,2.78639613120269,2.73350950886263,2.63302752293578,2.6200496941896,2.6743970806008,2.69764782478047,2.5923896499239,2.61333333333333,2.6056338028169,2.59765625,2.7094470046083,2.78620689655172,2.76985743380855,2.9,2.95487804878049,2.82072368421053,2.80263157894737,2.73450063865966,2.59090909090909,2.79698216735254,2.81038238104396,2.78817733990148,2.90804597701149,2.89842805320435,2.94554455445545,2.88405797101449,2.86699507389163,2.92648684712162,2.85757575757576,2.75248344370861,2.65552807529701,2.76668438751793,2.85630153121319,2.91304347826087,2.97186890161477,3.03842140956753,3.03448275862069,3.2874432677761,2.85630153121319,2.72969374167776,2.88405797101449,2.77736263736264,2.82352941176471,2.81519022982438,2.85428571428571,2.832191169647,2.92592592592593,2.87375,2.79503105590062,2.98969072164948,2.90714690867839,2.76971418732782,2.75466668314761,2.59640221402214,2.72923043248272,2.78212868480726,2.80502450980392,3.071814037253,3.07692307692308,3.15718157181572,3.18550250401698,2.92867132867133,2.92307692307692
"Park West","Chicago","IL","Chicago-Naperville-Elgin","Cook",124,,,,,,,,,,,,,,,,,,,,,,,,,,,,,,,,,,,,,,,,,,,,,,,,,,,,,,,,,,,,,,,,,,,,,,,,2.16915422885572,2.15333333333333,2.23779761904762,2.19047619047619,2.16666666666667,2.16,2.25,2.26888888888889,2.26785714285714,2.08333333333333,2.07777777777778,2.11,2.23809523809524,2.18333333333333,2.24375,2.24142857142857,2.19047619047619,2.20909090909091,2.1921130952381,2.16666666666667,2.17332089552239
"Downtown","New York","NY","New York-Newark-Jersey City","Kings",125,,,,,,,,,,,,,,,,,,,,,,,,,,,,,,,,,,,,,,,,,,,,,,,,,,,,,,,,,,,,,,,,,,,,,,4.73083197389886,4.85381032280684,4.43778110944528,4.61019490254873,4.6875,4.61019490254873,4.73903300054386,4.70115681233933,4.70115681233933,4.65041666666667,4.67266483516484,4.74150671352618,4.58333333333333,4.66370981176079,4.5584859777113,4.71479907820827,4.68253968253968,4.49640287769784,4.76098680933094,4.79750965053121,4.73574397339983,4.77843426883309,4.88422986969596
"North-East Coconut Grove","Miami","FL","Miami-Fort Lauderdale-West Palm Beach","Miami-Dade",126,,,,,,,,,,,,,,,,,,,,,,,,,,,,,,,,,,,,,,,,,,,,,,,,,,,,,,,,,,,,,,,,,,,,,,,,,2.27021276595745,2.67039106145251,2.67039106145251,2.75,2.67039106145251,2.39423076923077,2.3696682464455,2.59554206345906,2.5650289017341,2.51798561151079,2.52613240418118,2.37854251012146,2.32291666666667,2.33333333333333,2.3125,2.24220159835009,2.34042553191489,2.37889273356401,2.5650289017341,2.61886572810943
"Sheffield Neighbors","Chicago","IL","Chicago-Naperville-Elgin","Cook",127,,,,,,,,,,,,,,,,,,,,,,,,,,,,,,,,,,,,,,,,,,,,,,,,,,,,,,,,,,,,,,,,,,,,,,,,1.98253968253968,2.11538461538462,2.14485981308411,2.0686974789916,2.0849358974359,2.1104200391923,2.12745098039216,2.06271619496855,2.02368421052632,2.05146198830409,2.00067837989274,1.97857142857143,1.99285714285714,1.99285714285714,2.11111111111111,2.18153409090909,2.13333333333333,2.10263157894737,2.11024305555556,2.08777901785714,2.06785714285714
"North End","Boston","MA","Boston-Cambridge-Newton","Suffolk",128,,,,,,,,,,,,,3.53846153846154,3.46153846153846,3.19381694255112,3.26153846153846,3.3502538071066,3.2,2.90416666666667,2.95416666666667,3.01162790697674,2.85353535353535,2.99083333333333,2.99,2.99647887323944,3.13636363636364,3.16279069767442,3.15789473684211,3.25,3.27056962025316,3.25657894736842,3.25657894736842,3.18091451292247,3.2,3.15106580166821,3.33333333333333,3.75711237553343,3.83268983268983,3.81385281385281,3.66537717601547,3.42857142857143,3.8,3.36363636363636,3.4,3.5,3.55050505050505,3.5,3.58308391899374,3.59375,3.57142857142857,3.65269022137517,3.53096903096903,3.62010876774108,3.62308495821727,3.55555555555556,3.5,3.42857142857143,3.42857142857143,3.46666666666667,3.5,3.48333333333333,3.5,3.59090909090909,3.61058495821727,3.5,3.62308495821727,3.52941176470588,3.3,3.61740314003545,3.28571428571429,3.26315789473684,3.36377536836252,3.38461538461538,3.47826086956522,3.59257362355954,3.66666666666667,3.69397993311037,3.61613351877608,3.42857142857143,3.5,3.4,3.36363636363636,3.32460732984293,3.33333333333333,3.40588235294118,3.57142857142857,3.75,3.78571428571429,3.56349206349206,3.66666666666667,3.62920544022906,3.67333333333333
"Nonantum","Newton","MA","Boston-Cambridge-Newton","Middlesex",129,,,,,,,,,,,,,,,,,,,,,,,,,,,,,,,,,,,,,,,,,,,,,,,,,,,,,,,,,,,,,,,,,,,,,,,,1.75833333333333,1.65833333333333,1.66666666666667,1.66666666666667,1.64444444444444,1.72413793103448,1.66666666666667,1.66666666666667,1.70833333333333,1.67424242424242,1.70416666666667,1.7,1.65,1.66145833333333,1.41666666666667,1.59090909090909,1.53589743589744,1.7078431372549,1.66666666666667,1.61356209150327,1.57189248336598
"Wrightwood Neighbors","Chicago","IL","Chicago-Naperville-Elgin","Cook",130,,,,,,,,,,,,,,,,,,,,,,,,,,,,,,,,,,,,,,,,,,,,,,,,,,,,,,,,,,,,,,,,,,,,,,,,,2.21052631578947,2.07,2.12333333333333,2.08241758241758,2.07692307692308,2.07738095238095,2.045,1.994375,1.88888888888889,1.995,2,2.16666666666667,2.16228070175439,2.13333333333333,2.0625,2.11904761904762,2.04076850984067,2.06458333333333,2.06666666666667,1.99583333333333
"Murray Hill","New York","NY","New York-Newark-Jersey City","New York",131,,,,,,,,,,,,,,,,,,,,,,,,,,,,,,,,,,,,,,,,,,5.12698412698413,5,5.22151898734177,5.2,5.23076923076923,5.11111111111111,5.47727272727273,5.34808901790034,5.41634027886574,5.37373004354136,5.44806517311609,5.44806517311609,5.56640311390905,5.38461538461539,5.12698412698413,5.27272727272727,5.36138976555455,5.27777777777778,5.27272727272727,5.32319391634981,5.29513888888889,5.15882352941176,5.14285714285714,5.05555555555556,5.53840063341251,5.1010101010101,5.26472380178716,5.11111111111111,4.67708333333333,5.01715492214305,5.03321428571429,5.07142857142857,5.25147928994083,4.995,5.25147928994083,5.26446280991736,5.36749482401656,5.32918742184777,5.27662766276628,5.11111111111111,5,5.21599626788306,4.7,5.05918400258023,5,5.1,5.28846153846154,5.625,6.12849779086893,5.27272727272727,5.26410086264101
"East Cambridge","Cambridge","MA","Boston-Cambridge-Newton","Middlesex",132,,,,,,,,,,,,,,,,,,,,,,,,,,,,,,,,,,,,,,,,,,,,,,,3.29014037703975,3.14375561545373,3.18807969492292,3.14285714285714,3.15487571701721,3.00181708055724,3.02731628551351,3.06372549019608,3.11666171077411,3.08333333333333,3.40630472854641,3.63636363636364,3.55540935013412,3.55540935013412,3.44202898550725,3.53371242891958,3.33788085493406,3.65590719959652,3.42504370629371,3.73331555581181,3.5126717804256,3.32369942196532,3.41258741258741,3.20850331463539,3.60576923076923,3.25867269984917,3.26401903547074,3.42201724843637,3.66260162601626,3.73616236162362,3.76074332171893,3.73616236162362,3.56618610747051,3.53584905660377,3.57401584042241,3.59711645643884,3.06545153272577,2.92908530318602,3.1046790788829,3.25,3.2,3.37394564198688,3.47624565469293,3.5697882922357,3.56898998053421,3.75
"Beacon Hill","Boston","MA","Boston-Cambridge-Newton","Suffolk",133,,,,,,,,,,,,,,,,,,,,,,,,,,,,,,,,,,,,,,,,,,,,,,,,,,,,,,,,,,,,,,,,,,,,,,,,,4,3.97077848572075,3.92095015576324,4,3.81818181818182,3.74193548387097,3.77844684385382,3.86752136752137,3.94736842105263,3.86613875520314,3.80530973451327,3.79848820058997,3.82575757575758,3.96666666666667,4.01428571428571,4.02857142857143,4.14285714285714,4,3.98083333333333,3.88888888888889
"Upper Eastside","Miami","FL","Miami-Fort Lauderdale-West Palm Beach","Miami-Dade",134,,,,,,,,,,,,,,,,,,,,,,,,,,,,,,,,,,,,,,,,,,,,,,,,,,,,,,,,,,,,,,,,,,,,,,2.05183585313175,1.81159420289855,2.0746887966805,2,1.9,1.93522167487685,2.07438143537729,2.02702702702703,2.09399811226473,2.22727272727273,2.29082227527622,2.32845668387837,2.34445446348061,2.26288540946153,2.21123270699979,2.04545454545455,2.13569954949265,2.1547619047619,2.07269793369378,2.06666666666667,2.06043956043956,2,1.91256830601093
"West Cambridge","Cambridge","MA","Boston-Cambridge-Newton","Middlesex",135,,,,,,,,,,,,,,,,,,,,,,,,,,,,,,,,,,,,,,,,,,,,,,,,,,,,,,,,,,,,,,,,,,,,,,,2.70292207792208,2.85,2.75,2.80755711775044,3.3,3.38461538461538,3.08372696119292,3.04740406320542,2.7884007029877,2.71052631578947,2.525,2.70924089268595,2.82608695652174,2.83928571428571,2.8,3.15,3.25,3.25670995670996,3.45619047619048,3.44047619047619,2.88888888888889,2.88888888888889
"East Somerville","Somerville","MA","Boston-Cambridge-Newton","Middlesex",136,,,,,,,,,,,,,,,,,,,,,,,,,,,,,,,,,,,,,,,,,,,,,,,,,,,,,,,,,,,,,,,,,,,,,,,,1.875,1.64583333333333,1.93269230769231,2.225,2.25488372093023,2.45098039215686,2.37004731795151,2.35294117647059,1.99415204678363,2,2,1.98198198198198,2,2,2.21575043630017,2.46478873239437,2.4875,2.5,2.425,2.465483234714,2.5
"Noble Square","Chicago","IL","Chicago-Naperville-Elgin","Cook",137,,,,,,,,,,,,,,,,,,,,,,,,,,,,,,,,,,,,,,,,,,,,,,,,,,,,,,,,,,,,,,,,,,,,,,,,,,1.97058823529412,1.95588235294118,1.83782051282051,1.8,1.82291666666667,1.73214285714286,1.78666666666667,1.68181818181818,1.69875,1.76368156065061,1.75,1.775,1.775,1.9,1.84,1.8,1.90909090909091,1.82352941176471,1.92329545454545
"Isle of Normandy","Miami Beach","FL","Miami-Fort Lauderdale-West Palm Beach","Miami-Dade",138,,,,,,,,,,,,,,,,,,,,,,,,,,,,,,,,,,,,,,,,,,,,,,,,,,,,,,,,,,,,,,,,,,,,,,,,1.79461615154536,1.98412698412698,1.86666666666667,1.81622023809524,1.79016521862982,1.79487179487179,1.80849130882442,1.92857142857143,1.84210526315789,1.85714285714286,1.84615384615385,1.84210526315789,1.85714285714286,1.79574557577268,1.83776323278315,1.84285714285714,1.95601199743805,1.90711928335691,1.88695151324746,1.8009009009009,1.86190476190476
"East Ukrainian Village","Chicago","IL","Chicago-Naperville-Elgin","Cook",139,,,,,,,,,,,,,,,,,,,,,,,,,,,,,,,,,,,,,,,,,,,,,,,,,,,,,,,,,,,,,,,,,,,,,,,,,2.88582183186951,2.60983520336606,2.22941176470588,1.99456029011786,2,2.05882352941176,2.28666666666667,2.14214046822742,2,2.06758928571429,2.16666666666667,2.15384615384615,2.46666666666667,2.24375,2.16666666666667,2.125,2,1.94444444444444,1.88916666666667,1.94444444444444
"Old Town Triangle","Chicago","IL","Chicago-Naperville-Elgin","Cook",140,,,,,,,,,,,,,,,,,,,,,,,,,,,,,,,,,,,,,,,,,,,,,,,,,,,,,,,,,,,,,,,,,,,,,,,,,2.125,2.5,2.40666666666667,2.5,2.54777070063694,2.54777070063694,2.51666666666667,2.64285714285714,2.54777070063694,2.65531914893617,2.72012158054711,2.55744680851064,2.54622577585039,2.65531914893617,2.64084507042254,2.65562913907285,2.65066225165563,2.61224489795918,2.5,2.5
"Old City","Philadelphia","PA","Philadelphia-Camden-Wilmington","Philadelphia",141,,,,,,,,,,,,,,,,,,,,,,,,,,,,,,,,,,,,,,,,,,,,,,,,,,,,,,,,,,,,,,,,,,,,,,,,,,,1.99095022624434,2.01655712841254,2.08437291542133,2.03674787316319,2,2.05082618639222,1.99333333333333,1.99054865938431,1.96355060034305,2.01887347494891,1.94029850746269,1.99952617863066,2.04545454545455,2.03018995929444,2.04819277108434,2.04884667571235,1.99909090909091,2.03804347826087
"Wellington-Harrington","Cambridge","MA","Boston-Cambridge-Newton","Middlesex",142,,,,,,,,,,,,,,,,,,,,,,,,,,,,,,,,,,,,,,,,,,,,,,,,,,,,,,,,,,,,,,,,,,,,,,,,2.88888888888889,3.2,3.16666666666667,2.97916666666667,2.97330097087379,3,2.93650793650794,2.91616038882139,2.86666666666667,2.70833333333333,2.66111111111111,2.65,2.60303687635575,2.65833333333333,3.04136253041363,3.1,3.13392857142857,3.13392857142857,3.08700950524007,2.84605433376455,2.82843137254902
"Victoria Park","Fort Lauderdale","FL","Miami-Fort Lauderdale-West Palm Beach","Broward",143,,,,,,,,,,,,,,,,,,,,,,,,,,,,,,,,,,,,,,,,,,,,,,,,,,,,,,,,,,,,,,,,,,,,,,,,,,,,,,,,,1.8132983329725,1.84615384615385,1.86915887850467,1.92857142857143,1.89291277258567,1.86145146088596,1.94,1.875,1.84210526315789,1.86222420506165,1.8132983329725,1.83198226957778
"West Loop Gate","Chicago","IL","Chicago-Naperville-Elgin","Cook",144,,,,,,,,,,,,,,,,,,,,,,,,,,,,,,,,,,,,,,,,,,,,,,,,,,,,,,,,,,,,,,,,,,,,,2.7107969151671,2.72967032967033,2.62615502776793,2.61720430107527,2.52133333333333,2.53069306930693,2.51239543853205,2.47774826809293,2.50523168908819,2.43756243756244,2.5890899122807,2.63803680981595,2.6570771408351,2.6031847133758,2.54742096505824,2.60246138791437,2.60246138791437,2.66772823779193,2.72167487684729,2.28428701180745,2.36629526462396,2.38857938718663,2.53069306930693,2.49253731343284
"South Central Beach","Hollywood","FL","Miami-Fort Lauderdale-West Palm Beach","Broward",145,,,,,,,,,,,,,,,,,,,,,,,,,,,,,,,,,,,,,,,,,,,,,,,,,,,,,,,,,,,,,,,,,,,,,,,,1.91666666666667,1.97916666666667,2.04166666666667,2.18750410789636,2.23833333333333,2.23833333333333,2.24679487179487,2.40899357601713,2.19252445350752,2,2.17028380634391,2.19252445350752,2.17028380634391,2.00114416475973,2,2.21476510067114,2.21476510067114,2.27676151761518,2.28629032258065,2.32633886626997,2.32795698924731
"New Eastside","Chicago","IL","Chicago-Naperville-Elgin","Cook",146,,,,,2.55166666666667,2.57132507903056,2.55720013364517,2.57534246575342,2.50429447852761,2.54726447600639,2.5880330834841,2.625,2.65346534653465,2.65958981612447,2.66571428571429,2.70967741935484,2.74004271615849,2.71328540699649,2.73721508735393,2.92378874856487,2.78301886792453,2.68754355400697,2.6578585010819,2.63717227614987,2.62706953642384,2.67123287671233,2.6237582781457,2.64956858540971,2.69191703977561,2.72002686646233,2.85849056603774,2.72721729490022,2.75479452054795,2.73835616438356,2.82951318283646,2.83939393939394,2.87983306027908,2.85245901639344,2.86551324954278,2.86257668711656,2.86612903225806,3.05846349693871,3.04327439127733,2.90307692307692,2.86251236888977,2.83939393939394,2.80878552971576,2.8741935483871,3.07163742690058,2.89151873767258,2.80531525746567,2.82007575757576,2.59633027522936,2.88766200119389,2.92168807127155,3.02409638554217,3.03624161073826,3.01193633952255,2.901504603638,2.90293912074933,2.69252674405254,2.76923076923077,2.78400562851782,2.64807585052984,2.81908721359941,2.85929402432575,2.78183962264151,2.79878048780488,2.84615384615385,2.87370710138639,2.79878048780488,2.80495340652659,2.61363636363636,2.59633027522936,2.68251533742331,2.61208133971292,2.61363636363636,2.68125766871166,2.69987835836683,2.63731148698271,2.45479452054795,2.44968944099379,2.44130127298444,2.56645279560037,2.37748344370861,2.36101694915254,2.4046783625731,2.46561905573063,2.6315169769989,2.64105960264901,2.53245033112583,2.50397350993377
"West End","Boston","MA","Boston-Cambridge-Newton","Suffolk",147,,,,,,,,,,,,,,,,,,,,,,,,,,,,,,,,,,,,,,,,,,,,,,,,,,,,,,,,,,,,,,,,,,,,,,,,,,,,,,,3.32916666666667,3.34039548022599,3.34745762711864,3.34745762711864,3.38274520700195,3.44320196017099,3.50250577015454,3.36219035202086,3.71293800539084,3.79230769230769,3.67504835589942,3.86912471770962,3.54558610709117,3.66361113447145
"The Port - Area 4","Cambridge","MA","Boston-Cambridge-Newton","Middlesex",148,,,,,,,,,,,,,,,,,,,,,,,,,,,,,,,,,,,,,,,,,,,,,,,,,,,,,,,,,,,,,,,,,,,,,,,,,2.91025641025641,2.91987179487179,2.92307692307692,3.05555555555556,3.10972962305112,3.02354570637119,2.95637198622273,2.95966747459285,2.8493894165536,3.04709141274238,2.8246947082768,3,2.80769230769231,2.73333333333333,3.04709141274238,3.04140284922833,3.08333333333333,3.02349644466156,2.84249425947187,2.92307692307692
"Old Town","Chicago","IL","Chicago-Naperville-Elgin","Cook",149,,,,,,,,,,,,,,,,,,,,,,,,,,,,,,,,,,,,,,,,,,,,,,,,,,,,,,,,,,,,,,,,,,,,,,,,,,2.65833333333333,2.64814814814815,2.40583333333333,2.45679012345679,2.36875,2.58680057388809,2.47,2.55720053835801,2.58412322274882,2.64506172839506,2.71107904441238,2.88093255620316,2.89508742714405,3.12279884239957,2.56410256410256,2.40833333333333,2.38461538461538,2.64550264550265,2.7
"River North","Chicago","IL","Chicago-Naperville-Elgin","Cook",150,,,,,,,,,,,,,,,,,,,,,,,,,,,,,,,,,,,,,,,,,,,,,,,2.90451388888889,2.96187258687259,2.88032786885246,2.8809963099631,2.94324324324324,3.11690590412874,3.06173789599522,3.07062344706278,2.91517857142857,2.89485163124651,2.87812840043526,2.87812840043526,2.85169124024284,2.96296296296296,2.95922025966184,2.94860234445446,2.79464914930031,2.72953330092368,2.90625,2.92050209205021,2.98724816621859,2.73262032085561,2.91418252290345,2.90451388888889,2.73262032085561,2.71593814938158,2.85271317829457,2.92035398230089,2.85084897493409,2.79464914930031,2.78961038961039,2.76864728192162,2.91643059490085,2.85754189944134,2.66952455183164,2.76728723404255,2.70015698587127,2.76975630292444,2.81102166567283,2.91495362679956,3.05017408156766,3.03421390770303,3.24483775811209,3.27906976744186,3.10957004160888,3.00242522231205
"Hyde Park","Austin","TX","Austin-Round Rock","Travis",151,,,,,,,,,,,,,,,,,,,,,,,,,,,,,,,,,,,,,,,,,,,,,,,,,,,,,,,,,,,,,,,,,,,,,,,,,,,,1.91706730769231,1.94383753501401,1.89024390243902,1.85469023962595,1.76949152542373,1.75696798493409,1.8756656323028,1.91150442477876,1.91150442477876,1.90441292667509,1.88167813831531,1.85364941010741,1.80555555555556,1.82817109144543,1.71296296296296,1.65081217174725,1.58414634146341
"Union Station","Denver","CO","Denver-Aurora-Lakewood","Denver",152,,,,,,,,,,,,,,,,,,,,,,,,,,,,,,,,,,,,,,,,,,,,,,,,,,,,,,,,,,,,,,,,,,,,,,,,,,,,,,,,,2.81818181818182,2.77660183066362,2.8334200124818,2.80320366132723,2.81069273975452,2.86363636363636,2.94117647058824,2.81069273975452,2.9024064171123,2.9024064171123,2.85714285714286,2.86363636363636
"Fulton River District","Chicago","IL","Chicago-Naperville-Elgin","Cook",153,,,,,,,,,,,,2.45000845531674,2.42723285622779,2.37047898338221,2.49083257270494,2.42603550295858,2.44514767932489,2.55824630801688,2.59265734265734,2.47224009168885,2.49751650165017,2.61569062190096,2.47981347050623,2.48505434782609,2.70063256458605,2.69904124094903,2.70901033973412,2.70934387954448,2.68075566322411,2.64027370478983,2.57950530035336,2.57309941520468,2.61040787623066,2.58108108108108,2.62397540983607,2.66252220248668,2.63636363636364,2.64176364977077,2.67471819645733,2.81754385964912,2.70470224575808,2.70477815699659,2.81754385964912,2.868,2.88829070749507,2.86452762923351,2.8006589785832,2.84479865771812,2.72576530612245,2.71673498387714,2.71551535087719,2.64774586983036,2.67080745341615,2.72940156114484,2.68292682926829,2.64017987896993,2.62422634836428,2.61992945326279,2.52068345323741,2.51272029713507,2.38103756708408,2.66301369863014,2.66310794780546,2.66310794780546,2.61140776699029,2.66310794780546,2.76470588235294,2.66310794780546,2.67686714134222,2.84388573243062,2.66310794780546,2.53625877228362,2.55913503971756,2.62450066577896,2.66310794780546,2.66468282727128,2.66310794780546,2.67080745341615,2.6645056726094,2.65725870329379,2.61517923320531,2.65583075335397,2.61275773195876,2.6446655285577,2.62784090909091,2.64948453608247,2.66392897266834,2.57128373256519,2.69761029411765,2.79472140762463,2.76796230859835,2.6233606557377
"Garment District","New York","NY","New York-Newark-Jersey City","New York",154,,,,,,,,,,,,,,,,,,,,,,,,,,,,,,,,,,,,,,,,,,,,,,,,,,,,,,,,,,,,,,,,,,,,,,,,,,,,,,,,6.10540540540541,5.39367834220775,5.98076923076923,5.67143384338434,5.25524725274725,5.24019584139265,6.10633333333333,6.00044773756373,6.02,6.04181818181818,6.22974683544304,6.11246943765281,5.33653846153846
"North University","Austin","TX","Austin-Round Rock","Travis",155,,,,,,,,,,,,,,,,,,,,,,,,,,,,,,,,,,,,,,,,,,,,,,,,,,,,,,,,,,,,,,,,,,,,,,,,,,,,,,,,,1.83645833333333,1.91111111111111,1.91111111111111,1.94215425531915,1.76291471832554,1.68461538461538,1.65798611111111,1.65,1.65798611111111,1.64173546108511,1.57894736842105,1.60590277777778
"South Pointe","Miami Beach","FL","Miami-Fort Lauderdale-West Palm Beach","Miami-Dade",156,,,,,,,,,,,,,,,,,,,,,,,,,,,,,,,,,,,,,,,,,,,,,,,,,,,,,3.51851851851852,3.64331723027375,3.51851851851852,3.51851851851852,3.6498294970162,3.44844844844845,3.69129345101885,3.68304668304668,3.51851851851852,3.43862667977712,3.51851851851852,4.05982905982906,4.1328807190589,3.99636693914623,3.63247863247863,3.54946026428438,3.85654261704682,4.04456654456654,4.01404151404151,3.92378215654078,4.01459854014599,4.30656934306569,4.20309347679892,4.12271062271062,4.05982905982906,4.05982905982906,3.99529964747356,4.19354838709677,4.184493491794,4.13968330994291,4.02484312972212,4.05982905982906,4.05982905982906,4.01459854014599,3.82419150002258,3.88846929726253,3.61570247933884,3.71017871017871,3.74158009888539,3.52526439482961
"Central Hill","Somerville","MA","Boston-Cambridge-Newton","Middlesex",157,,,,,,,,,,,,,,,,,,,,,,,,,,,,,,,,,,,,,,,,,,,,,,,,,,,,,,,,,,,,,,,,,,,,,,,,2.10950854700855,2.325,2.3875,2.4,2.49166666666667,2.49166666666667,2.49333333333333,2.31666666666667,2.34230769230769,2.125,2.22222222222222,2.22222222222222,2.35576923076923,2.2,2.36666666666667,2.21825396825397,2.3125,2.42130750605327,2.33333333333333,2.09090909090909,2.10289579871825
"Corey Hill","Brookline","MA","Boston-Cambridge-Newton","Norfolk",158,,,,,,,,,,,,,,,,,,,,,,,,,,,,,,,,,,,,,,,,,,,,,,,,,,,,,,,,,,,,,,,,,,,,,,,,,,,,,,2.94642857142857,2.83842794759825,2.66497461928934,2.65625,2.67857142857143,2.67261904761905,2.67177302393038,2.8125,2.925,2.95,3.1,2.9797619047619,3.10172413793103,3.10344827586207,3.10344827586207
"French Quarter","New Orleans","LA","New Orleans-Metairie","Orleans",159,,,,,,,,,,,,,,,,,,,,,,,,,,,,,,,,,,,,,,,,,,,,,,,,,,,,,,,,,,,,,,,,,,,,,,,,,2.26038602941177,2.2,2.21222833202409,2.1875,2.1875,2.1875,2.18609865470852,2.2,2.17917675544794,2.20125786163522,2.15367965367965,2.24242424242424,2.22222222222222,2.17028985507246,2.13035714285714,2.22222222222222,2.17519181585678,2.18120805369128,2.10977242302544,2.08333333333333
"City Center","Miami Beach","FL","Miami-Fort Lauderdale-West Palm Beach","Miami-Dade",160,,,,,,,,,,,,,,,,,,,,,,,,,,,,,,,,,,,,,,,,,,,,,,,,,,,,,,,,,,,,,,,,,,,,,,,,,3.33333333333333,3.35195530726257,3.35195530726257,3.25884543761639,3.25884543761639,3.3659217877095,3.66666666666667,3.48484848484848,3.25884543761639,3.63621794871795,3.40909090909091,3.24431818181818,3.25,3.13317783593128,3.13880126182965,2.71587743732591,2.93966040024257,3.21907549119044,3.26825435203095,3.01112823971481
