,RegionID,RegionName,RegionType,City,CountyName,2013-10,2013-11,2013-12,2014-01,2014-02,2014-03,2014-04,2014-05,2014-06,2014-07,2014-08,2014-09,2014-10,2014-11,2014-12,2015-01,2015-02,2015-03,2015-04,2015-05,2015-06,2015-07,2015-08,2015-09,2015-10,2015-11,2015-12,2016-01,2016-02,2016-03,2016-04,2016-05,2016-06,2016-07,2016-08,2016-09,2016-10,2016-11,2016-12,2017-01,2017-02,2017-03,2017-04,2017-05,2017-06,2017-07,2017-08,2017-09,2017-10,2017-11,2017-12,2018-01,2018-02,2018-03,2018-04,2018-05,2018-06,2018-07,2018-08,2018-09
3,270958,Upper West Side,Neighborhood,New York,New York,741.0,780.0,701.0,645.0,706.0,769.0,844.0,914.0,818.0,831.0,730.0,772.0,788.0,734.0,662.0,660.0,688.0,672.0,716.0,756.0,770.0,737.0,678.0,757.0,828.0,768.0,643.0,612.0,647.0,674.0,778.0,804.0,803.0,738.0,685.0,760.0,790.0,760.0,647.0,587.0,656.0,686.0,754.0,816.0,832.0,774.0,708.0,790.0,887.0,883.0,754.0,750.0,894.0,876.0,982.0,1130.0,1124.0,1068.0,953.0,999
5,270957,Upper East Side,Neighborhood,New York,New York,1080.0,1140.0,1064.0,1014.0,1052.0,1107.0,1163.0,1195.0,1112.0,1173.0,1068.0,1194.0,1169.0,1182.0,1046.0,998.0,1034.0,1012.0,1085.0,1179.0,1182.0,1055.0,992.0,1052.0,1077.0,1085.0,912.0,893.0,998.0,1077.0,1191.0,1233.0,1255.0,1192.0,1047.0,1114.0,1190.0,1178.0,1007.0,959.0,1050.0,1093.0,1126.0,1204.0,1229.0,1178.0,1083.0,1177.0,1293.0,1237.0,1126.0,1094.0,1498.0,1406.0,1548.0,1634.0,1582.0,1496.0,1337.0,1411
9,194430,East New York,Neighborhood,New York,Kings,250.0,308.0,304.0,291.0,294.0,334.0,307.0,266.0,218.0,204.0,218.0,220.0,158.0,170.0,148.0,136.0,154.0,198.0,220.0,176.0,216.0,211.0,196.0,173.0,168.0,133.0,131.0,138.0,145.0,150.0,190.0,192.0,207.0,214.0,224.0,246.0,230.0,246.0,256.0,238.0,235.0,197.0,150.0,129.0,118.0,98.0,94.0,92.0,88.0,90.0,80.0,71.0,66.0,64.0,68.0,64.0,65.0,74.0,77.0,70
11,198687,Washington Heights,Neighborhood,New York,New York,125.0,144.0,142.0,125.0,129.0,119.0,130.0,147.0,160.0,147.0,132.0,134.0,116.0,120.0,112.0,106.0,112.0,107.0,129.0,121.0,114.0,108.0,106.0,105.0,91.0,86.0,72.0,75.0,74.0,100.0,106.0,100.0,104.0,110.0,91.0,94.0,94.0,84.0,62.0,62.0,74.0,83.0,78.0,83.0,82.0,78.0,79.0,108.0,118.0,125.0,100.0,85.0,92.0,92.0,92.0,99.0,108.0,106.0,104.0,109
14,272816,Astoria,Neighborhood,New York,Queens,122.0,146.0,139.0,132.0,129.0,145.0,145.0,136.0,140.0,124.0,126.0,114.0,111.0,102.0,79.0,77.0,78.0,86.0,106.0,92.0,93.0,101.0,104.0,97.0,90.0,92.0,79.0,72.0,70.0,89.0,106.0,108.0,118.0,124.0,118.0,101.0,88.0,112.0,120.0,103.0,114.0,111.0,92.0,94.0,94.0,98.0,88.0,90.0,96.0,92.0,84.0,85.0,92.0,111.0,124.0,132.0,140.0,142.0,137.0,158
16,199001,Williamsburg,Neighborhood,New York,Kings,119.0,124.0,100.0,79.0,84.0,94.0,111.0,118.0,106.0,115.0,96.0,120.0,131.0,116.0,100.0,116.0,121.0,128.0,139.0,180.0,187.0,207.0,192.0,194.0,210.0,199.0,155.0,140.0,150.0,194.0,196.0,228.0,244.0,239.0,207.0,234.0,250.0,221.0,188.0,168.0,179.0,198.0,220.0,239.0,236.0,202.0,177.0,188.0,202.0,189.0,171.0,161.0,169.0,140.0,151.0,187.0,218.0,204.0,182.0,203
20,194737,Flatbush,Neighborhood,New York,Kings,126.0,139.0,123.0,126.0,128.0,118.0,116.0,117.0,112.0,98.0,104.0,107.0,111.0,102.0,93.0,84.0,82.0,92.0,92.0,92.0,94.0,108.0,98.0,95.0,97.0,98.0,89.0,99.0,116.0,99.0,110.0,114.0,114.0,107.0,95.0,96.0,98.0,92.0,84.0,84.0,84.0,71.0,92.0,94.0,84.0,72.0,76.0,66.0,68.0,64.0,48.0,47.0,76.0,77.0,88.0,103.0,100.0,84.0,83.0,96
23,403222,Crown Heights,Neighborhood,New York,Kings,103.0,120.0,114.0,104.0,92.0,104.0,117.0,116.0,107.0,93.0,100.0,104.0,57.0,54.0,68.0,62.0,74.0,84.0,86.0,94.0,104.0,108.0,96.0,88.0,88.0,78.0,73.0,90.0,94.0,101.0,100.0,84.0,86.0,96.0,105.0,136.0,132.0,133.0,142.0,133.0,116.0,97.0,82.0,66.0,64.0,58.0,55.0,48.0,54.0,62.0,60.0,54.0,52.0,60.0,66.0,77.0,80.0,86.0,82.0,87
24,195267,Harlem,Neighborhood,New York,New York,183.0,218.0,210.0,229.0,252.0,258.0,266.0,270.0,212.0,180.0,173.0,199.0,171.0,168.0,151.0,135.0,143.0,140.0,132.0,152.0,175.0,144.0,144.0,143.0,158.0,148.0,108.0,113.0,114.0,125.0,140.0,175.0,178.0,164.0,141.0,138.0,136.0,138.0,126.0,125.0,141.0,138.0,144.0,157.0,158.0,134.0,124.0,147.0,164.0,158.0,148.0,136.0,150.0,130.0,150.0,162.0,168.0,164.0,159.0,188
26,270828,East Harlem,Neighborhood,New York,New York,115.0,110.0,104.0,96.0,100.0,96.0,104.0,116.0,100.0,100.0,94.0,94.0,74.0,72.0,64.0,64.0,70.0,76.0,78.0,82.0,88.0,74.0,78.0,94.0,100.0,98.0,82.0,85.0,100.0,95.0,99.0,100.0,100.0,93.0,88.0,94.0,92.0,88.0,84.0,90.0,93.0,84.0,88.0,100.0,96.0,97.0,86.0,100.0,94.0,96.0,91.0,91.0,118.0,117.0,124.0,122.0,112.0,108.0,105.0,108
30,194379,East Flatbush,Neighborhood,New York,Kings,103.0,116.0,109.0,117.0,129.0,118.0,102.0,100.0,98.0,102.0,104.0,106.0,81.0,78.0,67.0,70.0,74.0,100.0,109.0,72.0,90.0,82.0,66.0,63.0,76.0,81.0,77.0,69.0,82.0,85.0,104.0,113.0,115.0,103.0,99.0,98.0,86.0,98.0,119.0,126.0,120.0,93.0,70.0,59.0,52.0,46.0,44.0,46.0,54.0,46.0,42.0,41.0,54.0,53.0,58.0,64.0,54.0,50.0,49.0,44
32,10957,Corona,Neighborhood,New York,Queens,138.0,140.0,134.0,130.0,128.0,139.0,145.0,133.0,112.0,97.0,90.0,94.0,85.0,89.0,88.0,83.0,87.0,86.0,107.0,97.0,104.0,86.0,76.0,76.0,78.0,92.0,95.0,89.0,93.0,93.0,96.0,94.0,107.0,106.0,104.0,98.0,96.0,106.0,102.0,96.0,91.0,90.0,68.0,74.0,75.0,78.0,72.0,67.0,66.0,72.0,76.0,74.0,68.0,70.0,76.0,75.0,70.0,69.0,81.0,80
36,193285,Bensonhurst,Neighborhood,New York,Kings,48.0,55.0,52.0,55.0,56.0,63.0,67.0,62.0,68.0,63.0,62.0,64.0,53.0,54.0,50.0,43.0,38.0,38.0,44.0,48.0,48.0,43.0,40.0,41.0,45.0,57.0,63.0,52.0,46.0,44.0,42.0,44.0,51.0,60.0,51.0,49.0,47.0,49.0,64.0,51.0,50.0,54.0,50.0,38.0,35.0,36.0,33.0,39.0,36.0,50.0,52.0,49.0,47.0,58.0,56.0,55.0,60.0,57.0,57.0,54
41,403131,Sheepshead Bay,Neighborhood,New York,Kings,365.0,392.0,362.0,335.0,358.0,366.0,372.0,346.0,368.0,362.0,346.0,330.0,267.0,266.0,277.0,260.0,270.0,266.0,271.0,271.0,312.0,305.0,290.0,287.0,295.0,282.0,264.0,242.0,247.0,242.0,264.0,250.0,265.0,284.0,280.0,279.0,268.0,262.0,234.0,225.0,242.0,236.0,224.0,224.0,223.0,212.0,211.0,210.0,202.0,210.0,198.0,196.0,186.0,191.0,194.0,198.0,191.0,184.0,189.0,201
44,193640,Canarsie,Neighborhood,New York,Kings,351.0,375.0,331.0,301.0,276.0,330.0,287.0,234.0,244.0,227.0,242.0,263.0,164.0,188.0,156.0,154.0,164.0,186.0,206.0,182.0,199.0,188.0,181.0,175.0,163.0,143.0,135.0,132.0,127.0,148.0,154.0,151.0,155.0,158.0,138.0,141.0,138.0,148.0,146.0,128.0,122.0,116.0,108.0,105.0,91.0,90.0,93.0,86.0,74.0,72.0,64.0,54.0,56.0,55.0,60.0,65.0,66.0,64.0,66.0,64
50,270875,Lower East Side,Neighborhood,New York,New York,100.0,109.0,94.0,86.0,94.0,88.0,81.0,88.0,72.0,62.0,59.0,54.0,60.0,66.0,65.0,48.0,47.0,53.0,54.0,64.0,64.0,63.0,66.0,67.0,63.0,64.0,59.0,68.0,70.0,56.0,70.0,74.0,86.0,84.0,88.0,107.0,130.0,133.0,123.0,122.0,128.0,132.0,134.0,145.0,143.0,132.0,121.0,118.0,130.0,127.0,115.0,109.0,136.0,134.0,140.0,147.0,148.0,152.0,153.0,161
55,27182,South Ozone Park,Neighborhood,New York,Queens,250.0,230.0,200.0,175.0,174.0,182.0,184.0,184.0,172.0,179.0,186.0,188.0,173.0,178.0,166.0,198.0,232.0,280.0,193.0,208.0,217.0,185.0,190.0,186.0,174.0,174.0,148.0,140.0,154.0,172.0,158.0,148.0,181.0,202.0,215.0,253.0,232.0,217.0,252.0,250.0,230.0,204.0,159.0,140.0,130.0,127.0,122.0,110.0,114.0,112.0,108.0,102.0,85.0,82.0,88.0,81.0,81.0,82.0,90.0,98
66,196538,Murray Hill,Neighborhood,New York,Queens,163.0,164.0,135.0,129.0,136.0,132.0,136.0,154.0,157.0,161.0,144.0,140.0,137.0,150.0,127.0,110.0,96.0,96.0,136.0,118.0,132.0,127.0,123.0,130.0,120.0,112.0,112.0,105.0,102.0,108.0,117.0,129.0,142.0,136.0,146.0,161.0,140.0,123.0,118.0,95.0,104.0,115.0,112.0,107.0,103.0,106.0,106.0,106.0,129.0,125.0,119.0,103.0,106.0,123.0,127.0,141.0,140.0,146.0,143.0,154
70,18071,Far Rockaway,Neighborhood,New York,Queens,69.0,76.0,76.0,77.0,76.0,75.0,71.0,76.0,74.0,75.0,76.0,76.0,84.0,83.0,77.0,58.0,52.0,50.0,62.0,56.0,72.0,70.0,66.0,65.0,68.0,64.0,55.0,44.0,47.0,46.0,50.0,59.0,80.0,76.0,57.0,64.0,60.0,46.0,48.0,47.0,50.0,46.0,35.0,39.0,42.0,43.0,43.0,44.0,44.0,50.0,46.0,34.0,30.0,33.0,38.0,42.0,40.0,42.0,45.0,41
71,273757,Forest Hills,Neighborhood,New York,Queens,505.0,519.0,499.0,474.0,508.0,508.0,551.0,562.0,524.0,540.0,508.0,488.0,421.0,421.0,411.0,376.0,380.0,377.0,446.0,404.0,406.0,394.0,394.0,375.0,380.0,376.0,376.0,358.0,340.0,341.0,401.0,406.0,406.0,422.0,404.0,377.0,382.0,409.0,370.0,346.0,360.0,346.0,322.0,301.0,294.0,302.0,300.0,304.0,292.0,293.0,274.0,288.0,304.0,354.0,340.0,367.0,362.0,360.0,359.0,339
78,270829,East Village,Neighborhood,New York,New York,95.0,116.0,120.0,87.0,66.0,64.0,73.0,86.0,76.0,85.0,81.0,85.0,88.0,87.0,71.0,58.0,61.0,58.0,52.0,71.0,72.0,68.0,64.0,59.0,64.0,62.0,54.0,52.0,55.0,73.0,91.0,98.0,106.0,106.0,91.0,104.0,106.0,91.0,82.0,88.0,102.0,103.0,102.0,98.0,85.0,94.0,79.0,84.0,87.0,90.0,82.0,71.0,86.0,79.0,83.0,110.0,106.0,110.0,101.0,100
82,274117,Jackson Heights,Neighborhood,New York,Queens,250.0,256.0,252.0,229.0,248.0,242.0,249.0,232.0,205.0,209.0,207.0,202.0,162.0,162.0,158.0,126.0,134.0,120.0,147.0,116.0,136.0,150.0,148.0,146.0,140.0,130.0,131.0,123.0,118.0,102.0,118.0,127.0,139.0,146.0,150.0,160.0,174.0,173.0,126.0,136.0,134.0,127.0,124.0,120.0,122.0,122.0,121.0,120.0,122.0,125.0,112.0,109.0,118.0,136.0,132.0,152.0,152.0,164.0,169.0,186
87,270886,Midwood,Neighborhood,New York,Kings,79.0,86.0,89.0,76.0,71.0,70.0,73.0,82.0,88.0,94.0,90.0,94.0,79.0,82.0,72.0,69.0,72.0,75.0,76.0,74.0,86.0,81.0,82.0,79.0,79.0,76.0,85.0,91.0,101.0,93.0,102.0,98.0,99.0,108.0,98.0,104.0,93.0,85.0,72.0,69.0,74.0,72.0,72.0,75.0,72.0,68.0,73.0,80.0,85.0,87.0,89.0,82.0,86.0,88.0,84.0,86.0,92.0,94.0,96.0,88
89,45032,East Elmhurst,Neighborhood,New York,Queens,113.0,122.0,132.0,126.0,129.0,128.0,125.0,127.0,126.0,118.0,116.0,123.0,119.0,100.0,90.0,90.0,100.0,99.0,135.0,132.0,156.0,126.0,116.0,107.0,96.0,79.0,86.0,78.0,83.0,87.0,84.0,88.0,117.0,108.0,101.0,90.0,92.0,89.0,85.0,72.0,64.0,59.0,54.0,50.0,58.0,55.0,56.0,56.0,58.0,63.0,68.0,67.0,70.0,76.0,77.0,80.0,68.0,66.0,68.0,80
91,403215,Gravesend,Neighborhood,New York,Kings,89.0,116.0,122.0,107.0,104.0,102.0,104.0,102.0,102.0,91.0,75.0,78.0,61.0,64.0,68.0,64.0,62.0,60.0,53.0,55.0,74.0,71.0,76.0,64.0,62.0,62.0,56.0,53.0,52.0,65.0,56.0,51.0,60.0,61.0,70.0,74.0,66.0,57.0,36.0,37.0,42.0,43.0,38.0,38.0,35.0,35.0,35.0,38.0,38.0,31.0,31.0,31.0,32.0,32.0,34.0,42.0,44.0,39.0,42.0,44
93,193182,Bath Beach,Neighborhood,New York,Kings,84.0,115.0,106.0,105.0,116.0,120.0,107.0,97.0,110.0,90.0,82.0,92.0,94.0,91.0,79.0,76.0,78.0,74.0,86.0,92.0,90.0,84.0,84.0,80.0,84.0,86.0,87.0,78.0,70.0,76.0,79.0,75.0,78.0,76.0,80.0,90.0,90.0,84.0,75.0,70.0,83.0,74.0,66.0,71.0,72.0,74.0,71.0,64.0,76.0,90.0,94.0,93.0,92.0,98.0,118.0,118.0,119.0,113.0,132.0,146
96,26352,Ozone Park,Neighborhood,New York,Queens,79.0,81.0,81.0,79.0,80.0,94.0,101.0,98.0,86.0,80.0,83.0,83.0,77.0,73.0,63.0,61.0,67.0,77.0,90.0,80.0,89.0,89.0,90.0,74.0,78.0,84.0,54.0,60.0,62.0,69.0,70.0,61.0,60.0,61.0,76.0,82.0,82.0,72.0,72.0,66.0,95.0,85.0,66.0,54.0,60.0,58.0,58.0,56.0,49.0,42.0,36.0,36.0,36.0,35.0,42.0,41.0,44.0,36.0,39.0,40
98,276128,Richmond Hill,Neighborhood,New York,Queens,80.0,66.0,65.0,62.0,81.0,82.0,85.0,76.0,74.0,75.0,78.0,84.0,62.0,66.0,63.0,54.0,60.0,68.0,79.0,69.0,82.0,78.0,70.0,61.0,64.0,72.0,60.0,63.0,66.0,70.0,72.0,63.0,62.0,62.0,60.0,66.0,66.0,76.0,76.0,72.0,68.0,61.0,52.0,46.0,44.0,39.0,38.0,38.0,42.0,43.0,36.0,30.0,34.0,32.0,30.0,34.0,36.0,34.0,34.0,32
101,274415,Flatlands,Neighborhood,New York,Kings,152.0,174.0,168.0,161.0,186.0,186.0,173.0,168.0,160.0,165.0,164.0,160.0,131.0,135.0,113.0,108.0,114.0,123.0,117.0,128.0,162.0,156.0,150.0,123.0,102.0,114.0,121.0,109.0,102.0,111.0,125.0,118.0,123.0,120.0,108.0,104.0,89.0,73.0,70.0,68.0,68.0,70.0,71.0,69.0,68.0,69.0,77.0,90.0,80.0,88.0,79.0,75.0,77.0,94.0,82.0,76.0,74.0,68.0,69.0,74
104,273860,Gramercy,Neighborhood,New York,New York,199.0,202.0,186.0,167.0,168.0,174.0,188.0,208.0,179.0,191.0,174.0,184.0,175.0,162.0,138.0,120.0,128.0,138.0,131.0,131.0,138.0,126.0,119.0,110.0,130.0,128.0,108.0,106.0,103.0,108.0,121.0,124.0,133.0,137.0,131.0,159.0,176.0,169.0,134.0,124.0,128.0,135.0,159.0,166.0,152.0,145.0,133.0,144.0,160.0,166.0,154.0,158.0,204.0,208.0,234.0,261.0,248.0,246.0,232.0,273
112,403217,Kensington,Neighborhood,New York,Kings,42.0,48.0,52.0,42.0,44.0,45.0,46.0,48.0,45.0,33.0,35.0,40.0,32.0,36.0,28.0,28.0,26.0,32.0,39.0,43.0,58.0,54.0,52.0,50.0,55.0,55.0,47.0,42.0,44.0,42.0,42.0,52.0,59.0,50.0,58.0,60.0,52.0,50.0,46.0,44.0,49.0,46.0,52.0,62.0,68.0,56.0,46.0,52.0,59.0,58.0,45.0,36.0,54.0,54.0,62.0,58.0,56.0,54.0,52.0,62
126,5837,Maspeth,Neighborhood,New York,Queens,44.0,42.0,40.0,37.0,42.0,42.0,45.0,46.0,44.0,51.0,48.0,49.0,40.0,48.0,48.0,40.0,42.0,44.0,54.0,50.0,62.0,69.0,60.0,56.0,56.0,46.0,43.0,40.0,46.0,60.0,64.0,70.0,64.0,54.0,55.0,56.0,55.0,54.0,52.0,48.0,48.0,35.0,38.0,43.0,43.0,44.0,50.0,46.0,45.0,47.0,47.0,37.0,38.0,39.0,48.0,57.0,60.0,63.0,67.0,70
127,193189,Bay Ridge,Neighborhood,New York,Kings,99.0,114.0,118.0,96.0,104.0,99.0,107.0,116.0,122.0,100.0,99.0,109.0,96.0,90.0,81.0,78.0,70.0,73.0,72.0,76.0,89.0,89.0,74.0,88.0,97.0,92.0,77.0,66.0,68.0,82.0,90.0,89.0,94.0,93.0,89.0,93.0,95.0,98.0,83.0,77.0,78.0,80.0,74.0,88.0,94.0,83.0,77.0,76.0,82.0,83.0,72.0,82.0,106.0,94.0,95.0,105.0,94.0,86.0,88.0,94
138,199091,Woodside,Neighborhood,New York,Queens,73.0,81.0,75.0,65.0,75.0,72.0,66.0,80.0,84.0,73.0,58.0,50.0,56.0,56.0,40.0,34.0,36.0,46.0,65.0,50.0,58.0,56.0,62.0,56.0,58.0,66.0,69.0,62.0,67.0,59.0,70.0,71.0,66.0,54.0,50.0,53.0,52.0,57.0,54.0,50.0,53.0,60.0,48.0,49.0,47.0,46.0,56.0,54.0,54.0,55.0,50.0,47.0,55.0,63.0,72.0,75.0,78.0,79.0,78.0,77
140,37309,Bayside,Neighborhood,New York,Queens,161.0,156.0,162.0,153.0,164.0,167.0,179.0,188.0,186.0,180.0,183.0,190.0,175.0,162.0,150.0,134.0,130.0,138.0,178.0,170.0,184.0,195.0,200.0,178.0,160.0,150.0,126.0,120.0,122.0,109.0,137.0,158.0,172.0,165.0,156.0,146.0,140.0,134.0,116.0,99.0,101.0,108.0,118.0,121.0,125.0,125.0,121.0,100.0,110.0,100.0,100.0,91.0,87.0,94.0,107.0,139.0,143.0,134.0,133.0,138
150,276254,Chelsea,Neighborhood,New York,New York,179.0,194.0,176.0,145.0,148.0,174.0,199.0,221.0,197.0,204.0,190.0,210.0,206.0,196.0,182.0,162.0,175.0,182.0,183.0,202.0,212.0,198.0,170.0,190.0,226.0,238.0,196.0,188.0,204.0,216.0,249.0,274.0,282.0,257.0,239.0,266.0,276.0,283.0,250.0,221.0,254.0,261.0,278.0,299.0,292.0,276.0,231.0,260.0,264.0,242.0,204.0,190.0,238.0,238.0,293.0,310.0,314.0,297.0,261.0,290
159,195133,Greenwich Village,Neighborhood,New York,New York,166.0,192.0,182.0,172.0,179.0,174.0,187.0,208.0,178.0,202.0,179.0,192.0,185.0,182.0,165.0,154.0,173.0,178.0,181.0,190.0,202.0,176.0,152.0,183.0,202.0,206.0,167.0,160.0,164.0,184.0,203.0,214.0,210.0,184.0,169.0,174.0,198.0,189.0,145.0,140.0,145.0,173.0,183.0,203.0,196.0,190.0,164.0,194.0,220.0,225.0,204.0,205.0,224.0,223.0,251.0,274.0,265.0,243.0,215.0,247
160,193974,Coney Island,Neighborhood,New York,Kings,89.0,102.0,100.0,99.0,85.0,86.0,87.0,86.0,93.0,93.0,92.0,90.0,66.0,62.0,65.0,66.0,68.0,70.0,68.0,80.0,88.0,90.0,106.0,93.0,108.0,96.0,86.0,81.0,69.0,72.0,87.0,76.0,80.0,84.0,93.0,96.0,104.0,100.0,96.0,90.0,96.0,91.0,76.0,90.0,78.0,70.0,68.0,75.0,70.0,69.0,62.0,70.0,64.0,68.0,78.0,87.0,86.0,88.0,81.0,74
167,57348,Kew Gardens Hills,Neighborhood,New York,Queens,187.0,204.0,188.0,176.0,180.0,174.0,174.0,186.0,179.0,173.0,162.0,158.0,139.0,138.0,129.0,122.0,111.0,116.0,149.0,127.0,138.0,134.0,146.0,150.0,140.0,135.0,133.0,115.0,114.0,118.0,134.0,138.0,120.0,117.0,115.0,124.0,123.0,120.0,106.0,96.0,100.0,85.0,62.0,64.0,78.0,87.0,86.0,86.0,82.0,89.0,95.0,92.0,121.0,131.0,130.0,129.0,154.0,159.0,163.0,154
172,6719,Rego Park,Neighborhood,New York,Queens,250.0,260.0,253.0,219.0,202.0,192.0,213.0,226.0,233.0,245.0,238.0,236.0,200.0,191.0,181.0,157.0,131.0,139.0,170.0,162.0,192.0,188.0,176.0,189.0,182.0,176.0,168.0,150.0,142.0,147.0,175.0,181.0,194.0,196.0,201.0,200.0,194.0,192.0,160.0,144.0,147.0,135.0,137.0,137.0,137.0,134.0,140.0,148.0,151.0,142.0,135.0,126.0,130.0,146.0,144.0,208.0,204.0,208.0,206.0,218
176,270903,Ocean Parkway,Neighborhood,New York,Kings,59.0,66.0,62.0,63.0,64.0,58.0,48.0,48.0,58.0,64.0,58.0,60.0,52.0,62.0,59.0,54.0,42.0,38.0,34.0,36.0,46.0,43.0,48.0,49.0,54.0,51.0,43.0,46.0,50.0,51.0,45.0,40.0,41.0,41.0,38.0,36.0,44.0,41.0,35.0,31.0,35.0,32.0,26.0,34.0,40.0,38.0,33.0,34.0,30.0,28.0,34.0,32.0,34.0,45.0,40.0,39.0,40.0,44.0,44.0,43
177,343211,Parkchester,Neighborhood,New York,Bronx,96.0,112.0,120.0,129.0,143.0,124.0,133.0,118.0,98.0,103.0,90.0,88.0,77.0,102.0,100.0,95.0,108.0,108.0,99.0,94.0,98.0,97.0,100.0,102.0,94.0,88.0,65.0,58.0,76.0,77.0,77.0,92.0,100.0,86.0,66.0,62.0,82.0,96.0,102.0,99.0,106.0,83.0,61.0,54.0,60.0,54.0,51.0,48.0,43.0,41.0,40.0,34.0,40.0,40.0,28.0,30.0,28.0,24.0,31.0,36
181,49994,Woodhaven,Neighborhood,New York,Queens,45.0,42.0,42.0,50.0,54.0,59.0,57.0,46.0,45.0,37.0,48.0,57.0,61.0,58.0,48.0,48.0,48.0,52.0,51.0,38.0,46.0,47.0,43.0,56.0,62.0,58.0,52.0,58.0,52.0,41.0,46.0,48.0,50.0,58.0,61.0,58.0,60.0,62.0,52.0,52.0,53.0,49.0,32.0,28.0,32.0,36.0,38.0,40.0,39.0,38.0,34.0,35.0,34.0,34.0,38.0,43.0,46.0,45.0,46.0,44
190,270891,Morningside Heights,Neighborhood,New York,New York,44.0,46.0,40.0,38.0,42.0,50.0,53.0,55.0,50.0,52.0,44.0,38.0,38.0,42.0,37.0,28.0,36.0,38.0,42.0,40.0,40.0,36.0,30.0,34.0,36.0,38.0,29.0,26.0,29.0,34.0,41.0,53.0,53.0,52.0,43.0,44.0,42.0,37.0,32.0,38.0,32.0,32.0,30.0,33.0,38.0,42.0,41.0,34.0,42.0,38.0,29.0,28.0,36.0,34.0,41.0,54.0,57.0,56.0,41.0,48
198,273766,Fort Greene,Neighborhood,New York,Kings,45.0,42.0,31.0,33.0,33.0,34.0,46.0,54.0,49.0,47.0,43.0,52.0,53.0,45.0,35.0,31.0,33.0,30.0,42.0,48.0,54.0,47.0,41.0,47.0,54.0,51.0,39.0,38.0,36.0,59.0,68.0,67.0,68.0,62.0,55.0,41.0,42.0,42.0,38.0,34.0,34.0,36.0,29.0,32.0,31.0,36.0,29.0,36.0,36.0,34.0,32.0,27.0,34.0,36.0,38.0,40.0,46.0,37.0,34.0,52
199,276060,Whitestone,Neighborhood,New York,Queens,268.0,276.0,250.0,230.0,231.0,228.0,256.0,290.0,294.0,303.0,302.0,300.0,266.0,241.0,226.0,196.0,192.0,207.0,258.0,204.0,214.0,234.0,236.0,213.0,216.0,221.0,193.0,172.0,178.0,210.0,237.0,239.0,232.0,230.0,233.0,209.0,192.0,192.0,172.0,150.0,160.0,169.0,165.0,178.0,188.0,190.0,177.0,166.0,152.0,135.0,138.0,137.0,142.0,166.0,168.0,201.0,199.0,196.0,191.0,183
210,343212,Morris Park,Neighborhood,New York,Bronx,84.0,84.0,88.0,93.0,102.0,100.0,82.0,72.0,71.0,71.0,78.0,82.0,71.0,73.0,62.0,59.0,62.0,64.0,65.0,60.0,57.0,54.0,61.0,58.0,54.0,50.0,51.0,48.0,42.0,53.0,58.0,52.0,51.0,46.0,53.0,50.0,48.0,39.0,33.0,31.0,30.0,28.0,36.0,32.0,22.0,30.0,34.0,32.0,33.0,35.0,36.0,31.0,37.0,50.0,45.0,39.0,40.0,42.0,44.0,43
211,194318,Dyker Heights,Neighborhood,New York,Kings,23.0,22.0,20.0,22.0,28.0,22.0,22.0,25.0,27.0,22.0,22.0,26.0,20.0,22.0,22.0,22.0,28.0,29.0,35.0,38.0,38.0,37.0,34.0,36.0,28.0,32.0,34.0,30.0,30.0,34.0,36.0,45.0,44.0,48.0,42.0,40.0,47.0,45.0,37.0,36.0,38.0,30.0,24.0,23.0,18.0,28.0,31.0,36.0,36.0,28.0,34.0,30.0,28.0,32.0,34.0,36.0,36.0,34.0,38.0,41
216,25160,Hollis,Neighborhood,New York,Queens,211.0,190.0,176.0,154.0,152.0,172.0,164.0,155.0,141.0,151.0,158.0,162.0,143.0,144.0,129.0,117.0,122.0,122.0,114.0,130.0,168.0,161.0,134.0,113.0,103.0,106.0,97.0,80.0,84.0,107.0,100.0,96.0,104.0,122.0,110.0,96.0,96.0,109.0,115.0,100.0,95.0,89.0,87.0,71.0,75.0,80.0,80.0,76.0,75.0,70.0,74.0,72.0,81.0,84.0,82.0,79.0,78.0,97.0,100.0,103
219,343210,Throggs Neck,Neighborhood,New York,Bronx,194.0,168.0,187.0,171.0,176.0,154.0,159.0,171.0,161.0,178.0,171.0,176.0,156.0,145.0,139.0,140.0,154.0,180.0,139.0,170.0,226.0,208.0,182.0,151.0,130.0,118.0,114.0,111.0,106.0,95.0,88.0,104.0,109.0,114.0,121.0,158.0,132.0,102.0,101.0,99.0,96.0,72.0,74.0,81.0,87.0,82.0,93.0,83.0,83.0,81.0,78.0,70.0,67.0,66.0,68.0,66.0,78.0,73.0,65.0,68
244,276345,Glendale,Neighborhood,New York,Queens,37.0,40.0,34.0,27.0,24.0,25.0,30.0,28.0,32.0,30.0,35.0,34.0,33.0,27.0,28.0,26.0,20.0,21.0,21.0,24.0,29.0,34.0,32.0,28.0,28.0,25.0,22.0,17.0,13.0,18.0,27.0,24.0,27.0,25.0,20.0,26.0,34.0,36.0,36.0,30.0,30.0,24.0,25.0,20.0,19.0,18.0,17.0,24.0,24.0,21.0,20.0,18.0,24.0,26.0,20.0,20.0,22.0,22.0,27.0,28
254,196338,Middle Village,Neighborhood,New York,Queens,43.0,39.0,36.0,30.0,34.0,37.0,46.0,60.0,60.0,69.0,68.0,64.0,54.0,44.0,36.0,36.0,44.0,52.0,66.0,56.0,58.0,51.0,58.0,57.0,58.0,58.0,54.0,47.0,48.0,51.0,56.0,50.0,47.0,50.0,61.0,66.0,72.0,73.0,62.0,55.0,52.0,52.0,51.0,46.0,50.0,46.0,44.0,46.0,45.0,44.0,45.0,44.0,44.0,39.0,41.0,37.0,44.0,46.0,45.0,48
259,270855,Homecrest,Neighborhood,New York,Kings,26.0,40.0,50.0,49.0,48.0,45.0,50.0,48.0,48.0,42.0,34.0,36.0,36.0,34.0,41.0,48.0,45.0,46.0,45.0,38.0,48.0,53.0,50.0,49.0,56.0,54.0,60.0,74.0,69.0,75.0,72.0,62.0,54.0,54.0,59.0,71.0,74.0,78.0,112.0,113.0,112.0,108.0,95.0,81.0,79.0,70.0,56.0,47.0,50.0,58.0,59.0,51.0,49.0,52.0,48.0,49.0,55.0,54.0,50.0,48
271,403226,Bellerose,Neighborhood,New York,Queens,114.0,140.0,130.0,115.0,114.0,119.0,111.0,126.0,126.0,116.0,116.0,112.0,111.0,100.0,101.0,76.0,76.0,69.0,89.0,82.0,86.0,93.0,102.0,102.0,84.0,79.0,66.0,54.0,66.0,67.0,66.0,71.0,68.0,83.0,84.0,80.0,70.0,66.0,66.0,75.0,74.0,71.0,70.0,73.0,69.0,66.0,68.0,72.0,68.0,73.0,60.0,61.0,66.0,56.0,48.0,48.0,61.0,64.0,62.0,62
276,193476,Brighton Beach,Neighborhood,New York,Kings,99.0,144.0,142.0,142.0,144.0,144.0,156.0,146.0,163.0,147.0,142.0,150.0,102.0,113.0,140.0,122.0,112.0,133.0,144.0,146.0,186.0,202.0,202.0,186.0,174.0,142.0,157.0,156.0,157.0,167.0,161.0,154.0,164.0,164.0,165.0,181.0,197.0,200.0,200.0,200.0,213.0,165.0,154.0,147.0,136.0,117.0,122.0,122.0,115.0,111.0,106.0,96.0,103.0,100.0,113.0,127.0,135.0,137.0,133.0,118
290,270797,Auburndale,Neighborhood,New York,Queens,55.0,44.0,43.0,42.0,52.0,57.0,58.0,60.0,66.0,64.0,57.0,52.0,53.0,46.0,46.0,46.0,46.0,46.0,66.0,54.0,64.0,66.0,62.0,52.0,52.0,49.0,51.0,50.0,50.0,51.0,54.0,64.0,66.0,70.0,72.0,70.0,60.0,55.0,55.0,51.0,55.0,54.0,54.0,54.0,61.0,64.0,60.0,55.0,58.0,54.0,46.0,44.0,44.0,42.0,49.0,49.0,58.0,55.0,63.0,63
294,8731,Fort Hamilton,Neighborhood,New York,Kings,151.0,179.0,178.0,159.0,164.0,162.0,164.0,165.0,174.0,162.0,152.0,108.0,97.0,90.0,77.0,72.0,69.0,68.0,77.0,84.0,82.0,74.0,75.0,72.0,81.0,84.0,77.0,74.0,68.0,77.0,74.0,78.0,85.0,68.0,74.0,84.0,84.0,73.0,73.0,69.0,78.0,76.0,64.0,69.0,73.0,68.0,67.0,75.0,76.0,77.0,77.0,78.0,94.0,96.0,103.0,114.0,120.0,114.0,111.0,114
301,8349,College Point,Neighborhood,New York,Queens,32.0,34.0,42.0,40.0,48.0,54.0,56.0,46.0,48.0,54.0,42.0,45.0,43.0,39.0,34.0,31.0,36.0,42.0,45.0,38.0,48.0,52.0,48.0,46.0,42.0,37.0,32.0,30.0,30.0,35.0,44.0,47.0,49.0,52.0,42.0,48.0,49.0,52.0,48.0,48.0,40.0,40.0,37.0,32.0,41.0,46.0,44.0,43.0,48.0,50.0,46.0,37.0,40.0,43.0,44.0,44.0,50.0,54.0,76.0,64
312,21970,Howard Beach,Neighborhood,New York,Queens,217.0,223.0,222.0,209.0,227.0,226.0,230.0,226.0,234.0,230.0,220.0,225.0,219.0,204.0,176.0,162.0,165.0,156.0,199.0,142.0,151.0,152.0,150.0,155.0,156.0,156.0,136.0,125.0,146.0,140.0,130.0,138.0,140.0,139.0,139.0,145.0,134.0,135.0,132.0,116.0,123.0,131.0,122.0,115.0,116.0,123.0,119.0,118.0,126.0,112.0,102.0,92.0,102.0,106.0,103.0,100.0,96.0,98.0,99.0,106
313,403206,Flatiron District,Neighborhood,New York,New York,192.0,194.0,188.0,177.0,174.0,170.0,171.0,176.0,162.0,193.0,180.0,174.0,180.0,178.0,177.0,170.0,172.0,182.0,185.0,202.0,218.0,195.0,186.0,208.0,228.0,225.0,203.0,202.0,228.0,238.0,273.0,297.0,306.0,294.0,256.0,282.0,281.0,285.0,262.0,232.0,258.0,266.0,287.0,305.0,298.0,286.0,241.0,268.0,289.0,285.0,266.0,255.0,300.0,290.0,324.0,323.0,312.0,298.0,271.0,300
322,270881,Marine Park,Neighborhood,New York,Kings,44.0,52.0,50.0,52.0,55.0,56.0,46.0,48.0,52.0,52.0,61.0,61.0,51.0,52.0,42.0,42.0,45.0,43.0,39.0,46.0,52.0,46.0,48.0,56.0,67.0,67.0,61.0,45.0,41.0,50.0,60.0,60.0,45.0,46.0,48.0,54.0,56.0,47.0,38.0,36.0,39.0,32.0,34.0,32.0,30.0,35.0,43.0,46.0,44.0,41.0,37.0,36.0,38.0,34.0,34.0,39.0,52.0,57.0,52.0,52
333,273478,Douglaston-Little Neck,Neighborhood,New York,Queens,158.0,180.0,172.0,161.0,164.0,162.0,168.0,186.0,184.0,179.0,178.0,176.0,176.0,156.0,148.0,146.0,142.0,138.0,166.0,164.0,188.0,187.0,192.0,179.0,174.0,172.0,159.0,146.0,148.0,136.0,160.0,172.0,162.0,167.0,156.0,152.0,146.0,141.0,126.0,114.0,109.0,112.0,122.0,133.0,142.0,142.0,126.0,127.0,122.0,119.0,100.0,89.0,96.0,100.0,108.0,119.0,132.0,140.0,157.0,157
334,270907,Pelham Bay,Neighborhood,New York,Bronx,29.0,34.0,32.0,29.0,38.0,35.0,33.0,37.0,40.0,36.0,49.0,59.0,53.0,50.0,48.0,48.0,48.0,52.0,42.0,46.0,60.0,60.0,63.0,54.0,49.0,43.0,37.0,31.0,32.0,36.0,35.0,38.0,26.0,30.0,36.0,39.0,39.0,38.0,40.0,40.0,41.0,40.0,33.0,27.0,30.0,30.0,31.0,28.0,23.0,28.0,24.0,21.0,26.0,28.0,38.0,39.0,32.0,28.0,28.0,28
336,195087,Great Kills,Neighborhood,New York,Richmond,86.0,82.0,79.0,70.0,60.0,72.0,81.0,87.0,96.0,95.0,90.0,85.0,89.0,81.0,77.0,74.0,71.0,66.0,70.0,70.0,46.0,51.0,53.0,59.0,54.0,50.0,44.0,38.0,38.0,44.0,49.0,60.0,55.0,55.0,51.0,54.0,56.0,49.0,41.0,34.0,38.0,45.0,50.0,52.0,54.0,58.0,56.0,60.0,60.0,46.0,46.0,37.0,41.0,44.0,51.0,64.0,73.0,74.0,64.0,66
348,4819,Fresh Meadows,Neighborhood,New York,Queens,39.0,36.0,34.0,37.0,38.0,39.0,47.0,62.0,78.0,71.0,60.0,57.0,49.0,44.0,37.0,35.0,52.0,50.0,59.0,48.0,54.0,42.0,43.0,48.0,50.0,52.0,49.0,44.0,42.0,46.0,45.0,40.0,50.0,50.0,55.0,64.0,60.0,52.0,34.0,32.0,34.0,32.0,34.0,38.0,51.0,46.0,50.0,48.0,40.0,38.0,38.0,35.0,32.0,34.0,36.0,45.0,46.0,46.0,49.0,46
354,274676,Kew Gardens,Neighborhood,New York,Queens,176.0,178.0,172.0,153.0,166.0,170.0,186.0,190.0,200.0,192.0,184.0,188.0,159.0,152.0,173.0,155.0,148.0,130.0,141.0,122.0,143.0,136.0,138.0,135.0,138.0,160.0,145.0,140.0,166.0,153.0,138.0,134.0,135.0,138.0,115.0,129.0,132.0,138.0,114.0,94.0,84.0,80.0,62.0,67.0,74.0,72.0,70.0,70.0,79.0,73.0,76.0,69.0,79.0,85.0,78.0,84.0,77.0,88.0,87.0,91
360,26254,Oakland Gardens,Neighborhood,New York,Queens,234.0,236.0,232.0,199.0,198.0,196.0,212.0,246.0,260.0,275.0,264.0,254.0,244.0,220.0,167.0,138.0,130.0,136.0,183.0,151.0,164.0,163.0,166.0,151.0,138.0,136.0,123.0,106.0,104.0,89.0,91.0,91.0,97.0,88.0,101.0,96.0,85.0,74.0,70.0,76.0,84.0,84.0,84.0,99.0,106.0,117.0,100.0,102.0,94.0,86.0,88.0,79.0,78.0,90.0,108.0,117.0,124.0,139.0,134.0,130
362,273653,Eltingville,Neighborhood,New York,Richmond,62.0,62.0,61.0,57.0,58.0,62.0,59.0,70.0,88.0,83.0,77.0,71.0,71.0,68.0,65.0,54.0,48.0,46.0,49.0,52.0,42.0,42.0,42.0,37.0,42.0,44.0,32.0,29.0,34.0,44.0,48.0,54.0,56.0,58.0,57.0,62.0,62.0,56.0,46.0,38.0,40.0,34.0,37.0,46.0,52.0,63.0,64.0,56.0,51.0,52.0,42.0,32.0,36.0,54.0,52.0,60.0,80.0,84.0,83.0,76
373,270964,West Village,Neighborhood,New York,New York,113.0,114.0,88.0,71.0,76.0,98.0,117.0,133.0,115.0,106.0,91.0,100.0,99.0,102.0,82.0,80.0,90.0,84.0,88.0,98.0,100.0,109.0,108.0,117.0,134.0,139.0,115.0,116.0,128.0,135.0,148.0,154.0,153.0,142.0,132.0,143.0,165.0,164.0,140.0,134.0,132.0,143.0,148.0,148.0,152.0,138.0,121.0,150.0,160.0,153.0,117.0,121.0,148.0,148.0,170.0,176.0,184.0,174.0,145.0,159
386,403122,Brooklyn Heights,Neighborhood,New York,New York,65.0,68.0,60.0,59.0,62.0,58.0,66.0,72.0,78.0,64.0,48.0,61.0,64.0,60.0,48.0,52.0,57.0,62.0,67.0,85.0,92.0,88.0,73.0,99.0,105.0,92.0,71.0,62.0,71.0,90.0,106.0,103.0,101.0,82.0,78.0,93.0,102.0,95.0,71.0,74.0,74.0,76.0,86.0,100.0,105.0,99.0,80.0,102.0,110.0,104.0,72.0,68.0,80.0,104.0,114.0,116.0,128.0,116.0,90.0,106
408,270946,Sutton Place,Neighborhood,New York,New York,187.0,193.0,182.0,164.0,188.0,192.0,216.0,230.0,208.0,222.0,194.0,226.0,235.0,221.0,203.0,192.0,205.0,218.0,205.0,232.0,221.0,196.0,197.0,223.0,237.0,245.0,230.0,218.0,238.0,246.0,258.0,264.0,261.0,244.0,236.0,266.0,286.0,281.0,250.0,256.0,262.0,261.0,266.0,278.0,293.0,288.0,244.0,258.0,272.0,265.0,241.0,255.0,370.0,349.0,348.0,370.0,355.0,341.0,329.0,350
422,270853,Heartland Village,Neighborhood,New York,Richmond,79.0,85.0,72.0,60.0,54.0,62.0,82.0,82.0,72.0,76.0,73.0,64.0,59.0,63.0,68.0,67.0,56.0,52.0,52.0,60.0,48.0,56.0,54.0,52.0,52.0,59.0,60.0,54.0,52.0,43.0,50.0,54.0,59.0,54.0,43.0,44.0,39.0,29.0,22.0,24.0,32.0,33.0,30.0,42.0,50.0,52.0,58.0,62.0,54.0,49.0,47.0,44.0,48.0,50.0,59.0,59.0,68.0,72.0,77.0,78
433,403203,West Brighton,Neighborhood,New York,Richmond,57.0,60.0,62.0,66.0,63.0,64.0,70.0,70.0,70.0,63.0,66.0,67.0,73.0,67.0,66.0,60.0,64.0,65.0,74.0,70.0,36.0,38.0,33.0,37.0,36.0,27.0,22.0,26.0,29.0,30.0,45.0,39.0,34.0,29.0,35.0,34.0,28.0,26.0,25.0,21.0,22.0,29.0,24.0,33.0,44.0,48.0,44.0,44.0,47.0,42.0,33.0,30.0,28.0,33.0,36.0,45.0,56.0,54.0,51.0,54
434,275518,Springfield Gardens,Neighborhood,New York,Queens,63.0,58.0,60.0,64.0,76.0,96.0,95.0,118.0,110.0,96.0,76.0,74.0,56.0,66.0,69.0,47.0,52.0,57.0,51.0,54.0,62.0,58.0,52.0,47.0,46.0,46.0,54.0,46.0,53.0,71.0,77.0,72.0,70.0,76.0,83.0,89.0,82.0,75.0,85.0,74.0,75.0,72.0,58.0,53.0,48.0,44.0,41.0,38.0,33.0,30.0,24.0,23.0,24.0,23.0,19.0,20.0,20.0,20.0,30.0,34
442,270951,Tribeca,Neighborhood,New York,New York,159.0,149.0,130.0,127.0,128.0,139.0,142.0,138.0,139.0,174.0,160.0,162.0,188.0,196.0,183.0,167.0,168.0,172.0,187.0,230.0,230.0,196.0,172.0,193.0,223.0,224.0,184.0,184.0,208.0,239.0,278.0,310.0,301.0,286.0,268.0,278.0,281.0,266.0,234.0,229.0,244.0,273.0,308.0,323.0,310.0,283.0,259.0,266.0,288.0,294.0,266.0,263.0,302.0,316.0,336.0,351.0,352.0,341.0,313.0,318
485,270953,Turtle Bay,Neighborhood,New York,New York,193.0,224.0,207.0,193.0,181.0,188.0,197.0,198.0,184.0,214.0,198.0,202.0,207.0,202.0,191.0,194.0,201.0,194.0,223.0,225.0,228.0,222.0,235.0,256.0,249.0,241.0,221.0,208.0,220.0,229.0,238.0,226.0,239.0,226.0,206.0,212.0,228.0,211.0,198.0,188.0,202.0,213.0,236.0,233.0,232.0,232.0,208.0,224.0,237.0,229.0,200.0,206.0,282.0,272.0,298.0,305.0,300.0,272.0,250.0,248
537,270885,Midtown,Neighborhood,New York,New York,233.0,244.0,235.0,222.0,227.0,232.0,255.0,264.0,244.0,297.0,298.0,325.0,304.0,292.0,304.0,281.0,306.0,292.0,293.0,314.0,314.0,299.0,290.0,294.0,319.0,308.0,293.0,281.0,328.0,338.0,362.0,370.0,398.0,365.0,337.0,350.0,356.0,365.0,342.0,332.0,341.0,329.0,359.0,363.0,366.0,364.0,345.0,364.0,375.0,352.0,329.0,310.0,356.0,362.0,382.0,388.0,390.0,388.0,359.0,356
543,197303,Port Richmond,Neighborhood,New York,Richmond,56.0,53.0,48.0,43.0,45.0,44.0,42.0,44.0,56.0,54.0,49.0,50.0,50.0,50.0,52.0,50.0,52.0,46.0,39.0,39.0,30.0,33.0,35.0,33.0,34.0,29.0,24.0,22.0,24.0,18.0,22.0,22.0,18.0,15.0,14.0,15.0,16.0,15.0,13.0,13.0,20.0,22.0,17.0,27.0,30.0,24.0,26.0,27.0,25.0,27.0,23.0,22.0,27.0,29.0,38.0,55.0,58.0,54.0,58.0,55
559,343218,Spuyten Duyvil,Neighborhood,New York,Bronx,277.0,290.0,296.0,284.0,294.0,285.0,294.0,290.0,257.0,255.0,243.0,249.0,244.0,208.0,185.0,178.0,177.0,193.0,203.0,202.0,194.0,200.0,198.0,182.0,174.0,166.0,154.0,142.0,138.0,132.0,150.0,158.0,150.0,147.0,128.0,118.0,118.0,122.0,111.0,100.0,106.0,106.0,98.0,111.0,116.0,108.0,106.0,124.0,118.0,111.0,100.0,92.0,114.0,104.0,116.0,108.0,104.0,118.0,110.0,110
563,270952,Tudor City,Neighborhood,New York,New York,123.0,116.0,110.0,109.0,106.0,114.0,125.0,122.0,116.0,130.0,117.0,114.0,108.0,122.0,106.0,99.0,102.0,108.0,121.0,110.0,112.0,107.0,96.0,91.0,113.0,103.0,81.0,84.0,94.0,87.0,100.0,102.0,102.0,96.0,95.0,100.0,103.0,103.0,101.0,92.0,86.0,102.0,116.0,121.0,118.0,120.0,125.0,146.0,145.0,140.0,134.0,129.0,152.0,153.0,197.0,190.0,183.0,191.0,188.0,195
565,272869,Battery Park,Neighborhood,New York,New York,60.0,70.0,66.0,62.0,62.0,70.0,75.0,79.0,68.0,71.0,66.0,60.0,47.0,55.0,76.0,74.0,72.0,76.0,77.0,80.0,80.0,76.0,74.0,71.0,78.0,86.0,79.0,74.0,76.0,90.0,102.0,105.0,106.0,84.0,77.0,73.0,71.0,72.0,62.0,66.0,78.0,82.0,88.0,99.0,100.0,94.0,90.0,94.0,94.0,93.0,80.0,80.0,92.0,101.0,125.0,131.0,124.0,122.0,113.0,118
603,270810,Carnegie Hill,Neighborhood,New York,New York,106.0,98.0,92.0,87.0,90.0,90.0,98.0,108.0,98.0,84.0,76.0,92.0,107.0,99.0,94.0,94.0,98.0,110.0,104.0,116.0,113.0,104.0,94.0,106.0,108.0,108.0,99.0,90.0,100.0,106.0,140.0,150.0,128.0,111.0,99.0,110.0,135.0,135.0,123.0,118.0,122.0,120.0,128.0,125.0,118.0,109.0,91.0,103.0,112.0,111.0,104.0,106.0,142.0,151.0,170.0,176.0,164.0,146.0,122.0,140
627,403228,Hillcrest,Neighborhood,New York,Queens,24.0,22.0,16.0,14.0,16.0,22.0,25.0,29.0,25.0,30.0,32.0,30.0,29.0,25.0,21.0,16.0,14.0,15.0,24.0,24.0,34.0,32.0,32.0,31.0,26.0,25.0,28.0,28.0,27.0,29.0,36.0,38.0,32.0,35.0,33.0,35.0,28.0,25.0,29.0,26.0,28.0,29.0,28.0,33.0,34.0,27.0,27.0,26.0,26.0,29.0,30.0,21.0,20.0,21.0,29.0,30.0,28.0,26.0,23.0,26
632,272785,Arden Heights,Neighborhood,New York,Richmond,53.0,48.0,41.0,30.0,34.0,36.0,34.0,34.0,43.0,42.0,44.0,47.0,47.0,50.0,50.0,46.0,40.0,48.0,47.0,48.0,36.0,36.0,36.0,37.0,34.0,26.0,18.0,21.0,24.0,30.0,28.0,32.0,39.0,40.0,33.0,31.0,31.0,23.0,22.0,18.0,26.0,21.0,22.0,30.0,32.0,32.0,30.0,30.0,26.0,25.0,20.0,19.0,34.0,34.0,36.0,39.0,46.0,42.0,40.0,44
640,32192,Jamaica Estates,Neighborhood,New York,Queens,51.0,59.0,56.0,47.0,46.0,50.0,51.0,56.0,58.0,47.0,50.0,58.0,58.0,42.0,46.0,43.0,42.0,38.0,44.0,59.0,65.0,59.0,60.0,56.0,57.0,55.0,61.0,58.0,62.0,64.0,72.0,62.0,59.0,64.0,62.0,60.0,60.0,59.0,53.0,46.0,42.0,49.0,43.0,46.0,48.0,44.0,48.0,50.0,46.0,46.0,45.0,39.0,34.0,34.0,36.0,41.0,40.0,36.0,40.0,41
658,270861,Jamaica Hills,Neighborhood,New York,Queens,43.0,54.0,48.0,48.0,48.0,40.0,38.0,44.0,40.0,37.0,40.0,40.0,38.0,33.0,34.0,32.0,28.0,29.0,34.0,27.0,32.0,30.0,28.0,30.0,34.0,34.0,29.0,26.0,26.0,26.0,28.0,24.0,25.0,30.0,29.0,32.0,35.0,37.0,38.0,32.0,28.0,29.0,22.0,28.0,28.0,26.0,22.0,21.0,22.0,24.0,26.0,25.0,20.0,21.0,25.0,25.0,24.0,20.0,21.0,24
667,343219,Riverdale,Neighborhood,New York,Bronx,178.0,198.0,207.0,192.0,188.0,199.0,198.0,189.0,196.0,186.0,165.0,160.0,154.0,136.0,134.0,127.0,136.0,148.0,156.0,170.0,168.0,166.0,158.0,172.0,160.0,145.0,127.0,118.0,128.0,121.0,135.0,130.0,122.0,122.0,126.0,122.0,118.0,109.0,92.0,90.0,86.0,85.0,86.0,91.0,80.0,92.0,99.0,93.0,94.0,86.0,82.0,77.0,96.0,98.0,107.0,110.0,108.0,108.0,114.0,113
686,55801,Glen Oaks,Neighborhood,New York,Queens,87.0,98.0,92.0,90.0,90.0,96.0,99.0,98.0,96.0,91.0,94.0,97.0,87.0,78.0,71.0,58.0,60.0,60.0,86.0,67.0,74.0,83.0,86.0,64.0,52.0,42.0,48.0,54.0,54.0,62.0,64.0,72.0,74.0,86.0,79.0,67.0,70.0,66.0,64.0,72.0,84.0,84.0,88.0,84.0,72.0,75.0,79.0,79.0,68.0,69.0,79.0,79.0,86.0,91.0,89.0,100.0,110.0,110.0,103.0,108
696,196213,Mariner's Harbor,Neighborhood,New York,Richmond,49.0,52.0,49.0,41.0,39.0,43.0,46.0,44.0,52.0,59.0,58.0,54.0,49.0,58.0,58.0,49.0,48.0,45.0,39.0,42.0,28.0,35.0,30.0,29.0,28.0,26.0,24.0,24.0,22.0,19.0,24.0,26.0,27.0,32.0,33.0,26.0,26.0,22.0,16.0,14.0,14.0,14.0,20.0,30.0,32.0,36.0,38.0,40.0,42.0,38.0,38.0,31.0,33.0,30.0,32.0,31.0,38.0,42.0,37.0,38
701,403225,Floral park,Neighborhood,New York,Queens,34.0,39.0,42.0,41.0,40.0,42.0,40.0,48.0,42.0,38.0,36.0,40.0,43.0,42.0,34.0,28.0,32.0,38.0,43.0,32.0,42.0,43.0,45.0,39.0,32.0,23.0,19.0,24.0,29.0,25.0,25.0,30.0,26.0,30.0,29.0,29.0,32.0,30.0,26.0,28.0,30.0,28.0,24.0,23.0,27.0,28.0,30.0,26.0,33.0,27.0,20.0,18.0,22.0,26.0,24.0,43.0,46.0,42.0,44.0,44
708,403136,Emerson Hill,Neighborhood,New York,Richmond,42.0,45.0,42.0,35.0,36.0,36.0,38.0,39.0,44.0,43.0,54.0,52.0,47.0,41.0,45.0,45.0,43.0,42.0,47.0,48.0,32.0,36.0,40.0,38.0,31.0,27.0,24.0,24.0,28.0,38.0,42.0,46.0,43.0,36.0,33.0,42.0,35.0,32.0,29.0,25.0,30.0,30.0,30.0,39.0,41.0,43.0,47.0,48.0,46.0,43.0,40.0,34.0,36.0,34.0,36.0,43.0,50.0,59.0,58.0,66
727,270800,Bay Terrace,Neighborhood,New York,Queens,164.0,152.0,146.0,132.0,150.0,150.0,150.0,156.0,167.0,162.0,159.0,161.0,157.0,142.0,119.0,117.0,115.0,121.0,143.0,120.0,127.0,118.0,129.0,145.0,140.0,124.0,111.0,111.0,98.0,96.0,116.0,119.0,125.0,118.0,118.0,110.0,104.0,113.0,100.0,86.0,83.0,83.0,86.0,72.0,84.0,92.0,87.0,86.0,82.0,84.0,84.0,80.0,79.0,84.0,88.0,86.0,102.0,98.0,102.0,108
735,270900,North Riverdale,Neighborhood,New York,Bronx,139.0,138.0,135.0,124.0,138.0,150.0,157.0,164.0,156.0,157.0,147.0,142.0,115.0,110.0,116.0,115.0,106.0,118.0,143.0,148.0,154.0,151.0,140.0,147.0,142.0,140.0,142.0,129.0,132.0,137.0,138.0,142.0,147.0,130.0,116.0,106.0,104.0,101.0,92.0,85.0,92.0,94.0,92.0,91.0,90.0,86.0,78.0,73.0,68.0,60.0,59.0,54.0,78.0,68.0,76.0,73.0,75.0,75.0,76.0,82
764,270888,Mill Basin,Neighborhood,New York,Kings,219.0,235.0,237.0,249.0,252.0,254.0,262.0,246.0,240.0,229.0,229.0,218.0,169.0,176.0,124.0,117.0,122.0,130.0,127.0,138.0,171.0,178.0,170.0,160.0,160.0,159.0,159.0,167.0,168.0,156.0,154.0,150.0,164.0,145.0,138.0,134.0,133.0,123.0,122.0,108.0,103.0,89.0,90.0,91.0,86.0,86.0,81.0,74.0,62.0,57.0,56.0,47.0,48.0,50.0,54.0,52.0,60.0,60.0,61.0,62
776,197599,Rosebank,Neighborhood,New York,Richmond,48.0,46.0,41.0,38.0,43.0,41.0,50.0,52.0,56.0,54.0,48.0,48.0,53.0,43.0,42.0,38.0,42.0,56.0,51.0,44.0,29.0,35.0,33.0,33.0,28.0,24.0,19.0,19.0,20.0,23.0,26.0,29.0,29.0,26.0,25.0,29.0,30.0,22.0,18.0,22.0,32.0,28.0,26.0,22.0,24.0,24.0,27.0,32.0,32.0,30.0,24.0,26.0,28.0,30.0,26.0,28.0,36.0,36.0,40.0,44
794,275754,Tottenville,Neighborhood,New York,Richmond,55.0,48.0,38.0,33.0,35.0,36.0,40.0,46.0,50.0,46.0,48.0,50.0,49.0,48.0,48.0,50.0,52.0,54.0,48.0,42.0,28.0,41.0,46.0,38.0,36.0,28.0,25.0,24.0,26.0,30.0,35.0,34.0,38.0,42.0,33.0,38.0,33.0,23.0,21.0,18.0,18.0,17.0,22.0,31.0,38.0,38.0,36.0,36.0,37.0,37.0,34.0,30.0,30.0,26.0,28.0,37.0,40.0,49.0,52.0,52
805,195511,Huguenot,Neighborhood,New York,Richmond,24.0,20.0,20.0,21.0,19.0,24.0,28.0,28.0,30.0,33.0,34.0,40.0,41.0,41.0,37.0,33.0,32.0,36.0,38.0,38.0,29.0,30.0,28.0,27.0,28.0,24.0,21.0,20.0,18.0,16.0,21.0,26.0,25.0,23.0,18.0,18.0,16.0,17.0,18.0,19.0,18.0,17.0,18.0,18.0,20.0,25.0,28.0,28.0,20.0,20.0,20.0,15.0,18.0,22.0,24.0,27.0,33.0,36.0,32.0,30
811,197623,Rossville,Neighborhood,New York,Richmond,43.0,43.0,35.0,32.0,38.0,42.0,43.0,41.0,38.0,37.0,36.0,32.0,29.0,29.0,28.0,28.0,30.0,34.0,36.0,44.0,36.0,37.0,36.0,30.0,31.0,31.0,31.0,24.0,21.0,24.0,22.0,22.0,27.0,26.0,22.0,26.0,30.0,29.0,25.0,19.0,16.0,18.0,22.0,22.0,25.0,21.0,22.0,25.0,24.0,20.0,20.0,23.0,28.0,30.0,30.0,34.0,32.0,30.0,36.0,38
825,270928,SoHo,Neighborhood,New York,New York,92.0,159.0,155.0,139.0,138.0,136.0,136.0,88.0,95.0,122.0,100.0,107.0,102.0,94.0,78.0,82.0,84.0,82.0,86.0,96.0,97.0,82.0,68.0,78.0,94.0,84.0,82.0,73.0,88.0,93.0,98.0,108.0,108.0,104.0,80.0,106.0,118.0,121.0,106.0,98.0,114.0,122.0,127.0,128.0,118.0,104.0,91.0,116.0,126.0,131.0,117.0,114.0,132.0,137.0,149.0,163.0,150.0,138.0,119.0,141
858,196538,Murray Hill,Neighborhood,New York,New York,115.0,112.0,102.0,89.0,90.0,94.0,87.0,84.0,80.0,96.0,87.0,97.0,117.0,116.0,115.0,91.0,98.0,106.0,106.0,104.0,94.0,85.0,88.0,80.0,88.0,92.0,75.0,72.0,78.0,84.0,86.0,88.0,92.0,98.0,91.0,97.0,97.0,93.0,87.0,79.0,78.0,75.0,87.0,94.0,96.0,86.0,73.0,86.0,95.0,92.0,78.0,82.0,121.0,118.0,136.0,138.0,136.0,130.0,112.0,128
886,270912,Prince's Bay,Neighborhood,New York,Richmond,44.0,46.0,45.0,42.0,40.0,38.0,40.0,41.0,48.0,45.0,43.0,44.0,43.0,42.0,45.0,38.0,36.0,34.0,34.0,38.0,30.0,34.0,34.0,31.0,31.0,29.0,23.0,21.0,19.0,18.0,23.0,26.0,23.0,20.0,21.0,22.0,25.0,28.0,22.0,19.0,14.0,13.0,14.0,23.0,22.0,30.0,28.0,27.0,22.0,17.0,20.0,17.0,18.0,24.0,31.0,33.0,44.0,45.0,47.0,42
901,403218,Georgetown,Neighborhood,New York,Kings,75.0,80.0,72.0,70.0,68.0,70.0,80.0,84.0,71.0,76.0,81.0,83.0,73.0,68.0,41.0,37.0,42.0,50.0,47.0,47.0,64.0,54.0,42.0,39.0,41.0,39.0,38.0,36.0,38.0,41.0,42.0,40.0,37.0,35.0,30.0,30.0,34.0,35.0,38.0,34.0,36.0,35.0,32.0,32.0,29.0,29.0,24.0,26.0,26.0,31.0,26.0,18.0,28.0,35.0,34.0,35.0,30.0,26.0,27.0,24
904,195119,Greenridge,Neighborhood,New York,Richmond,45.0,41.0,30.0,27.0,32.0,32.0,38.0,44.0,54.0,57.0,53.0,60.0,62.0,61.0,54.0,46.0,42.0,40.0,40.0,42.0,34.0,34.0,36.0,33.0,29.0,33.0,23.0,21.0,24.0,24.0,24.0,22.0,21.0,19.0,25.0,23.0,21.0,19.0,18.0,14.0,18.0,21.0,20.0,17.0,16.0,20.0,26.0,27.0,21.0,18.0,22.0,16.0,22.0,26.0,27.0,20.0,32.0,30.0,41.0,32
906,275164,Richmond Town,Neighborhood,New York,Richmond,34.0,32.0,34.0,35.0,39.0,44.0,48.0,50.0,52.0,49.0,46.0,40.0,41.0,41.0,43.0,41.0,47.0,42.0,40.0,46.0,27.0,34.0,32.0,21.0,22.0,20.0,15.0,14.0,18.0,24.0,28.0,32.0,31.0,28.0,28.0,29.0,24.0,19.0,18.0,18.0,24.0,19.0,26.0,32.0,25.0,24.0,20.0,20.0,26.0,23.0,18.0,15.0,18.0,22.0,23.0,34.0,46.0,48.0,44.0,42
1052,195167,Grymes Hill,Neighborhood,New York,Richmond,55.0,54.0,50.0,41.0,38.0,36.0,31.0,28.0,31.0,34.0,34.0,34.0,31.0,32.0,31.0,28.0,28.0,26.0,29.0,34.0,26.0,28.0,28.0,23.0,18.0,20.0,15.0,14.0,22.0,24.0,25.0,26.0,21.0,24.0,24.0,24.0,24.0,22.0,20.0,17.0,13.0,20.0,16.0,19.0,30.0,30.0,29.0,28.0,22.0,17.0,17.0,16.0,21.0,23.0,23.0,21.0,29.0,30.0,35.0,36
1242,196156,Manhattan Beach,Neighborhood,New York,Kings,39.0,46.0,40.0,44.0,42.0,47.0,48.0,46.0,44.0,42.0,44.0,44.0,38.0,34.0,32.0,35.0,36.0,40.0,38.0,55.0,61.0,59.0,66.0,66.0,62.0,52.0,50.0,52.0,52.0,45.0,38.0,36.0,44.0,46.0,45.0,50.0,46.0,48.0,42.0,33.0,40.0,40.0,28.0,24.0,25.0,26.0,26.0,29.0,27.0,30.0,26.0,21.0,21.0,20.0,22.0,21.0,20.0,18.0,18.0,16
1312,270895,NoHo,Neighborhood,New York,New York,31.0,34.0,26.0,26.0,29.0,32.0,33.0,42.0,44.0,44.0,38.0,32.0,38.0,35.0,36.0,32.0,40.0,44.0,45.0,45.0,46.0,42.0,37.0,35.0,42.0,42.0,38.0,36.0,34.0,37.0,44.0,49.0,46.0,43.0,39.0,46.0,50.0,41.0,36.0,34.0,34.0,33.0,36.0,46.0,44.0,48.0,39.0,41.0,42.0,38.0,25.0,24.0,42.0,44.0,54.0,59.0,61.0,56.0,45.0,41
1313,270844,Gerritsen Beach,Neighborhood,New York,Kings,68.0,86.0,86.0,78.0,86.0,86.0,82.0,74.0,76.0,74.0,72.0,74.0,62.0,64.0,63.0,66.0,65.0,64.0,51.0,56.0,68.0,54.0,52.0,48.0,40.0,40.0,41.0,36.0,37.0,35.0,34.0,31.0,30.0,35.0,36.0,30.0,27.0,27.0,20.0,18.0,20.0,15.0,16.0,17.0,18.0,22.0,23.0,29.0,30.0,21.0,18.0,20.0,26.0,28.0,32.0,25.0,32.0,34.0,37.0,33
1369,270950,Todt Hill,Neighborhood,New York,Richmond,31.0,34.0,31.0,29.0,28.0,30.0,32.0,33.0,42.0,40.0,42.0,42.0,40.0,35.0,38.0,34.0,33.0,34.0,40.0,48.0,28.0,35.0,34.0,29.0,37.0,35.0,30.0,26.0,28.0,29.0,32.0,32.0,34.0,34.0,38.0,39.0,36.0,36.0,34.0,28.0,32.0,31.0,31.0,42.0,46.0,48.0,51.0,42.0,34.0,29.0,26.0,24.0,24.0,25.0,30.0,29.0,40.0,42.0,44.0,42
1414,270834,Fieldston,Neighborhood,New York,Bronx,58.0,62.0,58.0,55.0,60.0,57.0,60.0,61.0,57.0,53.0,52.0,50.0,41.0,44.0,50.0,45.0,42.0,42.0,45.0,52.0,58.0,60.0,60.0,60.0,60.0,54.0,45.0,42.0,44.0,43.0,38.0,42.0,49.0,51.0,54.0,54.0,49.0,49.0,49.0,42.0,38.0,40.0,42.0,45.0,42.0,37.0,38.0,36.0,38.0,38.0,36.0,33.0,34.0,28.0,30.0,29.0,25.0,27.0,28.0,29
