,RegionID,RegionName,StateName,SizeRank,2013-10,2013-11,2013-12,2014-01,2014-02,2014-03,2014-04,2014-05,2014-06,2014-07,2014-08,2014-09,2014-10,2014-11,2014-12,2015-01,2015-02,2015-03,2015-04,2015-05,2015-06,2015-07,2015-08,2015-09,2015-10,2015-11,2015-12,2016-01,2016-02,2016-03,2016-04,2016-05,2016-06,2016-07,2016-08,2016-09,2016-10,2016-11,2016-12,2017-01,2017-02,2017-03,2017-04,2017-05,2017-06,2017-07,2017-08,2017-09,2017-10,2017-11,2017-12,2018-01,2018-02,2018-03,2018-04,2018-05,2018-06,2018-07,2018-08,2018-09
3,270958,Upper West Side,New York,4,6.0,7.0,7.0,6.0,8.0,6.0,8.0,6.0,6.0,4.0,12.0,5.0,3.0,8.0,10.0,5.0,10.0,7.0,9.0,2.0,6.0,3.0,4.0,6.0,5.0,3.0,8.0,3.0,13.0,0.0,5.0,11.0,5.0,7.0,6.0,10.0,5.0,8.0,3.0,10.0,4.0,2.0,7.0,2.0,8.0,6.0,6.0,7,5,3.0,15.0,6.0,5.0,3.0,9.0,10.0,10.0,5.0,8.0,5.0
5,270957,Upper East Side,New York,6,13.0,9.0,12.0,11.0,15.0,16.0,13.0,18.0,7.0,10.0,11.0,11.0,8.0,14.0,9.0,12.0,7.0,11.0,3.0,8.0,9.0,6.0,10.0,17.0,13.0,8.0,8.0,10.0,10.0,14.0,10.0,8.0,9.0,11.0,7.0,5.0,8.0,6.0,10.0,4.0,13.0,8.0,7.0,8.0,11.0,10.0,6.0,6,5,7.0,7.0,3.0,7.0,7.0,10.0,15.0,9.0,3.0,15.0,7.0
9,194430,East New York,New York,10,9.0,12.0,8.0,8.0,9.0,4.0,3.0,11.0,5.0,7.0,9.0,8.0,9.0,9.0,9.0,10.0,9.0,8.0,8.0,7.0,7.0,4.0,9.0,7.0,6.0,8.0,6.0,7.0,6.0,5.0,10.0,6.0,10.0,6.0,7.0,9.0,4.0,7.0,6.0,3.0,3.0,5.0,3.0,2.0,8.0,7.0,5.0,6,10,9.0,5.0,3.0,5.0,3.0,11.0,,,,,
13,272816,Astoria,New York,14,7.0,7.0,8.0,9.0,2.0,5.0,7.0,8.0,8.0,4.0,4.0,7.0,12.0,4.0,7.0,9.0,8.0,3.0,6.0,4.0,6.0,6.0,4.0,5.0,1.0,6.0,7.0,5.0,4.0,3.0,5.0,4.0,8.0,6.0,2.0,5.0,3.0,4.0,7.0,6.0,2.0,4.0,2.0,7.0,3.0,7.0,2.0,3,7,6.0,5.0,6.0,7.0,2.0,4.0,7.0,5.0,3.0,5.0,3.0
15,199001,Williamsburg,New York,16,6.0,6.0,3.0,8.0,3.0,8.0,6.0,9.0,3.0,3.0,2.0,6.0,1.0,3.0,2.0,7.0,4.0,11.0,5.0,6.0,3.0,4.0,4.0,1.0,3.0,0.0,2.0,1.0,11.0,5.0,8.0,1.0,5.0,8.0,5.0,4.0,0.0,4.0,1.0,7.0,2.0,7.0,3.0,2.0,3.0,4.0,9.0,6,3,1.0,1.0,3.0,3.0,1.0,2.0,5.0,,,,
21,403222,Crown Heights,New York,22,4.0,1.0,5.0,1.0,0.0,1.0,0.0,2.0,6.0,1.0,10.0,4.0,5.0,1.0,5.0,0.0,3.0,2.0,1.0,1.0,2.0,1.0,3.0,1.0,1.0,3.0,1.0,1.0,3.0,2.0,3.0,1.0,1.0,2.0,1.0,3.0,3.0,2.0,3.0,4.0,1.0,3.0,3.0,1.0,1.0,3.0,6.0,4,2,2.0,2.0,2.0,2.0,,,,,,,
22,25294,Jamaica,New York,23,14.0,25.0,22.0,15.0,15.0,28.0,23.0,25.0,12.0,16.0,23.0,23.0,14.0,15.0,24.0,14.0,15.0,12.0,18.0,14.0,29.0,19.0,12.0,16.0,21.0,18.0,22.0,17.0,15.0,16.0,15.0,19.0,22.0,18.0,19.0,23.0,16.0,17.0,27.0,17.0,18.0,14.0,19.0,18.0,18.0,13.0,30.0,30,14,19.0,23.0,20.0,24.0,23.0,16.0,17.0,10.0,24.0,16.0,14.0
23,195267,Harlem,New York,24,12.0,7.0,18.0,9.0,13.0,9.0,7.0,8.0,9.0,10.0,13.0,7.0,6.0,8.0,5.0,7.0,4.0,10.0,6.0,1.0,11.0,3.0,7.0,13.0,5.0,4.0,5.0,2.0,2.0,4.0,2.0,6.0,9.0,9.0,10.0,5.0,3.0,3.0,4.0,4.0,4.0,1.0,7.0,6.0,2.0,4.0,9.0,2,8,0.0,1.0,4.0,4.0,6.0,9.0,5.0,6.0,1.0,3.0,
25,270828,East Harlem,New York,26,6.0,1.0,0.0,7.0,0.0,5.0,4.0,0.0,4.0,2.0,1.0,2.0,0.0,7.0,3.0,4.0,3.0,3.0,3.0,2.0,3.0,3.0,5.0,2.0,2.0,1.0,1.0,4.0,1.0,3.0,5.0,3.0,2.0,1.0,1.0,2.0,2.0,3.0,2.0,2.0,0.0,3.0,2.0,4.0,2.0,0.0,2.0,2,2,0.0,2.0,0.0,2.0,1.0,1.0,,,,,
30,193587,Bushwick,New York,31,0.0,1.0,2.0,0.0,1.0,2.0,1.0,3.0,0.0,0.0,1.0,2.0,0.0,0.0,1.0,0.0,1.0,0.0,0.0,0.0,0.0,0.0,1.0,1.0,2.0,1.0,0.0,0.0,0.0,2.0,0.0,1.0,0.0,0.0,0.0,1.0,1.0,2.0,0.0,1.0,1.0,0.0,1.0,1.0,0.0,0.0,0.0,0,0,0.0,0.0,0.0,0.0,0.0,1.0,2.0,0.0,0.0,0.0,
35,193406,Borough Park,New York,36,1.0,0.0,0.0,1.0,3.0,2.0,1.0,4.0,3.0,3.0,0.0,2.0,1.0,2.0,0.0,5.0,5.0,1.0,0.0,3.0,2.0,1.0,1.0,0.0,0.0,0.0,2.0,4.0,1.0,1.0,1.0,0.0,3.0,0.0,0.0,7.0,0.0,4.0,2.0,2.0,1.0,0.0,1.0,0.0,3.0,1.0,1.0,0,0,1.0,0.0,1.0,1.0,,,,,,,
43,343217,South Bronx,New York,44,2.0,4.0,2.0,1.0,1.0,2.0,1.0,4.0,1.0,0.0,3.0,1.0,1.0,1.0,2.0,1.0,3.0,1.0,1.0,5.0,1.0,1.0,4.0,2.0,3.0,1.0,4.0,3.0,1.0,2.0,1.0,1.0,3.0,2.0,2.0,2.0,2.0,2.0,1.0,2.0,1.0,4.0,5.0,0.0,2.0,4.0,2.0,1,1,1.0,2.0,2.0,3.0,,,,,,,
44,343205,Soundview,New York,45,4.0,0.0,0.0,1.0,0.0,2.0,2.0,4.0,2.0,4.0,3.0,2.0,3.0,4.0,7.0,1.0,1.0,4.0,4.0,1.0,1.0,3.0,0.0,1.0,2.0,7.0,3.0,3.0,2.0,2.0,0.0,0.0,2.0,4.0,8.0,4.0,6.0,7.0,5.0,3.0,3.0,5.0,1.0,6.0,3.0,4.0,3.0,9,2,6.0,5.0,2.0,6.0,5.0,3.0,3.0,3.0,3.0,7.0,2.0
48,193640,Canarsie,New York,49,7.0,5.0,3.0,2.0,3.0,4.0,5.0,2.0,1.0,5.0,2.0,2.0,4.0,3.0,4.0,3.0,5.0,1.0,5.0,1.0,5.0,3.0,7.0,5.0,5.0,6.0,1.0,6.0,5.0,5.0,3.0,4.0,8.0,3.0,2.0,4.0,5.0,4.0,7.0,11.0,3.0,8.0,5.0,5.0,7.0,6.0,4.0,0,7,8.0,4.0,8.0,1.0,7.0,1.0,5.0,4.0,5.0,4.0,
55,270875,Lower East Side,New York,56,1.0,0.0,1.0,1.0,0.0,0.0,1.0,0.0,1.0,0.0,1.0,1.0,1.0,1.0,1.0,1.0,0.0,0.0,1.0,0.0,1.0,0.0,2.0,0.0,3.0,1.0,1.0,1.0,1.0,1.0,0.0,2.0,1.0,1.0,1.0,3.0,0.0,2.0,0.0,0.0,0.0,0.0,0.0,0.0,0.0,0.0,1.0,0,0,1.0,0.0,1.0,0.0,,,,,,,
59,18131,Flushing,New York,60,21.0,19.0,27.0,17.0,25.0,32.0,20.0,18.0,20.0,12.0,21.0,26.0,51.0,31.0,20.0,24.0,33.0,21.0,19.0,28.0,27.0,29.0,22.0,18.0,37.0,16.0,23.0,17.0,13.0,20.0,19.0,14.0,16.0,18.0,23.0,15.0,13.0,20.0,18.0,17.0,11.0,15.0,21.0,15.0,17.0,16.0,16.0,21,15,14.0,16.0,17.0,13.0,7.0,19.0,22.0,21.0,17.0,15.0,11.0
61,27182,South Ozone Park,New York,62,5.0,6.0,5.0,8.0,3.0,7.0,6.0,4.0,3.0,6.0,5.0,3.0,5.0,1.0,7.0,7.0,9.0,3.0,5.0,3.0,7.0,5.0,6.0,11.0,11.0,2.0,5.0,4.0,6.0,1.0,1.0,5.0,5.0,10.0,7.0,9.0,4.0,4.0,7.0,5.0,3.0,6.0,4.0,4.0,3.0,5.0,7.0,4,8,3.0,6.0,2.0,4.0,6.0,4.0,7.0,5.0,6.0,5.0,3.0
80,18071,Far Rockaway,New York,81,3.0,4.0,3.0,2.0,3.0,4.0,2.0,3.0,4.0,2.0,7.0,2.0,4.0,3.0,5.0,2.0,3.0,1.0,4.0,6.0,3.0,3.0,2.0,8.0,2.0,2.0,3.0,4.0,4.0,10.0,7.0,2.0,4.0,4.0,3.0,3.0,4.0,6.0,3.0,3.0,3.0,2.0,3.0,4.0,2.0,2.0,4.0,3,5,0.0,5.0,6.0,3.0,3.0,4.0,5.0,8.0,2.0,4.0,4.0
85,275173,Ridgewood,New York,86,2.0,0.0,1.0,2.0,0.0,0.0,0.0,0.0,0.0,0.0,0.0,0.0,4.0,0.0,0.0,1.0,1.0,1.0,0.0,0.0,3.0,1.0,1.0,1.0,0.0,0.0,3.0,0.0,0.0,0.0,1.0,0.0,0.0,1.0,0.0,0.0,1.0,1.0,0.0,0.0,0.0,0.0,1.0,0.0,0.0,0.0,0.0,2,1,0.0,0.0,0.0,0.0,0.0,0.0,,,,,
88,270829,East Village,New York,89,1.0,2.0,3.0,3.0,1.0,1.0,0.0,1.0,3.0,1.0,0.0,0.0,1.0,6.0,2.0,3.0,3.0,0.0,1.0,0.0,2.0,0.0,0.0,1.0,0.0,2.0,1.0,3.0,0.0,1.0,2.0,1.0,1.0,1.0,0.0,0.0,0.0,1.0,0.0,1.0,0.0,2.0,2.0,1.0,2.0,0.0,1.0,1,0,1.0,1.0,2.0,2.0,,,,,,,
106,26352,Ozone Park,New York,107,8.0,4.0,1.0,3.0,4.0,1.0,4.0,4.0,2.0,2.0,1.0,0.0,1.0,4.0,4.0,1.0,3.0,3.0,4.0,3.0,4.0,0.0,0.0,2.0,3.0,0.0,2.0,2.0,1.0,2.0,4.0,0.0,3.0,3.0,3.0,3.0,5.0,4.0,3.0,0.0,1.0,6.0,8.0,4.0,0.0,2.0,1.0,3,2,0.0,4.0,2.0,4.0,4.0,6.0,1.0,0.0,1.0,3.0,2.0
110,276128,Richmond Hill,New York,111,4.0,3.0,7.0,2.0,5.0,3.0,2.0,3.0,3.0,3.0,9.0,4.0,2.0,1.0,2.0,2.0,1.0,4.0,2.0,1.0,4.0,1.0,4.0,3.0,3.0,4.0,3.0,3.0,3.0,4.0,2.0,2.0,3.0,5.0,2.0,5.0,4.0,0.0,3.0,2.0,2.0,4.0,4.0,2.0,2.0,7.0,2.0,2,2,0.0,2.0,3.0,6.0,5.0,2.0,,,,,
112,193526,Brownsville,New York,113,1.0,0.0,1.0,0.0,3.0,0.0,2.0,2.0,0.0,0.0,1.0,1.0,0.0,2.0,0.0,2.0,0.0,2.0,2.0,1.0,3.0,1.0,4.0,3.0,3.0,2.0,1.0,1.0,3.0,2.0,3.0,0.0,1.0,1.0,2.0,3.0,0.0,0.0,2.0,1.0,2.0,1.0,3.0,0.0,2.0,1.0,0.0,3,3,0.0,3.0,2.0,1.0,1.0,2.0,0.0,4.0,,,
115,273860,Gramercy,New York,116,3.0,1.0,1.0,2.0,3.0,5.0,2.0,5.0,2.0,2.0,4.0,1.0,0.0,1.0,2.0,1.0,1.0,1.0,1.0,1.0,1.0,1.0,3.0,4.0,2.0,1.0,1.0,3.0,1.0,0.0,0.0,0.0,3.0,2.0,0.0,2.0,0.0,1.0,1.0,2.0,2.0,0.0,0.0,3.0,0.0,1.0,0.0,0,1,0.0,1.0,2.0,0.0,1.0,,,,,,
118,343215,Tremont,New York,119,0.0,0.0,0.0,0.0,0.0,0.0,1.0,0.0,0.0,0.0,1.0,1.0,0.0,0.0,0.0,0.0,2.0,1.0,0.0,1.0,0.0,0.0,0.0,0.0,2.0,1.0,0.0,0.0,0.0,0.0,0.0,2.0,0.0,0.0,2.0,2.0,1.0,1.0,0.0,2.0,1.0,1.0,1.0,0.0,2.0,2.0,2.0,3,2,3.0,2.0,0.0,1.0,,,,,,,
135,275115,Queens Village,New York,136,8.0,8.0,7.0,10.0,7.0,5.0,8.0,8.0,9.0,0.0,4.0,7.0,4.0,1.0,4.0,7.0,9.0,7.0,3.0,10.0,3.0,10.0,7.0,8.0,7.0,4.0,11.0,6.0,8.0,6.0,7.0,3.0,3.0,5.0,5.0,6.0,4.0,3.0,4.0,4.0,5.0,7.0,6.0,14.0,6.0,4.0,8.0,9,5,7.0,4.0,8.0,5.0,7.0,3.0,5.0,4.0,5.0,5.0,6.0
139,343204,Mott Haven,New York,140,0.0,0.0,0.0,0.0,0.0,0.0,1.0,1.0,2.0,0.0,1.0,1.0,0.0,0.0,1.0,1.0,2.0,0.0,0.0,2.0,1.0,1.0,3.0,1.0,4.0,1.0,0.0,0.0,0.0,2.0,0.0,0.0,0.0,1.0,0.0,1.0,0.0,0.0,0.0,0.0,0.0,1.0,1.0,0.0,0.0,0.0,0.0,0,0,0.0,1.0,0.0,0.0,2.0,1.0,,,,,
142,5837,Maspeth,New York,143,4.0,2.0,3.0,4.0,3.0,1.0,3.0,5.0,1.0,2.0,1.0,2.0,5.0,3.0,3.0,2.0,2.0,7.0,1.0,3.0,0.0,3.0,2.0,4.0,1.0,1.0,2.0,1.0,2.0,2.0,0.0,2.0,2.0,3.0,4.0,5.0,5.0,2.0,1.0,0.0,1.0,3.0,2.0,1.0,3.0,4.0,2.0,3,2,1.0,1.0,1.0,2.0,3.0,1.0,,,,,
155,270850,Hamilton Heights,New York,156,3.0,5.0,2.0,3.0,4.0,1.0,6.0,2.0,4.0,1.0,1.0,5.0,2.0,2.0,1.0,2.0,1.0,4.0,2.0,3.0,5.0,1.0,1.0,4.0,2.0,1.0,1.0,4.0,2.0,1.0,0.0,1.0,4.0,3.0,2.0,1.0,1.0,0.0,4.0,0.0,5.0,3.0,8.0,2.0,2.0,4.0,0.0,2,1,2.0,1.0,3.0,3.0,3.0,3.0,2.0,,,,
168,276254,Chelsea,New York,169,9.0,5.0,16.0,5.0,3.0,14.0,11.0,15.0,0.0,4.0,4.0,11.0,18.0,0.0,5.0,10.0,18.0,13.0,7.0,10.0,8.0,15.0,8.0,15.0,1.0,9.0,16.0,6.0,3.0,16.0,36.0,1.0,1.0,1.0,2.0,17.0,13.0,4.0,25.0,19.0,18.0,6.0,2.0,1.0,4.0,1.0,4.0,18,47,15.0,12.0,17.0,5.0,5.0,1.0,2.0,9.0,4.0,2.0,1.0
169,343214,Fordham,New York,170,1.0,0.0,1.0,2.0,0.0,0.0,2.0,1.0,1.0,1.0,0.0,1.0,0.0,1.0,0.0,1.0,0.0,1.0,0.0,0.0,0.0,2.0,1.0,0.0,1.0,1.0,1.0,0.0,0.0,2.0,0.0,0.0,0.0,0.0,1.0,0.0,1.0,1.0,0.0,2.0,2.0,1.0,1.0,0.0,0.0,1.0,0.0,3,2,3.0,0.0,1.0,1.0,0.0,,,,,,
181,193974,Coney Island,New York,182,8.0,1.0,6.0,5.0,5.0,13.0,6.0,4.0,6.0,5.0,4.0,8.0,5.0,5.0,11.0,4.0,5.0,7.0,2.0,5.0,6.0,2.0,6.0,7.0,4.0,6.0,4.0,1.0,8.0,1.0,5.0,10.0,1.0,6.0,6.0,2.0,3.0,5.0,3.0,4.0,5.0,4.0,2.0,2.0,5.0,3.0,1.0,4,5,4.0,7.0,4.0,6.0,,,,,,,
202,343216,Morris Heights,New York,203,0.0,0.0,0.0,1.0,1.0,1.0,0.0,0.0,0.0,0.0,0.0,1.0,0.0,0.0,0.0,0.0,0.0,0.0,0.0,1.0,0.0,1.0,0.0,1.0,0.0,0.0,0.0,0.0,0.0,0.0,0.0,0.0,0.0,0.0,0.0,1.0,0.0,0.0,0.0,0.0,2.0,0.0,1.0,0.0,0.0,1.0,0.0,0,0,2.0,0.0,0.0,0.0,0.0,0.0,0.0,,,,
203,403210,Melrose,New York,204,0.0,1.0,0.0,1.0,1.0,0.0,2.0,0.0,3.0,1.0,1.0,1.0,1.0,0.0,0.0,0.0,0.0,2.0,1.0,1.0,3.0,0.0,1.0,3.0,2.0,0.0,1.0,2.0,1.0,4.0,1.0,2.0,3.0,2.0,0.0,1.0,0.0,1.0,2.0,2.0,1.0,2.0,1.0,2.0,3.0,3.0,3.0,4,3,2.0,1.0,1.0,4.0,3.0,,,,,,
205,343211,Parkchester,New York,206,25.0,17.0,16.0,9.0,13.0,12.0,16.0,15.0,15.0,24.0,14.0,10.0,38.0,20.0,18.0,18.0,17.0,17.0,14.0,13.0,24.0,24.0,30.0,15.0,19.0,14.0,21.0,27.0,25.0,21.0,27.0,30.0,43.0,28.0,29.0,20.0,27.0,17.0,29.0,19.0,12.0,22.0,30.0,34.0,31.0,28.0,31.0,26,29,32.0,27.0,26.0,31.0,27.0,28.0,32.0,37.0,43.0,49.0,36.0
207,195576,Inwood,New York,208,4.0,3.0,4.0,5.0,0.0,2.0,6.0,2.0,1.0,3.0,5.0,3.0,4.0,9.0,5.0,4.0,2.0,0.0,4.0,0.0,1.0,9.0,4.0,1.0,0.0,3.0,1.0,2.0,0.0,3.0,3.0,4.0,2.0,1.0,1.0,10.0,0.0,1.0,2.0,2.0,0.0,2.0,3.0,1.0,1.0,0.0,2.0,2,1,0.0,1.0,5.0,2.0,3.0,,,,,,
209,403211,Longwood,New York,210,0.0,2.0,1.0,0.0,1.0,3.0,0.0,0.0,0.0,0.0,0.0,0.0,0.0,0.0,0.0,0.0,0.0,1.0,0.0,3.0,1.0,1.0,0.0,0.0,1.0,0.0,0.0,0.0,0.0,0.0,0.0,0.0,0.0,0.0,0.0,0.0,1.0,0.0,2.0,0.0,0.0,1.0,0.0,0.0,1.0,1.0,1.0,0,3,1.0,0.0,0.0,1.0,1.0,0.0,0.0,1.0,0.0,0.0,
212,49994,Woodhaven,New York,213,3.0,0.0,0.0,4.0,0.0,0.0,1.0,2.0,0.0,3.0,0.0,1.0,1.0,2.0,2.0,0.0,1.0,0.0,0.0,2.0,3.0,0.0,1.0,3.0,0.0,0.0,1.0,1.0,2.0,2.0,0.0,2.0,3.0,1.0,1.0,2.0,0.0,1.0,0.0,4.0,2.0,1.0,1.0,2.0,0.0,0.0,4.0,0,1,1.0,2.0,0.0,1.0,,,,,,,
220,343208,High Bridge,New York,221,1.0,2.0,0.0,0.0,0.0,0.0,0.0,2.0,1.0,0.0,0.0,0.0,0.0,0.0,0.0,2.0,0.0,3.0,0.0,3.0,1.0,0.0,2.0,1.0,1.0,0.0,3.0,2.0,1.0,0.0,1.0,0.0,1.0,2.0,1.0,0.0,2.0,2.0,2.0,1.0,2.0,3.0,1.0,1.0,1.0,3.0,0.0,1,3,0.0,2.0,2.0,6.0,3.0,4.0,,,,,
222,403213,Norwood,New York,223,4.0,0.0,3.0,2.0,2.0,1.0,2.0,4.0,1.0,1.0,0.0,2.0,2.0,2.0,3.0,0.0,1.0,1.0,0.0,3.0,1.0,1.0,2.0,2.0,2.0,3.0,2.0,2.0,3.0,3.0,2.0,3.0,2.0,2.0,4.0,4.0,2.0,6.0,1.0,2.0,2.0,2.0,2.0,0.0,0.0,1.0,2.0,0,2,1.0,5.0,3.0,2.0,,,,,,,
225,270891,Morningside Heights,New York,226,3.0,1.0,2.0,1.0,2.0,2.0,1.0,2.0,1.0,3.0,3.0,2.0,1.0,0.0,3.0,1.0,2.0,2.0,1.0,2.0,0.0,3.0,1.0,0.0,0.0,1.0,4.0,0.0,0.0,1.0,1.0,1.0,1.0,1.0,2.0,1.0,1.0,0.0,1.0,4.0,0.0,0.0,1.0,0.0,0.0,0.0,1.0,3,3,2.0,0.0,1.0,1.0,,,,,,,
232,273766,Fort Greene,New York,233,1.0,1.0,2.0,1.0,0.0,0.0,2.0,1.0,0.0,0.0,0.0,1.0,4.0,0.0,1.0,2.0,1.0,0.0,1.0,1.0,1.0,0.0,1.0,0.0,2.0,0.0,0.0,1.0,1.0,4.0,0.0,1.0,0.0,2.0,0.0,2.0,3.0,1.0,4.0,1.0,3.0,4.0,1.0,0.0,0.0,2.0,0.0,0,2,0.0,0.0,0.0,0.0,2.0,1.0,,,,,
245,270819,Co-op City,New York,246,0.0,0.0,1.0,0.0,0.0,0.0,0.0,0.0,0.0,0.0,0.0,0.0,0.0,0.0,0.0,0.0,0.0,0.0,0.0,0.0,0.0,0.0,0.0,0.0,1.0,1.0,0.0,0.0,0.0,0.0,0.0,1.0,0.0,0.0,0.0,0.0,0.0,1.0,0.0,0.0,0.0,0.0,0.0,0.0,0.0,0.0,0.0,0,0,0.0,1.0,0.0,0.0,0.0,,,,,,
249,343225,Wakefield,New York,250,2.0,1.0,3.0,2.0,2.0,1.0,1.0,3.0,2.0,0.0,2.0,2.0,3.0,1.0,1.0,1.0,3.0,4.0,2.0,1.0,2.0,3.0,3.0,2.0,1.0,1.0,1.0,1.0,2.0,3.0,4.0,3.0,2.0,0.0,3.0,3.0,1.0,3.0,4.0,0.0,0.0,1.0,4.0,2.0,0.0,4.0,7.0,3,2,3.0,1.0,2.0,1.0,,,,,,,
251,194318,Dyker Heights,New York,252,3.0,0.0,1.0,1.0,2.0,0.0,1.0,0.0,0.0,2.0,0.0,2.0,0.0,0.0,1.0,0.0,0.0,2.0,0.0,0.0,1.0,1.0,1.0,0.0,1.0,1.0,0.0,0.0,1.0,1.0,1.0,3.0,0.0,0.0,0.0,2.0,0.0,1.0,0.0,0.0,2.0,0.0,0.0,1.0,0.0,2.0,0.0,0,1,0.0,1.0,2.0,2.0,1.0,,,,,,
256,275552,St. Albans,New York,257,5.0,6.0,11.0,7.0,2.0,7.0,7.0,9.0,5.0,6.0,5.0,6.0,12.0,5.0,7.0,7.0,4.0,4.0,6.0,6.0,6.0,4.0,4.0,9.0,7.0,1.0,7.0,4.0,4.0,3.0,6.0,10.0,3.0,12.0,7.0,6.0,2.0,6.0,6.0,6.0,7.0,16.0,8.0,7.0,13.0,7.0,6.0,6,3,7.0,4.0,8.0,3.0,12.0,6.0,6.0,10.0,8.0,5.0,5.0
257,25160,Hollis,New York,258,3.0,2.0,9.0,5.0,8.0,2.0,1.0,4.0,8.0,4.0,1.0,2.0,2.0,3.0,6.0,5.0,5.0,9.0,9.0,5.0,10.0,4.0,2.0,2.0,6.0,4.0,7.0,3.0,7.0,4.0,6.0,2.0,6.0,2.0,3.0,7.0,9.0,5.0,1.0,3.0,4.0,3.0,8.0,3.0,7.0,9.0,6.0,6,5,9.0,7.0,4.0,5.0,4.0,4.0,4.0,3.0,6.0,6.0,4.0
262,343210,Throggs Neck,New York,263,4.0,4.0,6.0,4.0,2.0,1.0,4.0,5.0,4.0,1.0,1.0,4.0,3.0,5.0,11.0,4.0,4.0,2.0,4.0,7.0,6.0,5.0,1.0,6.0,4.0,3.0,2.0,7.0,2.0,2.0,5.0,5.0,8.0,4.0,5.0,5.0,5.0,3.0,9.0,6.0,3.0,5.0,7.0,4.0,8.0,6.0,2.0,3,8,4.0,4.0,10.0,7.0,7.0,6.0,5.0,9.0,5.0,7.0,2.0
279,194474,East Tremont,New York,280,1.0,0.0,1.0,0.0,0.0,3.0,0.0,2.0,1.0,0.0,2.0,1.0,3.0,0.0,1.0,2.0,3.0,3.0,1.0,2.0,0.0,0.0,2.0,6.0,2.0,1.0,2.0,1.0,1.0,0.0,0.0,0.0,0.0,1.0,2.0,2.0,2.0,2.0,3.0,1.0,4.0,1.0,4.0,1.0,2.0,1.0,3.0,2,8,3.0,5.0,4.0,2.0,3.0,3.0,1.0,,,,
291,270848,Greenpoint,New York,292,0.0,1.0,1.0,0.0,0.0,0.0,0.0,0.0,2.0,0.0,0.0,0.0,0.0,0.0,0.0,1.0,0.0,0.0,0.0,0.0,1.0,0.0,0.0,0.0,0.0,0.0,0.0,1.0,0.0,0.0,0.0,0.0,0.0,0.0,0.0,0.0,0.0,0.0,1.0,0.0,1.0,2.0,3.0,2.0,0.0,0.0,0.0,0,0,0.0,0.0,0.0,0.0,0.0,0.0,0.0,0.0,0.0,0.0,0.0
296,403110,Rochdale,New York,297,2.0,2.0,3.0,3.0,3.0,0.0,0.0,4.0,3.0,0.0,0.0,5.0,1.0,6.0,3.0,2.0,4.0,0.0,2.0,3.0,2.0,0.0,1.0,3.0,4.0,3.0,1.0,2.0,2.0,3.0,3.0,2.0,2.0,5.0,2.0,3.0,3.0,3.0,1.0,3.0,4.0,0.0,3.0,0.0,5.0,2.0,2.0,5,2,3.0,4.0,3.0,1.0,,,,,,,
298,276345,Glendale,New York,299,0.0,0.0,1.0,2.0,0.0,2.0,0.0,1.0,2.0,2.0,0.0,0.0,1.0,1.0,0.0,0.0,0.0,1.0,0.0,0.0,1.0,0.0,0.0,0.0,1.0,1.0,0.0,0.0,0.0,1.0,1.0,1.0,1.0,0.0,0.0,0.0,0.0,3.0,0.0,0.0,0.0,1.0,0.0,0.0,0.0,0.0,1.0,0,0,0.0,0.0,0.0,1.0,1.0,,,,,,
299,403221,Prospect Lefferts Gardens,New York,300,3.0,2.0,1.0,1.0,1.0,4.0,2.0,4.0,3.0,2.0,4.0,0.0,4.0,0.0,0.0,1.0,1.0,2.0,1.0,2.0,4.0,1.0,1.0,0.0,0.0,2.0,0.0,0.0,1.0,0.0,0.0,0.0,0.0,1.0,1.0,0.0,0.0,1.0,1.0,3.0,1.0,0.0,0.0,0.0,0.0,1.0,1.0,2,1,2.0,0.0,0.0,2.0,0.0,0.0,0.0,,,,
316,196338,Middle Village,New York,317,1.0,2.0,4.0,1.0,2.0,3.0,6.0,5.0,2.0,1.0,3.0,1.0,3.0,2.0,1.0,2.0,0.0,3.0,3.0,2.0,3.0,3.0,3.0,1.0,1.0,1.0,0.0,0.0,3.0,0.0,0.0,0.0,3.0,3.0,4.0,1.0,3.0,1.0,2.0,6.0,2.0,0.0,3.0,0.0,1.0,0.0,0.0,0,3,0.0,2.0,1.0,0.0,,,,,,,
319,270902,Ocean Hill,New York,320,0.0,2.0,0.0,1.0,1.0,1.0,0.0,1.0,0.0,0.0,1.0,0.0,0.0,1.0,0.0,1.0,1.0,0.0,1.0,1.0,1.0,1.0,0.0,1.0,0.0,1.0,1.0,0.0,2.0,0.0,1.0,0.0,0.0,1.0,0.0,1.0,0.0,1.0,0.0,1.0,1.0,0.0,0.0,0.0,2.0,0.0,0.0,1,1,1.0,0.0,0.0,1.0,0.0,0.0,,,,,
336,403226,Bellerose,New York,337,4.0,5.0,4.0,3.0,7.0,5.0,5.0,7.0,2.0,5.0,9.0,4.0,12.0,4.0,10.0,4.0,3.0,3.0,2.0,7.0,9.0,7.0,1.0,10.0,6.0,3.0,7.0,4.0,4.0,9.0,4.0,4.0,5.0,6.0,9.0,5.0,3.0,8.0,6.0,10.0,5.0,7.0,6.0,5.0,1.0,6.0,8.0,10,6,5.0,8.0,4.0,4.0,5.0,2.0,5.0,7.0,6.0,5.0,2.0
361,270797,Auburndale,New York,362,4.0,2.0,4.0,2.0,1.0,3.0,5.0,2.0,5.0,0.0,2.0,2.0,4.0,4.0,4.0,2.0,5.0,2.0,4.0,2.0,1.0,1.0,2.0,1.0,2.0,2.0,4.0,3.0,1.0,4.0,2.0,1.0,3.0,3.0,1.0,1.0,1.0,2.0,2.0,1.0,0.0,2.0,4.0,0.0,2.0,2.0,2.0,1,0,0.0,4.0,2.0,1.0,,,,,,,
363,274285,Laurelton,New York,364,2.0,9.0,5.0,5.0,1.0,1.0,2.0,3.0,1.0,0.0,4.0,3.0,4.0,1.0,5.0,5.0,8.0,7.0,4.0,5.0,6.0,2.0,3.0,11.0,9.0,4.0,8.0,9.0,3.0,8.0,8.0,2.0,6.0,3.0,2.0,5.0,5.0,6.0,4.0,3.0,5.0,6.0,4.0,5.0,5.0,3.0,3.0,3,4,3.0,9.0,7.0,3.0,4.0,5.0,4.0,6.0,1.0,7.0,2.0
375,8349,College Point,New York,376,0.0,0.0,1.0,0.0,0.0,0.0,3.0,0.0,0.0,1.0,0.0,2.0,2.0,2.0,1.0,0.0,0.0,0.0,1.0,1.0,0.0,0.0,0.0,0.0,1.0,1.0,2.0,1.0,0.0,0.0,0.0,0.0,0.0,0.0,0.0,1.0,0.0,0.0,1.0,0.0,0.0,1.0,0.0,0.0,0.0,0.0,0.0,0,0,1.0,0.0,1.0,0.0,0.0,1.0,0.0,0.0,,,
397,275247,Rosedale,New York,398,1.0,3.0,2.0,2.0,2.0,4.0,1.0,2.0,3.0,0.0,2.0,1.0,1.0,1.0,2.0,0.0,4.0,2.0,4.0,1.0,5.0,2.0,4.0,3.0,1.0,1.0,2.0,2.0,1.0,2.0,1.0,1.0,1.0,1.0,3.0,2.0,0.0,2.0,0.0,3.0,2.0,3.0,1.0,1.0,3.0,3.0,2.0,1,1,1.0,1.0,3.0,1.0,2.0,,,,,,
404,270881,Marine Park,New York,405,1.0,4.0,2.0,0.0,3.0,3.0,2.0,5.0,2.0,3.0,1.0,3.0,4.0,0.0,1.0,4.0,6.0,4.0,7.0,1.0,4.0,4.0,5.0,2.0,3.0,1.0,0.0,3.0,1.0,2.0,5.0,2.0,3.0,2.0,3.0,4.0,4.0,2.0,1.0,6.0,2.0,2.0,1.0,2.0,4.0,2.0,2.0,1,0,5.0,2.0,1.0,1.0,2.0,2.0,1.0,3.0,3.0,5.0,
407,270908,Pelham Gardens,New York,408,2.0,1.0,4.0,1.0,2.0,1.0,0.0,1.0,0.0,1.0,2.0,1.0,4.0,1.0,1.0,1.0,0.0,1.0,0.0,1.0,4.0,3.0,5.0,1.0,1.0,0.0,0.0,1.0,1.0,1.0,1.0,0.0,3.0,2.0,2.0,3.0,1.0,1.0,1.0,1.0,1.0,0.0,2.0,2.0,1.0,2.0,0.0,1,0,0.0,1.0,3.0,0.0,0.0,2.0,0.0,2.0,1.0,0.0,
417,270815,Clinton Hill,New York,418,2.0,1.0,1.0,1.0,1.0,0.0,1.0,2.0,0.0,0.0,0.0,0.0,0.0,2.0,0.0,4.0,3.0,2.0,1.0,0.0,0.0,0.0,2.0,0.0,1.0,0.0,3.0,1.0,0.0,0.0,3.0,0.0,0.0,1.0,1.0,0.0,1.0,1.0,1.0,0.0,1.0,1.0,0.0,0.0,2.0,1.0,1.0,0,1,1.0,1.0,1.0,1.0,1.0,1.0,,,,,
423,270907,Pelham Bay,New York,424,4.0,4.0,4.0,1.0,2.0,0.0,4.0,3.0,3.0,3.0,0.0,0.0,3.0,0.0,5.0,1.0,6.0,5.0,6.0,0.0,2.0,1.0,1.0,1.0,2.0,2.0,3.0,0.0,1.0,1.0,7.0,1.0,2.0,2.0,3.0,2.0,3.0,4.0,1.0,1.0,2.0,3.0,4.0,2.0,3.0,0.0,1.0,3,6,5.0,3.0,6.0,3.0,3.0,6.0,7.0,7.0,,,
425,195087,Great Kills,New York,426,6.0,4.0,5.0,1.0,1.0,1.0,3.0,3.0,4.0,5.0,8.0,4.0,11.0,1.0,6.0,6.0,3.0,7.0,11.0,4.0,4.0,1.0,3.0,6.0,11.0,5.0,9.0,10.0,5.0,10.0,4.0,2.0,7.0,5.0,7.0,2.0,6.0,3.0,3.0,4.0,8.0,5.0,5.0,2.0,10.0,7.0,13.0,5,4,16.0,10.0,8.0,4.0,6.0,4.0,5.0,7.0,5.0,10.0,7.0
443,4819,Fresh Meadows,New York,444,1.0,2.0,0.0,0.0,2.0,3.0,2.0,4.0,3.0,1.0,0.0,3.0,2.0,1.0,4.0,1.0,1.0,1.0,6.0,2.0,5.0,1.0,3.0,1.0,2.0,3.0,2.0,1.0,2.0,1.0,3.0,0.0,3.0,5.0,1.0,4.0,3.0,5.0,2.0,3.0,0.0,3.0,2.0,1.0,2.0,2.0,2.0,1,2,4.0,2.0,0.0,1.0,3.0,3.0,1.0,2.0,,,
461,273653,Eltingville,New York,462,3.0,1.0,2.0,3.0,3.0,3.0,5.0,3.0,2.0,1.0,0.0,5.0,5.0,4.0,4.0,4.0,2.0,3.0,3.0,0.0,5.0,3.0,3.0,6.0,4.0,2.0,3.0,2.0,7.0,5.0,2.0,1.0,4.0,5.0,4.0,6.0,7.0,3.0,4.0,9.0,8.0,5.0,3.0,6.0,9.0,6.0,6.0,13,7,5.0,8.0,7.0,7.0,8.0,2.0,4.0,11.0,6.0,5.0,
475,270964,West Village,New York,476,2.0,1.0,1.0,0.0,2.0,0.0,0.0,2.0,1.0,1.0,0.0,0.0,2.0,0.0,1.0,1.0,1.0,0.0,0.0,1.0,1.0,1.0,1.0,2.0,1.0,0.0,1.0,2.0,3.0,0.0,1.0,1.0,1.0,3.0,0.0,0.0,1.0,2.0,3.0,0.0,0.0,2.0,2.0,0.0,0.0,0.0,1.0,0,2,0.0,0.0,2.0,2.0,1.0,,,,,,
486,403209,Belmont,New York,487,0.0,0.0,0.0,1.0,0.0,0.0,0.0,0.0,0.0,0.0,0.0,0.0,0.0,1.0,0.0,0.0,0.0,0.0,0.0,0.0,0.0,0.0,0.0,2.0,0.0,0.0,0.0,0.0,0.0,0.0,0.0,0.0,0.0,0.0,0.0,0.0,0.0,0.0,0.0,0.0,0.0,0.0,0.0,1.0,0.0,0.0,1.0,0,0,0.0,0.0,0.0,0.0,0.0,0.0,0.0,0.0,0.0,0.0,0.0
522,270946,Sutton Place,New York,523,1.0,1.0,4.0,2.0,2.0,2.0,2.0,4.0,0.0,2.0,2.0,2.0,1.0,1.0,0.0,7.0,0.0,0.0,0.0,0.0,1.0,2.0,4.0,1.0,2.0,1.0,0.0,1.0,0.0,0.0,0.0,1.0,1.0,0.0,1.0,1.0,2.0,0.0,0.0,2.0,0.0,2.0,1.0,1.0,1.0,1.0,1.0,0,3,1.0,0.0,0.0,0.0,0.0,0.0,2.0,6.0,1.0,,
543,270812,Castle Hill,New York,544,1.0,0.0,1.0,0.0,0.0,0.0,0.0,0.0,0.0,0.0,0.0,0.0,1.0,1.0,1.0,2.0,1.0,0.0,2.0,2.0,1.0,0.0,0.0,1.0,1.0,0.0,0.0,0.0,0.0,0.0,0.0,0.0,0.0,0.0,1.0,2.0,1.0,1.0,0.0,1.0,2.0,0.0,0.0,0.0,0.0,0.0,0.0,1,0,0.0,1.0,0.0,1.0,1.0,,,,,,
553,403203,West Brighton,New York,554,3.0,2.0,8.0,6.0,2.0,3.0,5.0,1.0,5.0,6.0,9.0,6.0,2.0,3.0,4.0,3.0,3.0,0.0,2.0,8.0,5.0,4.0,6.0,4.0,7.0,7.0,5.0,3.0,4.0,2.0,6.0,3.0,9.0,7.0,10.0,9.0,5.0,2.0,1.0,2.0,6.0,4.0,7.0,7.0,5.0,3.0,7.0,7,6,5.0,5.0,7.0,3.0,5.0,4.0,7.0,5.0,13.0,8.0,4.0
555,275518,Springfield Gardens,New York,556,2.0,3.0,1.0,1.0,1.0,2.0,4.0,4.0,3.0,2.0,0.0,2.0,2.0,1.0,0.0,1.0,0.0,4.0,0.0,1.0,1.0,3.0,3.0,1.0,2.0,3.0,6.0,3.0,4.0,2.0,4.0,5.0,0.0,3.0,1.0,3.0,0.0,3.0,5.0,2.0,2.0,3.0,3.0,5.0,4.0,2.0,5.0,2,2,3.0,1.0,2.0,1.0,,,,,,,
568,270969,Wingate,New York,569,0.0,0.0,0.0,0.0,0.0,5.0,1.0,8.0,0.0,2.0,2.0,1.0,1.0,1.0,2.0,1.0,2.0,1.0,6.0,1.0,2.0,1.0,0.0,0.0,1.0,1.0,2.0,1.0,3.0,1.0,1.0,0.0,1.0,0.0,0.0,0.0,0.0,0.0,0.0,1.0,0.0,0.0,1.0,0.0,0.0,1.0,0.0,1,0,0.0,1.0,0.0,0.0,0.0,2.0,,,,,
569,270951,Tribeca,New York,570,0.0,0.0,1.0,2.0,1.0,0.0,0.0,0.0,0.0,0.0,3.0,0.0,0.0,1.0,0.0,0.0,1.0,0.0,0.0,0.0,0.0,1.0,0.0,1.0,0.0,0.0,0.0,0.0,1.0,0.0,0.0,2.0,0.0,4.0,2.0,1.0,1.0,0.0,0.0,0.0,0.0,0.0,0.0,1.0,0.0,3.0,3.0,2,0,0.0,0.0,0.0,0.0,0.0,0.0,1.0,,,,
574,343209,Unionport,New York,575,0.0,1.0,1.0,0.0,0.0,0.0,1.0,0.0,3.0,0.0,0.0,2.0,0.0,1.0,0.0,1.0,0.0,0.0,1.0,2.0,0.0,1.0,1.0,1.0,1.0,1.0,2.0,2.0,0.0,1.0,2.0,1.0,2.0,1.0,0.0,1.0,3.0,0.0,0.0,0.0,1.0,1.0,0.0,1.0,1.0,0.0,1.0,0,1,1.0,1.0,0.0,0.0,,,,,,,
594,270846,Gowanus,New York,595,1.0,0.0,0.0,2.0,0.0,0.0,1.0,0.0,0.0,0.0,0.0,0.0,0.0,1.0,1.0,0.0,0.0,1.0,1.0,0.0,0.0,0.0,0.0,1.0,0.0,0.0,0.0,0.0,0.0,0.0,0.0,0.0,0.0,2.0,1.0,0.0,0.0,0.0,0.0,0.0,0.0,0.0,0.0,0.0,0.0,0.0,0.0,0,0,1.0,0.0,0.0,0.0,0.0,0.0,,,,,
606,196623,New Utrecht,New York,607,0.0,0.0,0.0,0.0,1.0,0.0,0.0,0.0,0.0,0.0,0.0,0.0,0.0,0.0,0.0,0.0,0.0,0.0,0.0,0.0,0.0,0.0,0.0,0.0,0.0,0.0,0.0,0.0,0.0,0.0,0.0,0.0,0.0,0.0,0.0,0.0,0.0,0.0,0.0,0.0,0.0,0.0,0.0,0.0,0.0,0.0,1.0,0,0,0.0,0.0,0.0,0.0,,,,,,,
635,270953,Turtle Bay,New York,636,2.0,2.0,3.0,2.0,3.0,2.0,1.0,2.0,1.0,0.0,2.0,1.0,2.0,1.0,4.0,1.0,1.0,1.0,1.0,0.0,4.0,1.0,1.0,1.0,1.0,0.0,0.0,0.0,3.0,1.0,0.0,3.0,4.0,2.0,1.0,2.0,0.0,1.0,5.0,0.0,1.0,1.0,0.0,2.0,0.0,0.0,2.0,2,1,0.0,0.0,1.0,0.0,0.0,0.0,3.0,0.0,,,
653,270879,Manhattanville,New York,654,0.0,2.0,0.0,1.0,1.0,19.0,3.0,1.0,2.0,2.0,0.0,0.0,0.0,1.0,0.0,0.0,0.0,0.0,0.0,0.0,0.0,1.0,0.0,1.0,0.0,1.0,0.0,1.0,0.0,2.0,0.0,0.0,2.0,3.0,0.0,1.0,0.0,2.0,1.0,0.0,0.0,0.0,1.0,1.0,1.0,1.0,0.0,2,0,0.0,0.0,0.0,0.0,0.0,0.0,0.0,1.0,0.0,,
663,48417,West Farms,New York,664,0.0,1.0,0.0,0.0,0.0,0.0,0.0,0.0,0.0,2.0,1.0,0.0,0.0,0.0,1.0,0.0,0.0,0.0,1.0,0.0,0.0,0.0,0.0,0.0,0.0,1.0,0.0,1.0,1.0,0.0,0.0,0.0,0.0,0.0,0.0,0.0,0.0,1.0,1.0,1.0,0.0,0.0,0.0,1.0,0.0,0.0,2.0,0,0,0.0,0.0,0.0,0.0,,,,,,,
716,343223,Baychester,New York,717,3.0,2.0,2.0,0.0,1.0,1.0,2.0,3.0,2.0,0.0,1.0,0.0,1.0,0.0,1.0,4.0,2.0,0.0,0.0,0.0,0.0,0.0,0.0,0.0,0.0,2.0,1.0,0.0,1.0,1.0,1.0,1.0,3.0,3.0,2.0,2.0,2.0,6.0,2.0,0.0,3.0,2.0,5.0,1.0,1.0,4.0,5.0,0,2,2.0,5.0,2.0,2.0,1.0,,,,,,
731,197303,Port Richmond,New York,732,2.0,1.0,1.0,3.0,2.0,4.0,3.0,3.0,2.0,5.0,6.0,2.0,4.0,4.0,5.0,3.0,4.0,5.0,6.0,5.0,8.0,3.0,5.0,5.0,8.0,6.0,7.0,4.0,4.0,6.0,5.0,8.0,8.0,4.0,6.0,3.0,4.0,2.0,7.0,3.0,8.0,13.0,11.0,6.0,5.0,5.0,4.0,7,6,2.0,2.0,6.0,3.0,7.0,8.0,8.0,9.0,15.0,7.0,
768,270952,Tudor City,New York,769,4.0,4.0,6.0,5.0,2.0,3.0,3.0,7.0,5.0,1.0,5.0,6.0,4.0,3.0,8.0,2.0,3.0,4.0,3.0,8.0,7.0,5.0,2.0,8.0,5.0,3.0,7.0,4.0,4.0,2.0,3.0,5.0,2.0,8.0,2.0,4.0,1.0,5.0,2.0,1.0,6.0,2.0,4.0,4.0,4.0,1.0,2.0,4,4,4.0,3.0,2.0,3.0,,,,,,,
770,272869,Battery Park,New York,771,2.0,0.0,0.0,3.0,2.0,0.0,0.0,0.0,0.0,0.0,0.0,3.0,0.0,1.0,2.0,3.0,1.0,1.0,1.0,0.0,2.0,2.0,2.0,0.0,1.0,0.0,1.0,0.0,1.0,0.0,0.0,0.0,0.0,0.0,1.0,0.0,0.0,1.0,0.0,1.0,0.0,1.0,1.0,0.0,0.0,1.0,0.0,0,0,0.0,0.0,0.0,1.0,1.0,0.0,0.0,0.0,0.0,0.0,
811,50348,Cambria Heights,New York,812,0.0,4.0,1.0,3.0,2.0,2.0,2.0,5.0,3.0,1.0,2.0,0.0,3.0,1.0,2.0,4.0,3.0,3.0,3.0,4.0,3.0,3.0,1.0,3.0,0.0,2.0,3.0,2.0,1.0,2.0,2.0,3.0,1.0,0.0,2.0,4.0,0.0,1.0,1.0,2.0,2.0,2.0,1.0,6.0,4.0,1.0,3.0,1,2,0.0,1.0,4.0,1.0,3.0,,,,,,
844,270810,Carnegie Hill,New York,845,0.0,1.0,2.0,0.0,1.0,1.0,1.0,1.0,0.0,0.0,1.0,0.0,1.0,2.0,0.0,0.0,0.0,1.0,0.0,1.0,2.0,0.0,1.0,1.0,0.0,0.0,0.0,0.0,2.0,1.0,1.0,1.0,1.0,1.0,1.0,0.0,0.0,0.0,0.0,0.0,0.0,0.0,1.0,1.0,1.0,2.0,0.0,2,0,0.0,0.0,1.0,0.0,0.0,1.0,1.0,0.0,,,
862,198587,Van Nest,New York,863,0.0,0.0,0.0,1.0,0.0,0.0,1.0,0.0,0.0,2.0,0.0,0.0,0.0,0.0,3.0,1.0,0.0,0.0,0.0,0.0,0.0,0.0,1.0,0.0,0.0,1.0,0.0,0.0,1.0,0.0,0.0,0.0,0.0,0.0,0.0,0.0,0.0,0.0,0.0,0.0,0.0,1.0,1.0,0.0,0.0,1.0,0.0,0,0,1.0,0.0,0.0,0.0,0.0,0.0,0.0,0.0,0.0,,
887,403228,Hillcrest,New York,888,0.0,0.0,1.0,1.0,0.0,1.0,1.0,1.0,1.0,0.0,2.0,0.0,1.0,0.0,0.0,0.0,0.0,1.0,1.0,1.0,0.0,3.0,0.0,0.0,1.0,0.0,0.0,2.0,0.0,0.0,0.0,0.0,1.0,2.0,1.0,0.0,1.0,0.0,1.0,1.0,0.0,0.0,1.0,2.0,0.0,0.0,0.0,0,1,0.0,0.0,0.0,0.0,0.0,0.0,0.0,0.0,,,
897,272785,Arden Heights,New York,898,2.0,3.0,4.0,1.0,1.0,2.0,3.0,0.0,2.0,2.0,1.0,6.0,4.0,3.0,3.0,2.0,3.0,1.0,3.0,3.0,1.0,7.0,3.0,8.0,2.0,0.0,2.0,6.0,2.0,3.0,3.0,5.0,3.0,4.0,0.0,6.0,5.0,5.0,5.0,3.0,2.0,3.0,0.0,4.0,1.0,5.0,3.0,3,6,2.0,3.0,4.0,0.0,2.0,,,,,,
909,403111,Westchester Heights,New York,910,0.0,1.0,1.0,0.0,1.0,2.0,0.0,0.0,1.0,0.0,0.0,0.0,0.0,1.0,0.0,0.0,0.0,0.0,2.0,1.0,0.0,2.0,1.0,1.0,0.0,0.0,0.0,0.0,0.0,1.0,0.0,0.0,0.0,0.0,0.0,0.0,0.0,0.0,1.0,0.0,0.0,1.0,0.0,0.0,0.0,0.0,2.0,3,0,0.0,0.0,2.0,2.0,1.0,0.0,,,,,
926,270857,Hunters Point,New York,927,0.0,1.0,0.0,0.0,0.0,0.0,0.0,0.0,0.0,0.0,5.0,1.0,0.0,0.0,0.0,0.0,0.0,0.0,1.0,0.0,1.0,1.0,2.0,1.0,0.0,1.0,1.0,1.0,3.0,1.0,1.0,0.0,2.0,1.0,0.0,0.0,0.0,1.0,0.0,1.0,1.0,0.0,0.0,0.0,1.0,0.0,1.0,0,0,0.0,0.0,0.0,0.0,0.0,,,,,,
1003,193555,Bulls Head,New York,1004,3.0,1.0,0.0,2.0,0.0,3.0,0.0,2.0,2.0,3.0,3.0,2.0,2.0,0.0,2.0,2.0,4.0,3.0,1.0,0.0,2.0,3.0,4.0,1.0,1.0,3.0,3.0,1.0,1.0,3.0,1.0,2.0,0.0,0.0,6.0,3.0,2.0,1.0,4.0,2.0,1.0,1.0,3.0,0.0,3.0,3.0,3.0,2,0,2.0,7.0,3.0,1.0,2.0,2.0,,,,,
1021,10007,Arverne,New York,1022,1.0,1.0,0.0,0.0,0.0,2.0,0.0,0.0,0.0,1.0,0.0,1.0,0.0,2.0,2.0,2.0,1.0,1.0,0.0,0.0,1.0,0.0,0.0,0.0,4.0,3.0,2.0,2.0,1.0,0.0,1.0,2.0,0.0,0.0,1.0,2.0,2.0,1.0,1.0,1.0,0.0,2.0,3.0,0.0,1.0,1.0,0.0,2,1,1.0,0.0,2.0,1.0,1.0,,,,,,
1025,196213,Mariner's Harbor,New York,1026,4.0,2.0,5.0,3.0,5.0,5.0,3.0,3.0,6.0,4.0,3.0,5.0,4.0,1.0,4.0,9.0,4.0,4.0,10.0,5.0,2.0,2.0,2.0,5.0,3.0,5.0,5.0,5.0,5.0,5.0,7.0,4.0,4.0,4.0,9.0,10.0,8.0,5.0,9.0,12.0,8.0,8.0,10.0,5.0,9.0,5.0,10.0,3,5,6.0,6.0,4.0,6.0,9.0,6.0,9.0,10.0,9.0,3.0,
1036,403225,Floral park,New York,1037,4.0,5.0,3.0,1.0,0.0,2.0,3.0,1.0,6.0,3.0,3.0,4.0,1.0,3.0,3.0,2.0,1.0,2.0,1.0,2.0,2.0,0.0,1.0,1.0,1.0,1.0,1.0,1.0,3.0,1.0,1.0,2.0,0.0,1.0,1.0,3.0,1.0,2.0,2.0,1.0,0.0,2.0,2.0,1.0,1.0,2.0,0.0,3,0,2.0,1.0,3.0,1.0,,,,,,,
1052,403136,Emerson Hill,New York,1053,1.0,0.0,0.0,0.0,0.0,0.0,3.0,1.0,1.0,1.0,1.0,0.0,1.0,0.0,0.0,2.0,2.0,2.0,1.0,1.0,2.0,1.0,0.0,2.0,0.0,3.0,1.0,2.0,0.0,3.0,3.0,0.0,1.0,1.0,0.0,0.0,1.0,1.0,1.0,1.0,1.0,0.0,0.0,2.0,1.0,2.0,3.0,2,1,2.0,4.0,1.0,1.0,,,,,,,
1072,343203,Hunts Point,New York,1073,0.0,0.0,0.0,0.0,0.0,0.0,0.0,0.0,0.0,0.0,0.0,0.0,0.0,0.0,0.0,0.0,0.0,0.0,0.0,0.0,0.0,0.0,0.0,0.0,0.0,0.0,0.0,0.0,0.0,0.0,1.0,1.0,0.0,0.0,0.0,0.0,0.0,0.0,0.0,0.0,0.0,0.0,0.0,1.0,0.0,0.0,0.0,0,0,0.0,1.0,0.0,0.0,0.0,0.0,0.0,0.0,0.0,0.0,0.0
1075,403202,St. George,New York,1076,7.0,4.0,1.0,6.0,1.0,4.0,4.0,4.0,1.0,4.0,4.0,3.0,4.0,0.0,5.0,2.0,3.0,3.0,2.0,3.0,2.0,0.0,2.0,4.0,1.0,1.0,3.0,2.0,4.0,3.0,2.0,3.0,2.0,5.0,4.0,2.0,4.0,1.0,1.0,2.0,4.0,2.0,1.0,1.0,2.0,4.0,2.0,2,1,0.0,2.0,1.0,2.0,1.0,3.0,1.0,1.0,6.0,3.0,1.0
1157,196875,Oakwood,New York,1158,2.0,3.0,3.0,5.0,7.0,4.0,7.0,8.0,15.0,9.0,6.0,3.0,2.0,3.0,6.0,2.0,1.0,2.0,2.0,2.0,1.0,2.0,1.0,1.0,1.0,1.0,3.0,2.0,2.0,2.0,1.0,1.0,7.0,1.0,1.0,2.0,0.0,2.0,2.0,1.0,3.0,6.0,2.0,2.0,1.0,2.0,3.0,1,1,4.0,5.0,1.0,5.0,6.0,2.0,,,,,
1168,20239,Roosevelt Island,New York,1169,0.0,0.0,0.0,0.0,2.0,0.0,0.0,0.0,0.0,0.0,0.0,0.0,0.0,0.0,0.0,0.0,0.0,0.0,0.0,1.0,0.0,0.0,0.0,0.0,0.0,0.0,0.0,1.0,0.0,0.0,0.0,0.0,0.0,0.0,0.0,0.0,0.0,0.0,0.0,1.0,0.0,0.0,0.0,0.0,0.0,0.0,0.0,0,0,0.0,0.0,0.0,0.0,0.0,0.0,0.0,0.0,0.0,0.0,0.0
1199,270888,Mill Basin,New York,1200,2.0,2.0,1.0,0.0,1.0,0.0,1.0,2.0,1.0,0.0,1.0,2.0,3.0,3.0,2.0,2.0,1.0,2.0,5.0,1.0,2.0,1.0,1.0,0.0,4.0,2.0,1.0,3.0,4.0,0.0,0.0,1.0,0.0,0.0,2.0,1.0,0.0,2.0,1.0,1.0,0.0,1.0,3.0,4.0,2.0,0.0,3.0,7,2,1.0,0.0,0.0,5.0,2.0,1.0,1.0,1.0,1.0,3.0,
1227,197599,Rosebank,New York,1228,0.0,2.0,4.0,4.0,6.0,4.0,2.0,1.0,5.0,1.0,0.0,4.0,2.0,3.0,5.0,4.0,2.0,4.0,3.0,5.0,2.0,2.0,5.0,6.0,4.0,2.0,1.0,3.0,5.0,8.0,8.0,7.0,6.0,6.0,6.0,5.0,0.0,2.0,1.0,4.0,4.0,5.0,4.0,3.0,5.0,3.0,8.0,6,4,4.0,5.0,2.0,3.0,7.0,5.0,2.0,5.0,2.0,7.0,8.0
1259,197427,Red Hook,New York,1260,0.0,0.0,0.0,0.0,0.0,0.0,1.0,0.0,0.0,0.0,0.0,0.0,0.0,0.0,0.0,0.0,0.0,0.0,0.0,0.0,0.0,0.0,0.0,0.0,0.0,0.0,0.0,0.0,0.0,1.0,0.0,0.0,0.0,0.0,0.0,0.0,0.0,0.0,0.0,0.0,0.0,1.0,0.0,0.0,0.0,0.0,1.0,0,0,0.0,0.0,0.0,0.0,0.0,0.0,,,,,
1264,195067,Graniteville,New York,1265,9.0,4.0,3.0,1.0,3.0,2.0,1.0,4.0,2.0,6.0,6.0,2.0,1.0,6.0,4.0,7.0,2.0,3.0,5.0,6.0,5.0,6.0,7.0,8.0,5.0,2.0,8.0,8.0,4.0,5.0,5.0,3.0,6.0,6.0,9.0,9.0,11.0,5.0,5.0,4.0,4.0,7.0,4.0,7.0,9.0,10.0,4.0,6,7,4.0,6.0,8.0,4.0,2.0,3.0,4.0,8.0,8.0,12.0,
1273,275754,Tottenville,New York,1274,2.0,2.0,1.0,0.0,0.0,3.0,1.0,4.0,2.0,1.0,0.0,3.0,1.0,1.0,2.0,1.0,0.0,2.0,2.0,1.0,1.0,1.0,0.0,4.0,3.0,5.0,4.0,2.0,3.0,3.0,2.0,1.0,4.0,5.0,2.0,1.0,3.0,4.0,3.0,4.0,1.0,0.0,3.0,2.0,3.0,3.0,4.0,3,2,2.0,0.0,2.0,2.0,,,,,,,
1279,198184,Stapleton,New York,1280,5.0,5.0,5.0,6.0,3.0,6.0,0.0,3.0,3.0,3.0,7.0,4.0,4.0,1.0,2.0,3.0,3.0,7.0,4.0,3.0,0.0,1.0,1.0,1.0,6.0,5.0,2.0,4.0,2.0,2.0,3.0,5.0,5.0,5.0,4.0,6.0,4.0,2.0,5.0,4.0,5.0,0.0,3.0,3.0,2.0,4.0,7.0,1,3,2.0,6.0,5.0,7.0,,,,,,,
1298,195511,Huguenot,New York,1299,1.0,2.0,1.0,0.0,0.0,1.0,2.0,1.0,1.0,0.0,0.0,1.0,0.0,1.0,1.0,0.0,2.0,1.0,1.0,0.0,0.0,0.0,0.0,0.0,0.0,1.0,0.0,1.0,0.0,0.0,1.0,0.0,2.0,0.0,4.0,3.0,1.0,2.0,1.0,0.0,0.0,0.0,0.0,0.0,0.0,3.0,1.0,1,1,1.0,1.0,2.0,1.0,1.0,0.0,0.0,1.0,4.0,0.0,4.0
1310,197623,Rossville,New York,1311,3.0,3.0,3.0,2.0,0.0,1.0,4.0,4.0,4.0,3.0,3.0,2.0,2.0,1.0,2.0,0.0,4.0,3.0,3.0,2.0,5.0,3.0,5.0,3.0,3.0,9.0,5.0,3.0,1.0,4.0,2.0,2.0,4.0,3.0,3.0,2.0,6.0,1.0,3.0,4.0,4.0,4.0,4.0,3.0,3.0,1.0,9.0,2,4,3.0,2.0,3.0,0.0,4.0,2.0,4.0,3.0,1.0,4.0,
1321,193821,Chinatown,New York,1322,0.0,0.0,0.0,0.0,0.0,0.0,0.0,0.0,0.0,0.0,0.0,0.0,0.0,0.0,0.0,0.0,0.0,0.0,0.0,1.0,0.0,0.0,0.0,0.0,0.0,0.0,0.0,0.0,0.0,0.0,0.0,0.0,0.0,0.0,0.0,0.0,0.0,0.0,1.0,0.0,1.0,1.0,0.0,0.0,0.0,0.0,0.0,0,0,1.0,0.0,0.0,0.0,0.0,0.0,0.0,0.0,0.0,0.0,0.0
1332,13356,Pomonok,New York,1333,0.0,0.0,1.0,0.0,0.0,0.0,0.0,1.0,0.0,0.0,1.0,0.0,0.0,0.0,0.0,0.0,0.0,0.0,0.0,1.0,1.0,0.0,0.0,0.0,0.0,1.0,0.0,0.0,1.0,0.0,0.0,0.0,0.0,1.0,0.0,0.0,0.0,0.0,0.0,0.0,0.0,0.0,0.0,0.0,0.0,0.0,0.0,1,0,0.0,1.0,0.0,1.0,0.0,0.0,1.0,,,,
1335,199023,Willowbrook,New York,1336,1.0,0.0,0.0,5.0,3.0,1.0,0.0,0.0,1.0,3.0,0.0,3.0,3.0,4.0,2.0,3.0,1.0,2.0,1.0,0.0,0.0,0.0,1.0,1.0,2.0,5.0,1.0,0.0,0.0,0.0,0.0,2.0,0.0,1.0,0.0,2.0,0.0,0.0,0.0,1.0,2.0,2.0,3.0,0.0,0.0,1.0,2.0,0,2,0.0,5.0,0.0,4.0,1.0,3.0,,,,,
1345,270928,SoHo,New York,1346,1.0,0.0,3.0,0.0,0.0,0.0,0.0,0.0,0.0,0.0,1.0,0.0,3.0,0.0,0.0,1.0,0.0,0.0,0.0,0.0,2.0,1.0,0.0,2.0,1.0,0.0,0.0,0.0,1.0,1.0,0.0,0.0,1.0,0.0,0.0,0.0,0.0,0.0,2.0,0.0,0.0,0.0,0.0,0.0,0.0,1.0,3.0,2,0,0.0,0.0,0.0,0.0,0.0,0.0,0.0,,,,
1373,193861,Clason Point,New York,1374,0.0,1.0,1.0,0.0,1.0,1.0,2.0,3.0,0.0,0.0,2.0,1.0,1.0,1.0,3.0,0.0,4.0,1.0,4.0,1.0,3.0,1.0,2.0,2.0,0.0,2.0,2.0,1.0,4.0,3.0,2.0,3.0,2.0,2.0,4.0,3.0,1.0,1.0,1.0,3.0,3.0,2.0,2.0,1.0,3.0,0.0,4.0,3,3,3.0,1.0,2.0,0.0,3.0,1.0,0.0,,,,
1412,274627,Murray Hill,New York,1413,0.0,0.0,2.0,0.0,0.0,0.0,4.0,1.0,1.0,0.0,0.0,1.0,1.0,0.0,1.0,2.0,3.0,0.0,1.0,1.0,1.0,0.0,1.0,2.0,2.0,0.0,0.0,2.0,2.0,0.0,0.0,1.0,0.0,1.0,0.0,1.0,2.0,1.0,0.0,0.0,0.0,5.0,1.0,0.0,0.0,1.0,0.0,0,0,0.0,0.0,2.0,1.0,1.0,,,,,,
1425,343224,Eastchester,New York,1426,0.0,0.0,0.0,1.0,2.0,1.0,5.0,3.0,2.0,1.0,1.0,1.0,4.0,1.0,2.0,1.0,2.0,0.0,0.0,0.0,0.0,0.0,3.0,1.0,0.0,0.0,2.0,3.0,0.0,0.0,1.0,0.0,0.0,1.0,3.0,0.0,0.0,1.0,2.0,2.0,3.0,0.0,0.0,1.0,0.0,0.0,0.0,1,0,2.0,1.0,0.0,2.0,,,,,,,
1488,270912,Prince's Bay,New York,1489,0.0,0.0,1.0,1.0,0.0,0.0,0.0,0.0,0.0,1.0,1.0,1.0,0.0,0.0,0.0,0.0,0.0,1.0,1.0,0.0,1.0,1.0,0.0,1.0,0.0,1.0,0.0,0.0,0.0,1.0,1.0,2.0,0.0,1.0,0.0,0.0,1.0,0.0,0.0,1.0,0.0,0.0,2.0,0.0,0.0,0.0,1.0,0,0,1.0,0.0,1.0,0.0,,,,,,,
1507,197042,Park Hill,New York,1508,1.0,0.0,4.0,1.0,2.0,5.0,3.0,2.0,1.0,2.0,4.0,5.0,1.0,6.0,6.0,2.0,3.0,3.0,3.0,0.0,1.0,6.0,4.0,4.0,5.0,2.0,2.0,4.0,0.0,1.0,4.0,2.0,5.0,5.0,5.0,3.0,6.0,4.0,7.0,5.0,4.0,2.0,4.0,3.0,4.0,2.0,7.0,5,2,4.0,6.0,4.0,2.0,4.0,3.0,2.0,3.0,2.0,3.0,
1519,403218,Georgetown,New York,1520,1.0,0.0,0.0,2.0,2.0,1.0,0.0,1.0,0.0,0.0,2.0,1.0,0.0,1.0,1.0,1.0,0.0,2.0,0.0,1.0,1.0,0.0,1.0,0.0,0.0,0.0,0.0,0.0,1.0,0.0,0.0,0.0,3.0,0.0,2.0,1.0,0.0,1.0,0.0,0.0,0.0,1.0,0.0,4.0,0.0,0.0,1.0,1,1,0.0,2.0,2.0,3.0,1.0,,,,,,
1530,195119,Greenridge,New York,1531,1.0,5.0,4.0,4.0,4.0,6.0,4.0,3.0,5.0,4.0,2.0,2.0,5.0,4.0,8.0,8.0,8.0,4.0,4.0,6.0,6.0,8.0,6.0,5.0,5.0,6.0,5.0,8.0,5.0,10.0,7.0,4.0,5.0,1.0,8.0,7.0,3.0,3.0,1.0,5.0,2.0,2.0,4.0,4.0,8.0,6.0,4.0,5,3,6.0,8.0,8.0,3.0,7.0,7.0,6.0,5.0,2.0,1.0,
1533,275164,Richmond Town,New York,1534,3.0,1.0,3.0,1.0,1.0,3.0,2.0,0.0,0.0,1.0,2.0,5.0,1.0,0.0,0.0,3.0,0.0,2.0,1.0,0.0,3.0,6.0,2.0,4.0,4.0,3.0,1.0,1.0,2.0,3.0,0.0,2.0,2.0,1.0,4.0,3.0,3.0,5.0,2.0,2.0,1.0,0.0,2.0,4.0,4.0,3.0,1.0,0,4,2.0,2.0,1.0,1.0,,,,,,,
1584,196350,Midland Beach,New York,1585,5.0,1.0,5.0,5.0,0.0,3.0,1.0,3.0,2.0,1.0,4.0,6.0,6.0,3.0,3.0,3.0,3.0,3.0,3.0,8.0,4.0,12.0,4.0,5.0,6.0,7.0,7.0,3.0,0.0,8.0,5.0,1.0,11.0,4.0,6.0,10.0,4.0,3.0,5.0,3.0,2.0,2.0,2.0,2.0,3.0,8.0,3.0,8,3,5.0,5.0,1.0,5.0,5.0,4.0,2.0,2.0,3.0,3.0,
1596,270873,Little Italy,New York,1597,0.0,1.0,1.0,0.0,0.0,0.0,0.0,0.0,0.0,0.0,0.0,1.0,0.0,0.0,0.0,0.0,0.0,0.0,0.0,0.0,0.0,1.0,0.0,0.0,0.0,0.0,0.0,0.0,0.0,0.0,0.0,0.0,0.0,0.0,1.0,0.0,0.0,0.0,0.0,0.0,0.0,0.0,0.0,0.0,0.0,0.0,0.0,0,0,0.0,0.0,0.0,0.0,0.0,0.0,0.0,0.0,0.0,0.0,
1622,56273,Rockaway Beach,New York,1623,2.0,0.0,0.0,1.0,0.0,0.0,0.0,0.0,1.0,0.0,1.0,0.0,0.0,2.0,1.0,1.0,0.0,0.0,0.0,0.0,0.0,0.0,0.0,2.0,0.0,1.0,2.0,3.0,1.0,2.0,1.0,1.0,0.0,1.0,1.0,0.0,3.0,0.0,0.0,1.0,1.0,4.0,1.0,2.0,3.0,1.0,3.0,0,1,3.0,2.0,3.0,0.0,2.0,1.0,2.0,3.0,,,
1720,197995,South Beach,New York,1721,0.0,0.0,0.0,0.0,0.0,0.0,1.0,0.0,0.0,0.0,0.0,1.0,0.0,1.0,2.0,2.0,1.0,0.0,4.0,3.0,1.0,2.0,1.0,0.0,3.0,1.0,0.0,3.0,0.0,0.0,0.0,0.0,0.0,6.0,5.0,5.0,3.0,1.0,1.0,3.0,0.0,1.0,3.0,2.0,1.0,4.0,3.0,0,3,5.0,1.0,1.0,3.0,1.0,3.0,1.0,2.0,3.0,,
1828,193043,Arrochar,New York,1829,0.0,0.0,0.0,0.0,1.0,1.0,2.0,1.0,1.0,1.0,2.0,1.0,1.0,1.0,3.0,3.0,0.0,1.0,1.0,0.0,0.0,1.0,0.0,1.0,0.0,1.0,1.0,0.0,1.0,3.0,1.0,1.0,0.0,0.0,0.0,1.0,0.0,0.0,0.0,2.0,2.0,2.0,4.0,0.0,1.0,2.0,0.0,0,3,1.0,0.0,1.0,0.0,0.0,1.0,0.0,1.0,1.0,,
1908,195069,Grant City,New York,1909,2.0,1.0,2.0,5.0,1.0,2.0,1.0,1.0,5.0,7.0,1.0,4.0,3.0,2.0,1.0,3.0,4.0,5.0,2.0,3.0,4.0,2.0,2.0,4.0,5.0,7.0,8.0,3.0,3.0,3.0,3.0,2.0,7.0,3.0,4.0,5.0,9.0,7.0,3.0,5.0,4.0,6.0,6.0,5.0,11.0,4.0,7.0,4,7,6.0,5.0,5.0,5.0,7.0,1.0,3.0,6.0,3.0,1.0,8.0
1914,403204,Castleton Corners,New York,1915,2.0,2.0,2.0,1.0,0.0,2.0,2.0,0.0,0.0,0.0,0.0,0.0,1.0,0.0,0.0,1.0,3.0,3.0,3.0,1.0,0.0,3.0,1.0,2.0,1.0,1.0,1.0,3.0,1.0,1.0,2.0,1.0,1.0,0.0,1.0,0.0,0.0,0.0,1.0,3.0,0.0,1.0,4.0,0.0,1.0,0.0,0.0,1,1,0.0,1.0,1.0,0.0,1.0,2.0,,,,,
1982,343226,Country Club,New York,1983,0.0,1.0,1.0,0.0,0.0,0.0,0.0,1.0,1.0,1.0,0.0,0.0,1.0,1.0,2.0,0.0,0.0,0.0,0.0,1.0,0.0,1.0,1.0,2.0,0.0,0.0,0.0,1.0,0.0,0.0,2.0,0.0,2.0,1.0,0.0,2.0,1.0,1.0,0.0,3.0,0.0,1.0,0.0,1.0,0.0,0.0,0.0,0,1,3.0,2.0,0.0,0.0,,,,,,,
2067,272771,Annadale,New York,2068,0.0,1.0,3.0,1.0,0.0,0.0,1.0,0.0,0.0,1.0,0.0,0.0,0.0,2.0,0.0,1.0,2.0,1.0,0.0,1.0,1.0,0.0,0.0,0.0,1.0,0.0,1.0,0.0,0.0,0.0,1.0,2.0,2.0,3.0,1.0,2.0,0.0,0.0,0.0,1.0,0.0,0.0,1.0,0.0,0.0,1.0,1.0,1,0,0.0,0.0,0.0,1.0,,,,,,,
2097,403199,Grasmere - Concord,New York,2098,3.0,0.0,2.0,2.0,1.0,0.0,2.0,1.0,0.0,0.0,0.0,0.0,1.0,0.0,0.0,1.0,0.0,0.0,3.0,2.0,0.0,1.0,1.0,1.0,0.0,0.0,0.0,0.0,0.0,2.0,1.0,1.0,2.0,2.0,0.0,0.0,3.0,1.0,0.0,2.0,1.0,0.0,1.0,1.0,1.0,1.0,1.0,0,2,0.0,3.0,1.0,0.0,0.0,3.0,0.0,1.0,,,
2123,270904,Old Town,New York,2124,2.0,0.0,2.0,0.0,3.0,1.0,2.0,3.0,1.0,0.0,1.0,2.0,0.0,3.0,2.0,2.0,1.0,1.0,2.0,0.0,0.0,2.0,1.0,1.0,1.0,1.0,0.0,4.0,2.0,1.0,1.0,1.0,2.0,0.0,3.0,1.0,1.0,0.0,1.0,1.0,2.0,1.0,0.0,0.0,1.0,0.0,1.0,1,5,2.0,1.0,3.0,1.0,1.0,,,,,,
2200,16920,Bay Terrace,New York,2201,1.0,0.0,2.0,0.0,0.0,0.0,2.0,4.0,2.0,3.0,3.0,2.0,1.0,1.0,1.0,2.0,1.0,2.0,0.0,1.0,4.0,1.0,0.0,3.0,0.0,0.0,3.0,2.0,1.0,1.0,2.0,1.0,4.0,5.0,7.0,4.0,7.0,2.0,3.0,2.0,2.0,2.0,1.0,2.0,5.0,1.0,2.0,3,0,1.0,1.0,2.0,2.0,2.0,1.0,1.0,3.0,1.0,1.0,2.0
2226,403125,Meiers Corners,New York,2227,1.0,0.0,0.0,2.0,1.0,1.0,1.0,0.0,1.0,1.0,0.0,1.0,2.0,0.0,0.0,1.0,1.0,1.0,0.0,0.0,0.0,0.0,1.0,1.0,0.0,0.0,2.0,0.0,1.0,1.0,0.0,0.0,1.0,1.0,0.0,1.0,0.0,0.0,1.0,0.0,0.0,3.0,0.0,2.0,2.0,3.0,1.0,1,1,1.0,0.0,2.0,2.0,1.0,0.0,,,,,
2286,343206,Woodlawn,New York,2287,0.0,3.0,1.0,2.0,2.0,2.0,0.0,2.0,0.0,1.0,0.0,4.0,2.0,1.0,3.0,2.0,0.0,1.0,3.0,4.0,1.0,4.0,0.0,0.0,1.0,4.0,2.0,2.0,2.0,2.0,4.0,3.0,3.0,5.0,6.0,3.0,2.0,1.0,1.0,6.0,0.0,6.0,3.0,1.0,3.0,0.0,6.0,3,3,2.0,3.0,4.0,3.0,,,,,,,
2414,196620,New Springville,New York,2415,0.0,3.0,0.0,1.0,1.0,0.0,0.0,0.0,1.0,2.0,3.0,2.0,0.0,1.0,0.0,0.0,0.0,1.0,2.0,0.0,0.0,3.0,1.0,0.0,1.0,1.0,3.0,2.0,1.0,0.0,0.0,1.0,1.0,0.0,2.0,1.0,1.0,0.0,0.0,1.0,2.0,0.0,0.0,0.0,0.0,2.0,2.0,0,2,0.0,1.0,0.0,1.0,1.0,0.0,0.0,,,,
2447,196583,New Brighton,New York,2448,0.0,1.0,2.0,0.0,1.0,1.0,1.0,2.0,2.0,0.0,1.0,0.0,0.0,2.0,1.0,0.0,0.0,2.0,3.0,0.0,1.0,1.0,2.0,0.0,0.0,0.0,0.0,1.0,0.0,1.0,0.0,5.0,5.0,4.0,1.0,1.0,0.0,1.0,1.0,2.0,0.0,0.0,2.0,2.0,2.0,2.0,1.0,2,1,2.0,2.0,3.0,3.0,,,,,,,
2626,196156,Manhattan Beach,New York,2627,0.0,0.0,0.0,4.0,0.0,0.0,1.0,0.0,0.0,0.0,1.0,1.0,1.0,0.0,0.0,0.0,0.0,1.0,0.0,2.0,0.0,1.0,1.0,1.0,0.0,0.0,0.0,0.0,0.0,0.0,0.0,0.0,0.0,1.0,1.0,2.0,1.0,0.0,0.0,1.0,0.0,1.0,0.0,0.0,1.0,0.0,0.0,2,1,0.0,0.0,0.0,1.0,2.0,,,,,,
2688,198432,Tompkinsville,New York,2689,1.0,2.0,5.0,1.0,0.0,0.0,1.0,0.0,3.0,3.0,1.0,3.0,2.0,1.0,0.0,0.0,0.0,0.0,1.0,1.0,1.0,1.0,2.0,3.0,1.0,2.0,4.0,3.0,0.0,1.0,2.0,1.0,1.0,1.0,1.0,0.0,1.0,1.0,4.0,0.0,1.0,0.0,1.0,3.0,2.0,1.0,4.0,2,2,1.0,4.0,1.0,0.0,,,,,,,
2729,199080,Woodrow,New York,2730,0.0,0.0,1.0,1.0,0.0,0.0,0.0,1.0,0.0,1.0,0.0,0.0,0.0,0.0,1.0,1.0,0.0,0.0,0.0,0.0,0.0,0.0,0.0,0.0,0.0,1.0,0.0,0.0,0.0,0.0,0.0,0.0,0.0,0.0,0.0,1.0,0.0,0.0,0.0,0.0,1.0,0.0,0.0,1.0,0.0,0.0,0.0,0,0,1.0,1.0,2.0,0.0,0.0,0.0,0.0,0.0,0.0,0.0,0.0
2749,196591,New Dorp,New York,2750,0.0,0.0,0.0,0.0,0.0,1.0,0.0,0.0,0.0,3.0,1.0,1.0,1.0,0.0,2.0,1.0,0.0,1.0,0.0,0.0,2.0,0.0,1.0,0.0,0.0,1.0,1.0,0.0,1.0,1.0,1.0,2.0,1.0,0.0,1.0,0.0,1.0,2.0,1.0,1.0,1.0,1.0,1.0,2.0,1.0,0.0,3.0,0,1,0.0,1.0,1.0,2.0,,,,,,,
2768,276006,Westerleigh,New York,2769,0.0,2.0,3.0,0.0,1.0,0.0,0.0,0.0,0.0,1.0,1.0,0.0,0.0,1.0,1.0,0.0,0.0,1.0,0.0,0.0,0.0,0.0,1.0,0.0,0.0,0.0,0.0,0.0,0.0,0.0,1.0,0.0,1.0,1.0,1.0,0.0,1.0,2.0,1.0,1.0,2.0,1.0,0.0,1.0,0.0,1.0,0.0,0,0,1.0,0.0,0.0,1.0,1.0,,,,,,
2934,270895,NoHo,New York,2935,0.0,0.0,0.0,0.0,0.0,0.0,0.0,1.0,0.0,0.0,0.0,0.0,1.0,0.0,0.0,0.0,1.0,0.0,0.0,0.0,0.0,0.0,0.0,0.0,0.0,0.0,0.0,0.0,0.0,2.0,0.0,0.0,0.0,0.0,0.0,1.0,1.0,0.0,0.0,1.0,0.0,1.0,1.0,0.0,0.0,1.0,0.0,1,0,0.0,0.0,0.0,0.0,0.0,0.0,0.0,0.0,0.0,0.0,0.0
2941,270844,Gerritsen Beach,New York,2942,2.0,6.0,4.0,4.0,1.0,2.0,8.0,2.0,4.0,10.0,7.0,5.0,4.0,3.0,5.0,8.0,4.0,3.0,5.0,2.0,3.0,2.0,7.0,3.0,6.0,1.0,7.0,1.0,4.0,6.0,3.0,4.0,7.0,1.0,3.0,2.0,0.0,4.0,2.0,3.0,3.0,3.0,2.0,7.0,6.0,2.0,7.0,8,4,5.0,4.0,3.0,1.0,1.0,5.0,3.0,5.0,7.0,3.0,1.0
3016,270796,Astoria Heights,New York,3017,1.0,5.0,1.0,4.0,0.0,1.0,0.0,1.0,3.0,0.0,2.0,3.0,2.0,2.0,1.0,3.0,1.0,2.0,2.0,0.0,2.0,2.0,0.0,0.0,1.0,1.0,1.0,1.0,1.0,1.0,1.0,0.0,2.0,0.0,1.0,0.0,0.0,1.0,0.0,0.0,2.0,0.0,0.0,0.0,0.0,0.0,1.0,0,0,0.0,0.0,0.0,0.0,0.0,0.0,,,,,
3129,10329,Belle Harbor,New York,3130,1.0,0.0,0.0,1.0,0.0,0.0,0.0,1.0,0.0,0.0,0.0,0.0,1.0,0.0,0.0,0.0,1.0,0.0,0.0,0.0,0.0,0.0,0.0,1.0,0.0,1.0,0.0,0.0,0.0,0.0,0.0,0.0,2.0,0.0,1.0,1.0,0.0,2.0,1.0,0.0,1.0,1.0,0.0,2.0,0.0,0.0,0.0,1,0,0.0,1.0,0.0,0.0,1.0,0.0,0.0,0.0,0.0,0.0,1.0
3169,270950,Todt Hill,New York,3170,0.0,1.0,0.0,0.0,1.0,0.0,0.0,0.0,1.0,0.0,0.0,0.0,0.0,1.0,1.0,1.0,0.0,0.0,2.0,0.0,1.0,0.0,0.0,0.0,0.0,1.0,1.0,0.0,0.0,0.0,0.0,0.0,0.0,0.0,0.0,0.0,0.0,0.0,1.0,0.0,1.0,0.0,1.0,0.0,0.0,1.0,1.0,1,1,0.0,0.0,2.0,0.0,0.0,3.0,,,,,
3318,270842,Garment District,New York,3319,0.0,0.0,1.0,0.0,0.0,0.0,0.0,1.0,0.0,0.0,0.0,0.0,0.0,0.0,0.0,1.0,0.0,0.0,0.0,0.0,0.0,0.0,0.0,0.0,0.0,0.0,0.0,0.0,0.0,0.0,1.0,0.0,0.0,0.0,0.0,0.0,0.0,0.0,0.0,0.0,0.0,0.0,0.0,0.0,0.0,0.0,0.0,0,0,0.0,0.0,0.0,1.0,0.0,0.0,0.0,0.0,0.0,0.0,0.0
3376,270917,Randall Manor,New York,3377,1.0,3.0,0.0,0.0,1.0,1.0,0.0,0.0,0.0,1.0,0.0,3.0,0.0,0.0,1.0,0.0,2.0,0.0,1.0,4.0,2.0,2.0,2.0,1.0,0.0,0.0,3.0,1.0,0.0,1.0,1.0,2.0,0.0,2.0,0.0,0.0,1.0,0.0,2.0,1.0,1.0,1.0,0.0,1.0,1.0,1.0,1.0,0,2,1.0,0.0,0.0,2.0,0.0,0.0,2.0,2.0,1.0,1.0,
3420,270834,Fieldston,New York,3421,0.0,1.0,2.0,1.0,0.0,2.0,2.0,1.0,1.0,0.0,1.0,2.0,3.0,2.0,2.0,0.0,1.0,1.0,2.0,0.0,1.0,2.0,0.0,1.0,0.0,2.0,4.0,0.0,2.0,3.0,1.0,3.0,1.0,4.0,1.0,3.0,3.0,2.0,0.0,1.0,4.0,1.0,0.0,2.0,0.0,2.0,3.0,4,4,2.0,2.0,3.0,2.0,,,,,,,
3462,403219,Columbia Street Waterfront District,New York,3463,0.0,0.0,0.0,0.0,0.0,0.0,0.0,0.0,0.0,0.0,0.0,0.0,0.0,0.0,0.0,0.0,0.0,2.0,0.0,0.0,0.0,0.0,0.0,0.0,0.0,0.0,1.0,0.0,0.0,0.0,0.0,0.0,0.0,0.0,0.0,1.0,0.0,0.0,0.0,0.0,0.0,0.0,0.0,0.0,0.0,0.0,0.0,0,0,0.0,0.0,0.0,0.0,0.0,0.0,,,,,
3920,343207,City Island,New York,3921,0.0,0.0,0.0,2.0,0.0,0.0,1.0,0.0,0.0,1.0,1.0,1.0,2.0,0.0,1.0,0.0,0.0,0.0,1.0,0.0,0.0,1.0,1.0,1.0,1.0,0.0,3.0,0.0,1.0,0.0,2.0,0.0,0.0,1.0,1.0,1.0,1.0,0.0,0.0,0.0,2.0,2.0,2.0,1.0,2.0,2.0,1.0,0,1,1.0,0.0,2.0,1.0,1.0,,,,,,
4001,194257,Dongan Hills,New York,4002,0.0,3.0,2.0,1.0,2.0,0.0,2.0,5.0,4.0,3.0,3.0,4.0,2.0,3.0,0.0,2.0,1.0,1.0,3.0,1.0,2.0,2.0,4.0,3.0,1.0,0.0,0.0,4.0,3.0,1.0,3.0,1.0,0.0,1.0,3.0,1.0,0.0,3.0,1.0,6.0,5.0,2.0,2.0,1.0,3.0,2.0,2.0,2,1,3.0,2.0,2.0,1.0,1.0,1.0,1.0,2.0,1.0,3.0,
4040,197294,Port Ivory,New York,4041,1.0,0.0,0.0,2.0,1.0,0.0,2.0,0.0,4.0,2.0,3.0,1.0,1.0,0.0,0.0,2.0,1.0,1.0,1.0,0.0,1.0,4.0,2.0,2.0,2.0,2.0,2.0,2.0,3.0,2.0,2.0,5.0,1.0,4.0,3.0,2.0,3.0,4.0,1.0,2.0,1.0,4.0,7.0,5.0,3.0,1.0,1.0,2,3,3.0,1.0,3.0,2.0,1.0,3.0,5.0,4.0,4.0,2.0,5.0
4052,193292,Bergen Beach,New York,4053,0.0,0.0,0.0,0.0,0.0,0.0,0.0,0.0,0.0,0.0,0.0,0.0,0.0,0.0,0.0,0.0,0.0,0.0,0.0,0.0,0.0,0.0,0.0,0.0,0.0,0.0,0.0,0.0,0.0,0.0,0.0,0.0,0.0,1.0,0.0,0.0,0.0,0.0,0.0,0.0,1.0,0.0,0.0,0.0,0.0,0.0,0.0,0,0,0.0,0.0,1.0,0.0,0.0,0.0,0.0,,,,
4208,270838,Forest Hills Gardens,New York,4209,0.0,0.0,0.0,5.0,2.0,1.0,1.0,0.0,0.0,2.0,2.0,2.0,2.0,0.0,0.0,0.0,1.0,0.0,0.0,1.0,1.0,1.0,0.0,2.0,0.0,0.0,3.0,2.0,1.0,1.0,1.0,2.0,0.0,1.0,2.0,1.0,0.0,1.0,2.0,0.0,2.0,0.0,0.0,1.0,2.0,1.0,0.0,0,2,1.0,0.0,1.0,0.0,0.0,1.0,1.0,2.0,,,
4575,403198,Richmond Valley,New York,4576,0.0,0.0,1.0,1.0,0.0,0.0,0.0,0.0,1.0,1.0,0.0,0.0,0.0,0.0,0.0,0.0,0.0,1.0,0.0,0.0,0.0,0.0,0.0,0.0,0.0,0.0,0.0,0.0,0.0,0.0,0.0,0.0,1.0,0.0,1.0,0.0,0.0,1.0,0.0,0.0,0.0,0.0,0.0,0.0,0.0,0.0,1.0,1,0,1.0,0.0,1.0,1.0,0.0,0.0,0.0,0.0,,,
4743,197231,Pleasant Plains,New York,4744,0.0,1.0,0.0,0.0,0.0,0.0,1.0,0.0,0.0,0.0,0.0,0.0,0.0,1.0,0.0,0.0,0.0,1.0,0.0,0.0,0.0,0.0,0.0,0.0,0.0,0.0,1.0,1.0,1.0,0.0,1.0,1.0,0.0,0.0,0.0,1.0,1.0,0.0,1.0,0.0,0.0,0.0,0.0,0.0,0.0,1.0,0.0,0,1,1.0,1.0,1.0,1.0,0.0,,,,,,
4790,198296,Sunnyside,New York,4791,0.0,0.0,0.0,0.0,0.0,0.0,1.0,1.0,0.0,0.0,1.0,1.0,0.0,0.0,1.0,0.0,0.0,0.0,0.0,0.0,0.0,0.0,0.0,0.0,0.0,1.0,0.0,1.0,0.0,0.0,0.0,0.0,0.0,3.0,0.0,0.0,1.0,0.0,1.0,0.0,0.0,0.0,0.0,0.0,0.0,1.0,0.0,0,1,0.0,0.0,0.0,0.0,0.0,0.0,,,,,
4872,37557,Breezy Point,New York,4873,2.0,0.0,1.0,2.0,2.0,0.0,2.0,1.0,0.0,2.0,0.0,1.0,2.0,0.0,2.0,1.0,1.0,0.0,1.0,0.0,0.0,0.0,0.0,1.0,0.0,0.0,1.0,1.0,0.0,0.0,0.0,1.0,0.0,1.0,0.0,1.0,1.0,0.0,0.0,0.0,0.0,0.0,0.0,0.0,0.0,0.0,1.0,1,0,2.0,0.0,0.0,1.0,0.0,0.0,,,,,
4964,196592,New Dorp Beach,New York,4965,3.0,0.0,0.0,1.0,1.0,3.0,0.0,0.0,0.0,1.0,2.0,1.0,1.0,2.0,1.0,0.0,1.0,2.0,1.0,1.0,1.0,0.0,1.0,2.0,3.0,2.0,3.0,1.0,2.0,3.0,4.0,0.0,4.0,6.0,2.0,5.0,0.0,0.0,2.0,2.0,4.0,0.0,0.0,3.0,1.0,2.0,5.0,3,0,1.0,2.0,4.0,4.0,,,,,,,
5006,194566,Elm Park,New York,5007,1.0,0.0,0.0,1.0,2.0,0.0,0.0,0.0,0.0,1.0,0.0,1.0,0.0,2.0,2.0,1.0,2.0,0.0,0.0,0.0,1.0,1.0,1.0,1.0,0.0,0.0,0.0,0.0,0.0,0.0,0.0,0.0,0.0,0.0,0.0,1.0,1.0,0.0,0.0,3.0,0.0,0.0,1.0,1.0,1.0,0.0,3.0,2,4,3.0,1.0,1.0,1.0,0.0,1.0,1.0,2.0,1.0,1.0,1.0
