,RegionID,RegionName,City,State,Metro,CountyName,SizeRank,2013-10,2013-11,2013-12,2014-01,2014-02,2014-03,2014-04,2014-05,2014-06,2014-07,2014-08,2014-09,2014-10,2014-11,2014-12,2015-01,2015-02,2015-03,2015-04,2015-05,2015-06,2015-07,2015-08,2015-09,2015-10,2015-11,2015-12,2016-01,2016-02,2016-03,2016-04,2016-05,2016-06,2016-07,2016-08,2016-09,2016-10,2016-11,2016-12,2017-01,2017-02,2017-03,2017-04,2017-05,2017-06,2017-07,2017-08,2017-09,2017-10,2017-11,2017-12,2018-01,2018-02,2018-03,2018-04,2018-05,2018-06,2018-07,2018-08,2018-09
2,270958,Upper West Side,New York,NY,New York-Newark-Jersey City,New York,3,86.02,87.0,88.02,87.79,84.77,82.23,77.32,74.74,73.19,71.31,69.17,68.78,67.13,66.15,66.55,65.71,66.94,67.91,68.36,67.9,67.63,69.76,75.33,73.63,67.33,59.4,60.08,66.42,68.14,72.44,67.08,67.99,72.8,76.95,80.15,80.88,78.25,78.31,74.4,71.59,63.04,61.45,57.99,64.96,66.25,62.01,59.05,56.41,62.12,58.29,55.78,53.87,49.07,44.92,40.05,35.26,30.59,26.63,21.03,18.68
4,270957,Upper East Side,New York,NY,New York-Newark-Jersey City,New York,5,84.99,85.92,87.18,87.41,85.48,83.63,76.23,73.17,71.09,69.34,67.67,66.99,65.97,65.85,66.05,65.72,65.94,65.87,65.96,66.55,68.77,70.32,73.9,74.5,69.85,63.99,62.36,65.11,65.98,69.03,68.16,70.05,74.68,79.14,80.76,80.67,76.82,74.92,73.1,69.68,62.09,63.29,59.81,71.3,73.23,69.03,65.12,61.53,64.9,61.13,59.51,56.53,52.97,47.95,42.57,36.25,29.67,23.95,18.91,18.54
8,194430,East New York,New York,NY,New York-Newark-Jersey City,Kings,9,51.77,56.77,60.21,65.71,68.65,74.05,80.7,81.47,79.5,78.65,76.07,74.64,71.85,66.79,64.93,61.79,61.23,62.11,60.64,60.02,57.73,62.91,67.78,67.88,66.06,68.9,81.16,78.87,73.93,73.42,69.72,77.3,66.95,69.88,67.95,69.88,68.28,69.42,73.86,77.57,83.03,90.7,94.8,94.72,94.32,92.47,89.48,89.1,90.14,86.89,81.13,79.06,68.83,59.38,52.03,48.74,52.75,62.05,59.51,48.79
10,198687,Washington Heights,New York,NY,New York-Newark-Jersey City,New York,11,82.99,84.23,83.83,84.44,82.5,82.06,77.66,74.74,72.45,71.33,70.76,70.52,70.11,69.52,68.44,65.42,67.42,69.28,70.1,70.33,73.65,72.81,76.74,79.43,78.26,75.61,79.94,82.53,82.6,87.54,88.39,81.09,82.58,80.45,80.97,81.92,79.23,80.7,79.52,78.38,73.27,75.15,74.26,82.24,87.37,86.42,85.11,81.5,85.79,85.38,84.27,82.82,83.42,82.44,79.55,65.27,49.09,38.05,40.64,42.14
13,272816,Astoria,New York,NY,New York-Newark-Jersey City,Queens,14,87.51,85.57,84.16,84.75,84.95,86.51,78.26,76.39,72.81,69.32,69.52,69.72,69.83,68.94,68.91,65.88,65.44,64.41,69.84,70.3,70.67,70.13,64.86,62.96,59.29,57.09,73.22,76.69,77.83,77.07,75.94,87.25,88.87,91.68,95.06,91.56,94.98,94.53,95.86,96.13,95.62,98.08,96.25,94.65,93.98,91.3,92.65,91.98,93.72,92.13,89.57,89.88,82.93,74.73,71.99,67.63,70.31,72.24,61.68,61.28
15,272902,Bedford Stuyvesant,New York,NY,New York-Newark-Jersey City,Kings,16,94.09,93.38,92.02,90.1,89.73,88.43,92.46,90.14,89.52,88.01,87.26,88.52,86.37,85.78,85.45,87.29,88.7,88.61,86.44,84.18,81.64,77.93,76.4,73.78,70.39,65.53,73.59,72.36,66.72,71.75,75.89,90.27,89.58,89.07,86.82,86.85,85.42,85.21,84.67,80.85,78.4,77.6,78.44,76.76,74.42,64.67,64.12,62.79,65.87,64.24,63.62,62.91,60.28,60.52,57.55,52.37,57.84,64.46,55.15,27.92
16,199001,Williamsburg,New York,NY,New York-Newark-Jersey City,Kings,17,93.35,92.0,90.1,88.12,87.64,89.24,94.58,92.95,91.7,88.82,86.14,85.61,83.94,81.83,79.56,76.96,75.7,76.63,77.93,77.0,77.4,72.4,69.27,65.96,61.23,61.18,69.05,66.27,62.79,63.07,62.0,67.64,66.1,69.84,71.21,76.0,74.03,71.2,71.34,66.4,64.03,65.91,65.07,64.79,65.13,61.51,60.15,61.23,64.98,61.72,59.43,62.07,59.25,60.86,58.39,58.7,57.07,59.27,45.0,32.02
19,194737,Flatbush,New York,NY,New York-Newark-Jersey City,Kings,20,83.56,83.2,81.43,81.33,80.69,82.33,83.51,82.67,83.0,81.24,79.32,79.44,78.48,77.76,78.21,79.04,79.25,79.4,80.57,79.46,76.94,78.56,77.86,73.56,72.37,72.66,78.55,75.56,69.73,67.94,66.13,69.11,71.39,71.25,72.74,76.1,72.62,74.35,81.36,83.02,84.65,83.58,83.19,81.99,82.24,78.73,76.85,76.26,78.93,77.16,75.7,77.95,77.9,76.84,72.86,73.06,71.01,73.14,73.7,69.86
22,403222,Crown Heights,New York,NY,New York-Newark-Jersey City,Kings,23,89.73,88.39,87.48,86.98,88.04,89.65,95.79,94.18,92.61,90.73,91.8,90.92,90.57,89.95,89.08,88.74,90.5,91.86,94.81,94.09,90.97,92.58,91.71,88.88,80.56,75.62,81.31,80.95,79.34,76.45,75.55,91.72,89.07,88.82,88.28,88.71,87.42,84.49,82.91,79.08,70.28,66.97,68.82,72.1,74.19,69.65,69.47,68.31,71.33,57.89,50.76,51.33,51.78,50.38,45.92,45.32,50.43,56.81,47.18,26.37
23,25294,Jamaica,New York,NY,New York-Newark-Jersey City,Queens,24,75.35,77.16,78.39,81.35,82.84,83.24,86.16,83.15,81.41,82.22,82.61,82.3,83.08,82.46,80.78,77.81,76.89,75.38,79.24,86.89,90.28,89.96,89.7,89.51,84.55,80.69,79.41,80.63,83.54,86.23,85.56,97.02,96.58,94.43,96.78,97.81,98.01,98.1,97.17,96.04,95.12,96.26,94.76,94.36,92.37,85.05,87.68,84.51,86.26,88.71,86.0,85.77,86.66,81.88,82.69,85.49,89.92,92.17,88.39,66.27
25,343222,Williamsbridge,New York,NY,New York-Newark-Jersey City,Bronx,26,64.87,65.41,67.86,67.59,68.93,69.2,68.47,65.15,56.3,54.44,58.35,59.66,59.18,61.85,64.21,65.31,71.98,78.74,88.84,92.27,92.99,90.7,83.77,78.78,71.86,64.55,60.11,62.31,68.47,72.55,73.27,77.66,83.86,89.07,94.44,93.46,95.87,96.29,95.83,91.12,90.4,90.83,83.3,85.47,86.41,85.99,85.87,86.67,90.46,85.97,87.11,85.32,75.73,79.71,79.07,81.21,81.32,79.27,84.13,68.91
26,270828,East Harlem,New York,NY,New York-Newark-Jersey City,New York,27,82.3,84.38,81.21,80.36,81.16,79.01,82.67,80.51,81.04,80.63,79.0,77.77,77.73,77.19,77.68,79.02,80.11,80.09,77.23,73.3,66.9,71.75,74.98,74.31,67.62,63.0,72.6,77.56,82.52,88.77,87.45,81.19,84.5,87.87,87.8,86.89,85.61,85.07,83.65,81.29,80.01,76.96,77.44,84.42,78.98,75.47,71.42,68.32,74.01,69.35,65.78,60.49,58.73,53.79,50.08,46.58,36.97,30.23,28.58,25.24
31,193587,Bushwick,New York,NY,New York-Newark-Jersey City,Kings,32,88.65,89.84,90.91,88.13,84.77,85.61,91.4,91.77,91.4,88.98,83.9,80.39,79.73,82.55,82.65,86.37,89.13,90.25,93.76,91.92,85.73,84.62,84.05,81.58,81.46,78.32,91.1,90.4,85.55,81.04,84.16,85.61,77.78,76.49,81.64,82.46,81.04,89.37,88.53,88.18,86.15,84.5,82.25,78.7,75.74,75.03,71.36,67.81,70.6,69.85,70.52,66.55,57.36,51.35,49.18,42.59,34.86,36.69,28.1,17.56
32,194379,East Flatbush,New York,NY,New York-Newark-Jersey City,Kings,33,67.78,67.43,68.78,70.02,70.83,72.69,76.21,78.43,77.15,76.87,72.36,66.23,62.33,61.05,62.3,61.68,64.09,66.12,64.71,63.9,59.39,59.98,68.84,75.06,75.13,78.1,87.33,83.39,79.02,78.08,77.97,92.09,91.44,92.79,93.79,94.07,92.38,92.13,92.85,93.18,94.91,96.18,96.14,95.22,95.86,95.37,94.23,93.18,93.03,90.5,82.48,80.88,79.89,74.76,73.05,75.28,80.54,81.66,80.78,66.11
33,10957,Corona,New York,NY,New York-Newark-Jersey City,Queens,34,78.81,78.76,77.57,79.05,82.9,85.9,82.25,78.15,75.69,75.03,77.08,78.23,80.99,82.09,80.93,80.55,79.22,76.58,80.21,80.04,80.76,79.4,70.17,70.4,69.22,69.76,67.88,69.03,73.82,72.08,75.06,87.48,89.06,88.29,92.27,94.82,95.2,95.28,95.55,95.66,96.55,97.52,95.2,96.28,95.47,93.03,93.61,93.45,95.12,93.92,93.14,92.99,90.16,85.94,83.24,83.09,85.37,84.71,81.23,77.63
35,270945,Sunset Park,New York,NY,New York-Newark-Jersey City,Kings,36,74.23,73.96,72.59,71.84,72.11,72.52,81.25,82.82,82.96,85.15,85.35,82.07,80.08,79.43,81.0,81.01,80.68,81.1,80.2,79.04,73.26,72.46,71.16,72.52,77.52,76.56,83.82,81.58,72.61,71.52,70.85,79.47,82.74,78.86,78.98,82.31,82.23,81.07,81.93,77.26,82.28,83.13,85.25,84.77,84.65,84.04,83.17,80.26,82.56,78.36,74.42,78.37,71.51,59.84,56.2,58.32,58.08,61.24,66.22,70.96
38,193406,Borough Park,New York,NY,New York-Newark-Jersey City,Kings,39,61.15,60.07,59.74,63.35,66.21,69.95,85.85,89.17,89.92,92.25,92.94,92.58,91.89,90.91,90.45,90.41,90.51,88.49,83.29,71.59,57.42,53.39,55.27,57.4,59.86,62.3,78.83,75.82,70.87,67.55,64.97,80.91,85.89,83.06,84.08,85.83,84.12,88.53,91.91,92.41,94.24,95.64,94.68,90.1,86.65,85.06,76.47,76.07,80.39,75.54,68.44,66.29,69.13,71.21,68.22,70.31,66.04,73.11,76.78,67.72
39,193285,Bensonhurst,New York,NY,New York-Newark-Jersey City,Kings,40,78.53,79.51,78.71,79.3,77.47,75.44,79.29,80.58,82.83,81.85,81.53,81.91,81.27,80.47,81.35,81.81,81.07,81.51,80.13,76.55,68.57,70.35,72.27,68.25,62.84,64.7,79.72,77.09,74.91,75.05,74.13,89.0,86.33,87.39,87.04,89.11,88.68,88.5,90.54,90.04,91.33,92.57,93.89,94.21,94.09,93.63,93.77,91.46,91.81,90.33,82.26,78.51,67.43,62.1,60.37,61.87,64.84,65.18,62.97,58.67
41,403223,Elmhurst,New York,NY,New York-Newark-Jersey City,Queens,42,83.74,84.02,81.79,81.93,82.89,84.39,78.54,74.18,69.95,67.68,67.56,68.03,67.36,65.98,65.2,64.49,66.01,63.9,65.03,65.4,65.89,66.3,61.62,55.88,47.88,49.8,54.51,53.24,61.86,63.64,64.79,80.08,79.24,79.34,83.95,87.08,88.53,90.42,91.62,92.89,91.94,96.84,95.9,96.99,97.11,95.29,96.21,95.63,96.65,96.07,94.47,93.59,90.98,82.09,77.59,79.63,82.4,85.7,82.63,79.77
48,403131,Sheepshead Bay,New York,NY,New York-Newark-Jersey City,Kings,49,73.71,74.79,74.03,74.54,74.51,74.51,68.12,64.73,63.68,61.57,58.58,55.92,52.4,51.05,52.01,50.83,49.33,48.7,47.69,50.08,49.69,56.05,62.11,64.63,63.49,66.7,71.52,71.42,66.85,67.04,65.28,80.48,78.48,80.44,81.69,83.77,80.83,80.21,82.87,82.95,83.69,85.9,87.11,91.21,91.76,91.87,92.44,91.65,90.43,87.31,84.52,86.11,83.07,81.32,78.79,75.79,78.84,81.27,75.52,66.11
49,343217,South Bronx,New York,NY,New York-Newark-Jersey City,Bronx,50,50.64,52.06,59.0,61.7,65.68,67.61,65.77,62.81,61.39,58.94,60.1,64.09,65.69,73.32,73.06,74.72,74.75,72.28,73.15,70.44,68.64,70.69,73.89,72.91,64.04,64.98,58.9,61.35,61.84,67.85,71.04,89.41,92.61,95.32,97.91,97.91,96.06,97.04,97.28,94.81,93.7,92.58,91.84,92.71,90.11,85.54,82.69,83.81,87.14,89.0,90.49,91.85,83.58,76.54,75.31,71.85,70.37,69.14,76.17,74.44
50,343205,Soundview,New York,NY,New York-Newark-Jersey City,Bronx,51,48.74,40.85,33.75,29.81,27.13,25.39,30.81,36.02,39.65,40.44,39.18,42.81,47.16,58.52,65.3,75.68,77.27,82.06,86.43,90.34,73.04,91.93,67.85,63.2,57.58,50.12,44.23,45.69,47.02,49.45,49.21,91.85,94.65,90.27,85.77,85.89,82.48,91.73,95.5,96.35,96.11,98.05,92.46,90.27,95.5,95.13,94.28,93.8,96.6,91.13,90.28,92.47,89.06,89.19,89.79,82.87,75.58,68.89,52.61,33.29
53,193640,Canarsie,New York,NY,New York-Newark-Jersey City,Kings,54,66.05,66.68,69.8,71.73,71.37,72.93,70.11,68.26,64.28,61.47,52.03,41.81,36.8,35.23,31.62,29.53,32.66,35.08,36.64,39.69,38.69,42.99,51.88,64.56,69.43,74.4,81.21,82.14,76.24,76.14,72.78,78.53,77.21,79.5,75.88,71.95,69.18,68.52,68.76,67.87,68.55,76.85,83.65,77.33,78.86,76.2,75.03,75.39,81.38,77.95,80.14,82.9,79.17,72.12,72.2,72.31,74.65,72.36,77.2,73.79
59,270875,Lower East Side,New York,NY,New York-Newark-Jersey City,New York,60,92.41,92.41,90.64,90.61,88.12,87.34,86.8,83.62,82.79,83.05,81.18,80.46,79.8,77.06,76.55,74.49,75.73,76.55,71.51,72.54,74.66,78.13,79.32,79.09,77.08,73.19,77.34,78.32,74.87,76.02,75.79,71.45,68.52,71.02,81.09,85.59,81.89,85.89,87.11,85.18,82.46,84.68,81.71,82.53,81.8,79.83,75.88,73.86,81.64,79.37,79.14,78.39,75.72,68.95,62.1,43.42,40.49,35.37,26.48,22.41
63,18131,Flushing,New York,NY,New York-Newark-Jersey City,Queens,64,81.04,81.18,79.97,80.94,82.76,83.72,76.88,72.74,71.08,70.54,71.21,68.29,68.38,65.14,62.44,59.25,57.79,54.13,51.86,53.04,58.9,62.15,59.04,65.1,54.74,56.72,54.42,53.72,53.99,53.98,55.76,59.72,64.22,73.19,76.52,79.92,80.86,81.0,78.53,78.84,81.4,94.79,94.58,95.69,95.34,89.95,92.52,91.29,94.02,93.5,91.86,92.58,88.1,81.29,80.01,82.84,85.98,86.93,83.39,79.83
64,27182,South Ozone Park,New York,NY,New York-Newark-Jersey City,Queens,65,84.77,85.95,84.97,87.98,90.08,92.18,91.03,80.62,74.62,72.7,74.36,74.56,74.3,74.03,70.59,64.89,63.59,60.91,68.11,84.51,90.11,90.97,90.98,91.32,85.32,80.9,79.7,79.72,84.2,86.51,86.64,97.6,97.24,96.04,97.21,97.62,97.98,98.02,97.29,95.39,94.1,94.99,92.03,92.08,91.41,86.38,89.28,89.5,93.83,95.22,92.04,89.01,85.74,77.0,75.32,74.94,80.34,79.66,72.07,59.32
76,196538,Murray Hill,New York,NY,New York-Newark-Jersey City,Queens,77,89.04,90.27,91.12,91.49,92.02,93.35,85.89,80.89,78.11,76.75,77.0,76.37,76.69,72.73,69.98,66.55,66.06,62.75,68.62,72.93,75.57,78.76,72.15,71.03,63.61,63.94,69.72,69.43,72.77,75.68,76.45,79.04,79.85,81.14,83.47,83.81,83.84,85.51,86.36,87.71,89.22,96.13,94.74,95.4,94.96,88.57,91.09,92.33,95.6,94.88,94.32,94.58,92.91,79.8,76.24,78.2,82.48,82.85,71.38,60.76
82,18071,Far Rockaway,New York,NY,New York-Newark-Jersey City,Queens,83,50.74,60.49,63.79,61.15,61.47,59.59,64.81,60.82,59.01,59.73,61.15,65.71,65.25,62.04,58.38,59.07,58.42,59.18,56.21,55.35,59.32,56.29,52.28,47.18,44.8,42.24,55.14,55.97,63.97,68.59,70.07,75.82,75.34,65.93,72.99,76.63,82.13,84.94,85.93,85.82,85.54,89.59,86.49,88.22,89.23,92.35,95.41,95.01,92.7,87.41,86.93,84.16,82.48,69.12,66.83,64.36,72.02,71.07,54.06,36.57
83,273757,Forest Hills,New York,NY,New York-Newark-Jersey City,Queens,84,71.23,69.63,70.04,72.06,73.7,77.72,53.44,47.83,45.6,42.87,43.6,44.27,45.06,44.61,43.17,41.05,39.81,37.0,36.51,39.2,43.2,50.72,54.56,56.8,56.25,57.63,39.3,40.86,41.8,44.23,46.99,60.1,61.78,66.21,67.66,74.27,76.54,78.28,79.53,84.7,89.92,94.9,94.14,94.67,94.24,93.67,93.75,92.88,94.36,93.34,93.08,93.27,89.67,83.95,82.22,81.94,84.62,84.19,78.16,75.71
88,275173,Ridgewood,New York,NY,New York-Newark-Jersey City,Queens,89,91.56,91.56,86.4,85.89,89.67,89.29,86.02,77.33,73.8,71.66,72.17,71.16,74.1,75.22,76.33,77.54,78.44,79.8,89.22,92.81,95.04,92.68,91.43,90.67,83.83,81.57,84.58,79.85,78.48,74.25,72.76,84.97,85.71,60.37,67.33,67.2,72.26,74.35,79.28,96.88,96.88,97.38,97.5,98.0,96.75,96.62,96.75,94.75,95.74,91.74,88.36,86.47,82.1,58.57,48.69,58.07,64.25,83.38,83.4,58.68
90,270829,East Village,New York,NY,New York-Newark-Jersey City,New York,91,91.65,92.5,90.74,88.59,86.51,85.95,86.44,84.63,80.66,80.09,77.54,74.73,72.64,71.16,71.6,72.17,72.74,73.49,71.92,73.89,77.04,79.81,83.53,85.56,81.04,78.34,82.62,86.04,86.16,87.6,84.62,79.01,78.73,82.42,84.33,83.22,80.11,80.17,76.2,72.84,66.9,70.92,69.71,74.98,74.7,72.67,69.52,65.27,71.75,69.82,69.0,68.17,64.03,56.98,46.19,40.28,37.39,28.69,21.84,24.32
92,197044,Park Slope,New York,NY,New York-Newark-Jersey City,Kings,93,80.97,81.58,82.38,82.59,82.74,83.92,85.65,84.14,81.65,80.37,77.65,75.45,73.8,73.44,72.75,72.15,72.87,73.28,72.49,72.35,71.12,70.14,70.72,73.26,76.1,75.58,73.65,73.69,73.22,71.96,71.42,68.87,68.71,71.79,73.46,76.89,76.92,73.9,76.47,73.85,71.76,70.62,73.36,73.29,73.72,70.66,70.75,71.99,74.09,72.69,69.83,71.15,66.66,62.21,55.64,45.03,45.18,45.95,37.99,31.4
95,274117,Jackson Heights,New York,NY,New York-Newark-Jersey City,Queens,96,75.45,74.4,75.51,76.23,78.12,81.39,58.79,52.7,50.81,49.24,49.47,51.92,53.43,53.29,51.68,49.02,47.85,45.28,46.01,47.83,53.34,62.28,61.33,63.63,56.3,62.8,43.24,43.42,50.5,52.07,54.88,57.29,61.95,74.36,77.19,78.43,86.23,88.39,90.42,92.37,93.92,96.1,94.96,95.74,94.5,95.81,95.37,94.27,94.78,93.6,94.98,95.4,94.8,93.0,91.13,90.46,91.28,90.74,90.07,89.99
101,270886,Midwood,New York,NY,New York-Newark-Jersey City,Kings,102,78.26,78.15,77.11,77.77,77.05,75.13,75.63,74.77,76.92,77.88,75.74,74.15,71.34,69.71,69.61,69.29,67.97,68.2,69.13,69.78,67.95,70.36,70.98,67.96,65.69,66.01,75.8,73.22,70.2,68.08,64.87,77.66,70.52,72.3,74.54,78.79,80.89,80.19,84.41,87.5,87.0,89.62,91.45,91.94,91.92,92.44,92.73,92.01,92.15,90.41,85.52,86.19,80.54,79.43,74.79,77.19,79.02,79.5,72.42,53.54
103,45032,East Elmhurst,New York,NY,New York-Newark-Jersey City,Queens,104,89.14,91.96,92.64,93.09,94.19,95.26,94.07,91.0,88.57,88.83,87.81,86.23,84.57,83.53,81.11,77.73,77.09,73.23,79.6,87.07,90.47,90.91,90.03,89.95,84.94,83.1,84.36,84.82,87.4,87.53,88.02,95.47,94.39,92.9,93.19,94.41,95.12,96.93,96.91,96.36,96.01,97.23,96.33,96.23,95.71,93.56,93.94,94.1,96.39,95.16,92.69,94.27,89.24,84.65,80.87,87.01,86.39,87.37,74.14,63.46
105,403215,Gravesend,New York,NY,New York-Newark-Jersey City,Kings,106,71.6,71.32,71.92,74.46,75.46,75.74,72.65,70.6,69.92,67.08,67.19,67.35,66.55,65.36,65.92,65.85,65.04,60.99,63.84,64.24,60.99,65.34,67.18,66.07,62.62,64.52,74.11,74.53,71.31,69.18,73.69,82.23,79.7,79.28,79.28,79.62,81.84,85.0,87.43,87.05,86.85,86.68,87.07,87.63,87.38,87.25,87.0,86.4,83.81,78.75,73.57,71.66,67.94,68.94,70.16,73.29,76.34,77.93,74.78,69.47
106,193182,Bath Beach,New York,NY,New York-Newark-Jersey City,Kings,107,62.8,66.34,67.12,72.07,75.76,78.04,80.2,81.22,81.53,82.79,81.1,80.79,80.46,80.01,80.71,80.67,79.22,76.55,72.15,69.83,65.15,66.63,71.51,68.27,63.55,65.9,79.05,76.57,71.63,69.19,68.29,84.97,86.23,84.68,84.93,87.35,85.72,87.77,89.0,87.99,87.12,87.87,87.83,89.95,91.76,91.72,93.35,92.07,92.94,90.98,87.37,86.36,85.42,80.25,77.97,76.59,80.5,81.55,75.07,70.48
109,26352,Ozone Park,New York,NY,New York-Newark-Jersey City,Queens,110,86.64,88.9,90.25,92.4,92.42,91.05,90.03,85.92,83.17,79.12,78.43,76.56,78.36,78.52,75.1,71.48,71.87,71.67,79.29,88.21,91.57,91.3,93.05,92.09,84.87,78.46,80.51,82.73,85.11,88.75,88.01,91.65,89.6,86.97,89.27,90.28,90.58,90.58,90.34,89.82,89.0,91.57,92.33,92.03,92.91,87.73,91.59,93.78,94.33,91.81,87.56,90.13,87.28,79.72,78.62,79.34,88.71,89.59,84.63,79.94
112,276128,Richmond Hill,New York,NY,New York-Newark-Jersey City,Queens,113,86.89,87.0,87.18,89.93,92.42,94.43,94.47,90.7,86.08,82.64,83.63,83.0,84.58,85.82,83.19,79.27,77.79,75.82,81.3,88.55,91.8,90.12,88.47,89.1,85.47,81.99,82.25,81.59,80.89,84.41,86.53,97.14,96.63,96.89,98.1,98.68,98.86,99.19,99.01,97.91,96.7,96.92,94.93,94.64,94.27,91.7,94.01,94.93,96.88,96.47,94.45,93.86,89.93,78.95,79.94,79.98,83.28,80.97,72.26,61.87
115,193526,Brownsville,New York,NY,New York-Newark-Jersey City,Kings,116,44.99,46.35,46.35,48.13,48.81,46.76,47.27,59.21,67.46,72.58,71.01,71.96,75.31,71.98,68.98,69.33,68.03,72.19,78.12,78.6,73.69,78.25,81.39,75.12,64.89,63.01,82.9,82.63,74.86,78.27,77.04,69.85,79.4,82.61,88.61,95.29,97.68,97.41,98.84,99.05,99.32,99.11,98.98,98.02,97.61,97.14,97.41,97.07,96.93,93.79,91.68,93.86,85.27,83.64,73.35,79.41,86.64,94.89,94.34,86.64
116,274415,Flatlands,New York,NY,New York-Newark-Jersey City,Kings,117,61.05,62.81,63.44,65.3,67.04,67.36,72.14,75.19,72.94,75.32,71.21,68.19,63.87,59.4,57.49,56.25,55.93,56.45,52.62,51.66,52.07,54.67,61.95,63.78,61.44,64.31,74.63,73.65,65.35,65.86,61.27,86.12,81.16,80.09,78.23,76.68,79.27,81.29,87.61,84.12,88.52,93.35,93.87,95.37,96.92,95.37,95.01,94.45,93.66,88.43,88.71,88.23,81.81,78.95,75.33,74.2,82.32,77.52,83.62,78.44
118,273860,Gramercy,New York,NY,New York-Newark-Jersey City,New York,119,89.54,90.03,89.71,90.51,89.15,87.45,80.29,74.58,71.73,68.88,66.36,66.05,65.39,64.99,65.05,64.24,66.93,69.3,73.94,79.91,84.96,88.05,88.81,87.95,82.18,76.08,72.17,75.39,72.96,73.4,71.3,65.72,66.06,67.14,70.32,74.61,71.34,73.5,75.5,74.4,67.39,67.82,64.82,72.28,72.92,68.78,65.49,62.25,69.51,68.6,68.39,65.97,64.56,59.83,56.53,45.01,39.85,34.8,30.93,30.22
126,403217,Kensington,New York,NY,New York-Newark-Jersey City,Kings,127,86.51,87.17,86.28,88.13,89.6,91.04,84.36,81.22,82.28,80.83,78.33,76.2,74.8,73.63,72.12,68.24,66.42,65.08,68.96,71.43,72.67,75.37,78.68,79.31,76.31,72.7,79.51,80.18,76.35,73.08,72.01,79.72,81.57,80.86,80.51,83.75,88.18,88.46,90.07,91.78,92.97,93.53,92.89,91.06,92.45,90.98,91.26,90.9,90.63,82.9,80.36,81.87,78.98,79.86,79.6,82.85,83.69,86.35,87.1,78.39
137,275115,Queens Village,New York,NY,New York-Newark-Jersey City,Queens,138,79.93,78.48,76.09,79.36,80.45,81.83,78.31,74.02,68.88,69.75,72.9,73.09,76.18,77.96,76.6,71.14,71.62,70.25,78.03,84.97,89.14,90.24,91.1,90.54,84.66,81.04,84.12,83.21,86.89,90.93,91.23,98.32,98.26,98.11,98.78,98.74,98.84,98.41,98.01,97.05,95.4,97.14,94.0,94.67,93.44,84.19,86.98,83.51,87.5,78.04,75.14,77.07,76.86,69.37,64.61,66.91,78.19,83.9,76.25,66.15
144,5837,Maspeth,New York,NY,New York-Newark-Jersey City,Queens,145,85.66,89.32,90.07,91.28,91.98,94.76,93.19,92.28,89.83,87.35,87.9,86.81,86.16,84.15,82.01,79.03,78.76,76.12,82.54,87.88,89.94,90.4,88.42,87.57,84.75,80.18,82.06,81.54,83.09,86.13,85.12,94.7,94.75,93.98,96.94,97.4,97.68,98.12,97.92,97.48,97.71,98.17,97.94,98.35,98.27,90.99,94.0,95.13,96.86,95.42,92.48,91.17,88.28,73.68,63.34,63.36,68.31,64.48,50.12,50.63
145,193189,Bay Ridge,New York,NY,New York-Newark-Jersey City,Kings,146,87.99,87.32,84.91,85.04,75.36,66.86,62.45,59.68,59.84,59.38,57.59,57.43,56.85,56.15,55.86,55.5,56.24,56.39,58.03,61.03,58.42,63.59,59.78,54.21,48.68,48.89,59.62,58.61,57.2,58.02,53.78,68.59,67.01,70.77,67.42,65.86,60.92,60.09,64.33,63.97,66.55,73.51,87.47,92.98,93.59,92.95,91.93,92.21,92.4,88.87,85.11,85.47,80.48,72.94,68.93,70.04,69.65,67.99,59.56,62.1
156,199091,Woodside,New York,NY,New York-Newark-Jersey City,Queens,157,88.07,85.8,83.67,84.83,86.55,87.96,69.14,63.35,59.94,56.94,57.25,55.6,53.76,54.99,55.27,51.29,51.68,50.67,58.67,66.68,74.74,79.72,80.55,79.97,77.86,78.6,59.76,59.4,65.71,65.68,65.02,73.57,68.99,74.29,75.91,81.17,87.71,88.32,88.02,88.91,89.18,97.69,96.7,97.59,97.2,94.23,95.51,94.49,95.61,94.56,94.62,92.58,91.52,87.1,86.54,87.4,85.98,85.06,77.78,77.98
159,37309,Bayside,New York,NY,New York-Newark-Jersey City,Queens,160,84.07,86.19,86.7,88.07,89.13,90.64,89.13,86.51,82.81,81.76,81.5,81.58,83.28,83.54,83.33,81.12,80.43,77.41,81.1,83.38,84.61,84.35,83.93,82.46,79.16,74.53,77.65,76.81,79.6,83.36,83.27,93.3,93.36,90.6,92.45,93.72,95.29,95.95,97.19,96.74,95.34,96.7,93.6,92.96,91.32,87.8,90.4,88.65,93.33,91.28,88.4,88.61,85.6,72.16,67.0,74.66,81.39,83.22,66.36,45.98
167,276254,Chelsea,New York,NY,New York-Newark-Jersey City,New York,168,90.2,91.78,91.04,90.36,88.46,87.38,83.84,80.62,79.59,78.58,77.02,75.88,74.53,73.65,73.98,73.77,74.63,74.76,76.05,77.97,76.64,79.06,78.45,79.85,77.51,74.72,74.05,76.36,75.48,75.83,73.77,69.29,70.67,71.67,73.03,73.27,71.94,71.98,71.09,69.39,63.29,64.11,59.03,64.07,65.45,61.45,56.37,54.44,58.98,56.95,55.35,54.61,50.83,44.36,39.55,33.8,25.85,22.68,16.31,16.63
173,275620,Sunnyside,New York,NY,New York-Newark-Jersey City,Queens,174,84.37,85.41,83.65,82.13,83.18,86.69,66.99,60.8,61.25,59.13,61.29,58.84,57.36,56.79,55.65,52.04,50.1,49.35,58.06,64.84,67.8,74.12,70.9,58.83,50.77,45.49,53.85,50.85,55.35,56.42,57.09,66.05,69.45,82.85,86.96,89.37,90.86,91.33,93.3,92.87,90.25,94.37,94.1,96.08,95.32,90.85,92.83,93.3,95.04,94.85,95.12,96.35,92.59,86.92,83.55,81.21,82.37,80.74,75.23,73.37
177,195133,Greenwich Village,New York,NY,New York-Newark-Jersey City,New York,178,88.76,88.58,85.82,84.95,81.59,80.34,76.62,74.16,72.99,70.22,69.15,67.5,66.5,66.61,70.21,72.14,71.81,72.56,72.26,73.88,73.26,73.19,76.09,77.54,75.87,70.23,65.17,66.56,65.75,67.14,65.5,55.99,59.26,62.15,65.25,66.44,65.15,65.03,65.85,66.32,62.58,64.87,63.73,73.36,76.76,73.6,69.97,67.37,71.44,66.99,63.68,62.0,55.33,51.06,44.25,37.31,29.75,27.52,20.79,21.76
179,193974,Coney Island,New York,NY,New York-Newark-Jersey City,Kings,180,60.37,56.63,53.1,54.8,54.66,48.56,38.88,36.04,37.63,42.83,43.69,45.05,43.0,43.29,43.81,43.38,41.1,45.3,49.24,56.99,57.57,56.74,65.01,68.03,64.08,64.12,73.57,71.66,67.88,58.87,55.51,76.52,64.59,62.0,60.64,63.45,65.91,66.82,67.44,68.19,68.6,70.28,75.2,79.35,84.56,90.61,87.02,83.68,85.46,84.47,82.47,86.06,84.61,83.15,80.27,77.01,77.26,78.14,64.42,60.22
187,57348,Kew Gardens Hills,New York,NY,New York-Newark-Jersey City,Queens,188,85.12,85.99,84.88,84.49,85.1,87.19,80.5,74.29,71.48,70.62,71.65,71.35,71.8,70.77,68.48,67.26,68.67,68.0,70.19,75.61,78.21,81.81,81.95,78.81,73.56,68.33,53.05,53.84,55.34,55.31,54.45,61.08,61.87,64.44,65.27,69.03,73.32,73.72,75.14,78.39,84.02,96.9,96.18,96.6,96.27,92.55,94.04,94.82,96.51,96.81,97.09,97.04,94.73,86.93,85.83,87.02,90.06,90.81,87.08,77.95
193,6719,Rego Park,New York,NY,New York-Newark-Jersey City,Queens,194,89.27,86.78,85.53,85.05,86.24,86.39,69.98,60.63,56.39,53.0,54.94,55.24,56.21,53.97,51.13,50.17,49.35,46.86,51.14,55.36,57.87,63.84,61.56,60.88,56.14,57.45,46.88,49.2,50.32,51.6,52.32,63.17,67.47,70.8,75.17,78.85,82.92,83.61,85.7,87.03,88.69,94.76,93.78,93.47,92.29,89.96,90.87,90.59,92.9,92.29,93.3,93.61,90.06,84.28,82.35,81.3,83.68,83.71,82.65,83.62
197,270903,Ocean Parkway,New York,NY,New York-Newark-Jersey City,Kings,198,75.83,75.92,76.24,76.28,75.67,75.57,73.7,74.73,73.44,74.41,74.6,74.73,73.56,70.8,70.4,70.12,70.26,67.56,70.18,70.93,67.78,70.08,71.59,68.96,65.78,64.55,72.41,68.14,66.94,66.42,67.96,87.15,83.77,84.08,84.41,86.57,87.32,86.4,87.68,87.34,87.37,88.48,90.45,91.93,91.65,89.28,88.05,85.61,85.93,82.26,76.48,78.51,76.91,76.57,75.37,76.75,78.36,79.53,78.82,70.97
198,403210,Melrose,New York,NY,New York-Newark-Jersey City,Bronx,199,63.47,67.33,66.4,69.07,75.47,77.47,83.6,78.13,58.8,52.4,50.0,52.4,53.51,52.72,50.93,50.46,50.99,52.31,46.64,53.23,54.62,62.58,61.4,51.52,41.37,44.8,37.58,34.43,43.63,49.01,77.0,93.04,95.01,96.32,98.03,97.11,96.45,96.97,95.39,95.26,94.47,96.18,95.13,96.32,97.24,97.63,97.23,97.89,97.63,97.23,91.57,90.91,81.42,75.36,76.42,68.25,61.26,62.32,72.86,67.46
199,343211,Parkchester,New York,NY,New York-Newark-Jersey City,Bronx,200,75.36,72.5,60.05,52.24,47.8,45.34,39.59,36.8,17.85,21.65,16.93,15.44,15.28,14.09,14.29,14.71,17.14,22.45,29.73,47.96,61.14,66.13,74.13,73.11,68.96,69.88,56.7,66.16,74.89,85.75,86.63,77.87,86.08,88.22,90.92,94.24,94.62,94.92,93.91,92.67,91.82,90.9,88.32,94.23,98.48,99.0,97.72,95.35,95.45,93.79,94.21,96.58,96.01,94.99,93.19,91.69,91.39,94.24,95.66,89.66
202,49994,Woodhaven,New York,NY,New York-Newark-Jersey City,Queens,203,71.33,75.05,82.6,89.32,90.79,91.06,93.99,91.38,89.24,87.66,90.04,88.41,90.98,90.74,88.72,84.49,83.81,82.07,84.21,90.82,93.43,93.63,92.4,89.55,79.7,73.84,83.68,84.48,85.47,87.76,90.3,96.75,97.19,97.86,98.45,98.85,99.25,99.17,98.89,98.49,98.41,98.65,96.95,96.99,96.35,89.06,91.32,91.36,93.54,92.47,88.62,92.55,94.85,90.13,88.46,87.15,93.26,92.86,90.36,84.58
212,270891,Morningside Heights,New York,NY,New York-Newark-Jersey City,New York,213,92.47,93.76,93.97,93.86,92.68,90.25,87.8,85.48,82.99,79.97,77.75,76.24,74.28,71.04,69.03,66.8,70.84,74.15,76.05,80.1,82.27,84.69,89.14,87.56,79.94,77.02,77.39,77.76,79.94,84.8,87.35,76.22,79.74,74.75,76.55,77.71,74.91,76.48,76.96,75.68,73.6,79.16,75.03,81.35,82.4,80.26,78.32,77.38,85.88,84.68,83.06,81.86,77.88,68.86,62.76,52.9,42.57,33.58,28.19,28.24
220,273766,Fort Greene,New York,NY,New York-Newark-Jersey City,Kings,221,87.59,88.15,87.59,86.67,86.56,87.17,88.68,87.86,87.5,86.83,86.78,86.24,84.96,84.23,83.1,83.69,84.0,86.28,87.73,87.3,85.15,82.62,81.76,79.45,78.76,80.08,80.82,79.92,76.17,82.79,83.4,81.95,81.95,83.36,83.03,81.38,81.94,76.85,75.37,77.21,70.6,69.09,70.46,69.47,64.65,61.84,59.04,59.37,65.05,63.35,62.53,64.18,61.54,64.09,58.42,52.38,52.9,55.9,53.68,49.95
221,276060,Whitestone,New York,NY,New York-Newark-Jersey City,Queens,222,78.87,80.46,80.21,81.61,83.17,85.39,78.75,74.62,72.3,71.39,71.48,71.63,72.47,72.15,71.08,66.97,64.58,60.91,66.52,71.76,73.89,74.09,72.76,71.71,68.93,66.36,71.86,72.83,74.78,76.79,74.79,79.75,80.89,79.57,84.29,86.25,90.76,92.04,90.22,88.58,86.78,91.12,89.47,91.96,92.28,90.37,91.32,90.89,93.5,92.31,90.01,90.42,88.12,78.48,76.12,79.43,84.14,85.48,77.24,59.23
235,343225,Wakefield,New York,NY,New York-Newark-Jersey City,Bronx,236,74.89,74.48,70.31,69.85,67.69,64.22,59.16,50.86,46.83,47.38,45.92,47.51,48.82,57.47,61.81,65.39,74.32,83.76,94.86,97.13,97.48,96.01,93.9,90.22,82.25,72.3,60.47,56.17,64.05,65.72,69.16,72.93,77.53,85.73,90.44,93.78,95.75,95.85,95.95,92.46,90.84,90.94,85.72,89.06,93.97,95.74,96.45,96.96,98.38,97.37,96.76,96.86,94.48,94.23,95.29,91.9,89.82,88.71,92.0,69.92
237,343212,Morris Park,New York,NY,New York-Newark-Jersey City,Bronx,238,50.68,50.53,42.45,36.56,33.76,35.12,37.67,37.59,36.99,41.45,43.49,47.66,52.11,61.83,68.0,77.53,81.98,87.35,83.85,81.66,81.1,80.6,82.42,82.14,72.96,65.46,61.63,54.64,56.16,56.83,59.81,88.58,90.1,90.16,91.43,92.89,91.6,91.35,90.26,83.54,82.31,84.79,75.84,79.88,80.78,87.03,87.82,91.43,93.08,86.96,86.11,84.64,72.46,77.29,84.76,88.86,90.09,91.43,90.94,76.56
238,194318,Dyker Heights,New York,NY,New York-Newark-Jersey City,Kings,239,82.6,82.72,81.81,82.44,81.89,81.19,89.55,89.98,90.65,90.14,89.51,87.98,87.19,85.34,86.6,87.6,86.9,87.49,85.78,82.84,79.34,76.71,79.33,81.2,79.22,82.36,95.76,91.8,88.31,86.78,86.0,90.72,86.99,88.25,87.34,87.7,84.72,84.21,90.0,89.84,90.94,91.3,92.17,94.09,93.23,91.81,89.33,89.48,90.2,87.45,80.05,77.96,68.16,60.92,57.91,57.2,63.26,64.48,54.46,44.16
243,275552,St. Albans,New York,NY,New York-Newark-Jersey City,Queens,244,78.02,79.73,79.45,80.39,80.29,80.78,75.35,65.33,57.54,52.66,52.92,52.26,54.35,52.12,49.54,49.37,50.6,51.6,58.14,75.17,85.39,87.98,88.7,88.6,82.15,79.31,83.22,83.12,85.44,87.74,87.46,97.35,97.41,95.6,97.75,98.62,98.76,98.71,97.83,95.82,95.72,98.04,97.35,97.7,97.75,93.3,94.96,93.62,95.83,91.17,84.03,85.29,83.53,72.56,73.79,77.63,83.93,88.73,76.51,50.85
244,25160,Hollis,New York,NY,New York-Newark-Jersey City,Queens,245,77.94,78.8,77.4,78.76,78.02,80.2,77.63,69.12,59.99,58.18,62.48,64.67,68.25,67.42,65.28,61.6,62.68,62.21,72.58,83.93,88.81,90.36,90.77,89.82,79.79,72.55,81.0,78.49,80.82,83.21,84.83,93.45,94.95,94.06,96.48,98.08,98.64,98.87,98.89,98.62,97.82,98.78,96.93,97.05,96.29,88.6,92.0,90.21,92.19,82.52,68.27,67.11,63.42,55.22,50.56,59.65,69.2,75.01,62.89,55.22
248,343210,Throggs Neck,New York,NY,New York-Newark-Jersey City,Bronx,249,45.68,42.77,38.16,39.56,39.36,38.69,36.57,34.71,33.11,37.55,36.86,37.96,40.14,46.09,49.54,51.83,54.72,59.88,68.26,78.97,86.81,86.19,84.32,81.36,73.6,63.41,59.03,58.68,63.58,62.98,62.84,75.52,81.51,84.49,85.64,88.19,89.5,90.62,90.7,86.85,85.9,87.25,79.6,78.99,82.32,84.97,82.64,84.08,89.11,87.84,86.66,86.86,79.82,83.67,84.43,86.38,85.44,84.24,75.17,24.25
275,270848,Greenpoint,New York,NY,New York-Newark-Jersey City,Kings,276,86.04,89.16,91.13,93.51,94.42,94.83,94.58,93.02,91.04,90.22,90.22,88.41,88.52,87.05,85.08,80.61,78.58,79.15,85.38,83.91,83.76,78.6,73.1,77.21,76.21,81.82,88.68,90.58,88.37,86.25,86.17,87.7,85.56,87.01,86.25,84.57,77.26,70.06,70.9,64.55,59.45,60.83,62.28,63.32,61.79,51.0,46.86,49.31,58.91,57.15,50.73,58.1,57.3,59.36,57.07,57.37,58.14,60.96,41.68,22.06
280,403110,Rochdale,New York,NY,New York-Newark-Jersey City,Queens,281,74.99,71.63,68.89,70.66,73.75,76.62,76.88,68.7,68.61,69.76,68.17,68.21,71.71,76.08,74.54,70.08,68.62,64.3,71.58,83.67,90.78,90.82,91.04,89.98,85.22,82.47,85.17,86.62,89.4,92.1,92.01,96.73,96.86,93.51,96.16,97.44,98.01,98.59,98.01,97.57,96.07,98.28,96.11,95.71,95.4,93.5,94.43,91.16,94.03,89.39,82.68,83.65,80.79,62.37,65.5,76.19,83.17,84.41,67.4,38.43
282,276345,Glendale,New York,NY,New York-Newark-Jersey City,Queens,283,81.48,82.5,81.71,84.5,87.99,92.55,94.08,92.31,90.17,89.66,87.7,86.77,86.12,83.93,82.39,80.59,79.93,76.54,84.1,88.68,93.36,92.25,91.78,90.76,83.77,80.19,82.76,79.33,81.37,83.36,82.85,95.37,95.51,92.03,94.35,97.41,97.96,97.27,97.31,96.99,96.75,98.56,98.52,98.52,98.19,95.92,96.8,96.89,97.22,96.33,93.64,93.55,90.39,81.81,77.49,79.77,82.55,85.52,68.07,51.04
296,196338,Middle Village,New York,NY,New York-Newark-Jersey City,Queens,297,86.9,89.44,89.63,90.04,90.23,92.88,94.43,92.87,89.52,89.15,88.26,90.09,90.64,90.6,89.71,89.15,89.58,88.47,92.5,94.78,95.67,94.46,92.79,90.51,85.39,81.63,81.93,82.14,83.48,85.34,83.78,94.16,95.57,94.05,95.93,96.23,96.65,96.65,96.97,96.97,97.06,98.44,97.16,98.29,98.29,89.65,91.83,93.17,96.78,96.2,92.06,92.58,88.55,73.23,60.45,59.98,66.1,68.73,55.1,58.04
301,270855,Homecrest,New York,NY,New York-Newark-Jersey City,Kings,302,71.89,74.85,74.71,76.99,77.87,80.98,79.0,76.56,77.39,76.02,72.61,70.22,66.28,62.77,61.34,58.02,55.55,52.63,52.53,54.93,58.39,67.46,71.39,70.77,68.1,72.49,78.22,79.78,73.13,74.74,69.74,82.56,79.49,78.52,74.8,77.24,78.5,74.79,79.9,81.81,78.9,85.98,82.99,92.29,93.63,93.76,93.76,92.33,91.88,85.78,80.34,77.58,72.92,71.55,72.35,69.17,71.11,71.95,72.59,64.35
308,44302,Briarwood,New York,NY,New York-Newark-Jersey City,Queens,309,81.84,81.09,79.75,81.31,81.87,79.32,73.76,63.01,58.13,58.16,59.79,57.37,57.62,55.07,52.79,50.06,47.73,46.55,45.84,57.25,64.11,61.66,56.9,69.64,57.05,61.79,39.01,43.23,46.68,48.56,46.44,50.72,56.53,60.49,64.44,75.16,78.51,80.2,78.8,84.15,85.0,93.84,93.23,94.08,92.6,83.89,86.43,88.32,91.43,92.19,92.82,92.41,90.22,83.37,82.69,83.55,83.79,84.37,80.77,71.48
313,403226,Bellerose,New York,NY,New York-Newark-Jersey City,Queens,314,87.59,88.62,89.55,90.53,91.43,92.48,90.55,83.49,79.25,77.21,77.63,77.75,79.55,77.55,74.02,69.59,67.31,62.2,65.35,76.24,85.19,88.64,87.69,81.8,70.46,63.84,72.58,72.8,81.42,89.55,90.07,94.01,94.46,92.68,93.56,94.35,95.61,96.36,96.41,96.65,96.52,97.61,96.77,98.74,98.19,93.47,94.1,94.15,94.42,93.72,93.11,93.9,92.74,75.61,69.11,66.83,70.67,71.0,54.05,22.26
319,193476,Brighton Beach,New York,NY,New York-Newark-Jersey City,Kings,320,62.73,64.79,67.43,72.01,75.89,80.52,72.29,70.4,66.61,61.41,61.62,58.9,57.09,58.39,58.62,54.38,52.31,47.4,44.21,43.43,42.74,47.34,47.36,50.93,49.61,52.22,49.56,53.24,53.78,57.9,62.33,70.48,71.3,69.41,67.94,69.79,69.05,68.71,68.33,67.05,67.69,64.36,63.1,70.74,75.61,77.83,75.68,74.27,72.37,70.7,65.52,63.51,56.49,59.43,56.43,55.32,52.78,54.33,51.09,57.18
320,270835,Financial District,New York,NY,New York-Newark-Jersey City,New York,321,91.94,91.2,85.53,84.44,82.93,82.57,87.48,87.97,86.83,86.51,86.28,86.23,83.72,83.72,85.01,82.93,83.02,84.22,85.07,84.55,85.04,83.95,81.82,76.89,70.21,62.33,68.78,74.2,74.47,79.75,76.69,72.33,76.53,80.13,82.34,78.87,72.71,73.31,68.76,62.08,51.3,51.25,42.27,47.84,48.98,45.03,40.13,37.01,43.98,38.84,37.61,40.75,41.86,35.61,32.34,42.94,33.1,27.87,13.65,12.55
335,270797,Auburndale,New York,NY,New York-Newark-Jersey City,Queens,336,86.13,87.24,87.24,88.58,90.52,92.03,92.91,93.03,90.1,88.78,90.5,90.52,91.53,91.45,90.76,89.74,89.97,88.19,93.32,94.26,94.59,93.55,91.35,90.18,84.85,80.42,83.41,82.62,85.86,87.65,87.22,97.49,96.89,96.59,97.87,98.47,98.91,98.83,98.68,98.62,97.76,98.81,97.95,97.95,97.51,89.65,91.85,92.35,96.97,96.41,94.4,94.08,90.87,76.99,72.18,76.18,81.15,82.34,62.45,33.88
336,274285,Laurelton,New York,NY,New York-Newark-Jersey City,Queens,337,66.39,70.89,72.43,77.53,80.97,81.55,78.1,67.89,59.01,60.6,66.66,68.99,71.35,68.89,64.22,57.99,57.09,54.95,62.5,78.42,84.65,82.46,80.11,81.35,75.22,72.55,76.7,79.86,86.38,90.07,90.76,96.76,96.39,95.48,96.05,97.68,98.22,99.17,99.09,97.28,93.5,98.04,93.05,93.57,93.77,88.44,93.05,91.16,96.01,93.16,92.51,89.54,80.03,58.68,60.86,70.0,79.18,79.94,68.49,54.42
340,8731,Fort Hamilton,New York,NY,New York-Newark-Jersey City,Kings,341,83.73,81.62,79.12,78.08,78.65,78.45,71.9,69.89,71.11,69.4,67.65,64.37,62.66,60.96,61.02,60.94,58.27,57.69,58.29,60.45,59.52,62.55,64.37,65.79,60.28,61.96,66.96,70.15,66.11,65.99,64.56,72.33,72.3,76.01,78.41,79.9,81.51,81.69,85.58,88.02,89.48,91.38,90.03,93.66,94.82,93.04,89.69,89.44,89.66,86.55,83.19,83.17,80.66,72.11,69.94,71.44,70.78,72.67,70.96,69.81
347,8349,College Point,New York,NY,New York-Newark-Jersey City,Queens,348,85.26,87.27,86.35,88.18,89.32,90.97,89.26,87.39,85.25,83.5,84.2,84.29,85.61,81.78,79.39,76.66,75.61,72.79,76.89,80.54,84.43,86.85,81.08,80.34,77.38,73.05,79.44,80.92,89.93,92.48,93.22,97.33,96.46,96.63,97.61,97.98,98.02,98.02,97.49,97.2,95.79,96.07,94.0,94.99,96.07,90.55,92.7,93.24,96.72,94.4,90.87,90.25,88.05,81.72,80.39,82.42,83.8,86.5,73.86,57.29
359,21970,Howard Beach,New York,NY,New York-Newark-Jersey City,Queens,360,54.79,62.28,63.92,65.04,63.28,62.75,50.33,40.9,39.57,40.49,43.74,49.2,52.83,49.77,46.13,45.02,46.07,46.18,52.24,61.25,65.55,66.76,63.17,58.62,55.25,55.4,51.5,53.89,59.29,60.96,63.19,77.18,78.49,74.67,78.69,86.28,87.79,86.65,85.85,83.55,81.76,88.31,84.17,87.04,88.1,84.27,87.5,87.07,90.58,86.26,80.72,80.56,76.96,66.07,61.96,62.68,68.57,71.38,58.96,48.88
360,403206,Flatiron District,New York,NY,New York-Newark-Jersey City,New York,361,92.07,91.25,89.53,89.82,87.78,87.31,81.75,80.24,79.77,79.52,79.24,77.88,77.83,78.91,78.71,76.95,77.63,77.02,76.93,76.07,75.14,75.28,77.57,77.77,75.42,67.46,68.68,67.78,67.4,72.33,65.54,64.24,68.45,68.77,69.61,68.05,62.48,62.72,61.36,61.64,57.43,58.49,55.16,60.67,63.02,58.52,58.69,57.36,60.97,59.02,58.94,56.82,52.41,46.43,40.75,34.74,28.87,24.48,18.39,17.63
362,275247,Rosedale,New York,NY,New York-Newark-Jersey City,Queens,363,91.37,89.58,85.94,82.68,80.57,81.71,70.57,54.2,43.39,44.04,44.43,43.26,46.81,46.03,44.01,40.5,42.36,39.88,51.02,72.62,79.71,76.98,73.63,70.05,63.54,59.97,71.63,71.15,78.69,82.6,84.55,94.44,94.79,94.21,94.57,94.76,95.77,96.68,96.48,94.63,95.31,97.75,94.27,95.01,94.17,83.15,85.89,86.61,92.99,88.37,85.73,85.14,82.31,70.25,67.12,75.5,84.33,83.68,70.16,41.95
367,270881,Marine Park,New York,NY,New York-Newark-Jersey City,Kings,368,46.76,48.19,48.63,52.87,55.96,56.24,54.72,56.07,59.97,63.92,63.3,61.84,57.4,54.0,53.88,51.21,48.3,47.85,47.76,48.89,45.37,50.95,54.35,66.24,77.54,82.37,89.71,89.93,87.64,86.44,85.86,89.97,88.42,88.84,91.23,92.4,92.14,93.1,94.28,94.88,93.1,92.53,92.93,94.04,94.8,91.79,88.9,86.53,85.37,81.34,80.01,79.64,74.81,76.49,70.69,73.23,79.32,78.45,73.27,57.49
370,270908,Pelham Gardens,New York,NY,New York-Newark-Jersey City,Bronx,371,64.69,58.82,53.56,53.37,52.83,52.85,53.91,52.76,48.88,50.85,50.16,50.25,49.25,53.04,56.05,55.6,58.79,61.4,70.96,82.19,87.4,87.95,84.61,82.41,75.51,72.94,64.63,65.54,71.07,71.98,69.93,81.16,84.27,87.33,92.32,94.33,92.27,91.63,90.58,85.8,83.41,84.33,77.31,77.84,79.07,81.13,78.48,80.68,85.13,74.3,68.33,67.19,60.95,65.67,73.2,77.24,77.78,78.56,77.05,53.65
377,270815,Clinton Hill,New York,NY,New York-Newark-Jersey City,Kings,378,87.36,87.57,86.57,87.57,89.15,90.68,87.48,85.31,83.24,80.05,78.14,78.61,78.44,77.76,79.13,79.81,80.08,81.47,85.4,90.81,92.87,93.52,91.85,93.31,90.23,88.99,91.33,87.66,83.66,80.13,78.08,80.65,78.17,78.75,74.93,71.3,63.07,60.31,60.75,58.88,57.15,62.57,64.44,72.55,81.64,78.57,76.85,77.47,80.22,79.68,76.58,79.45,77.83,75.85,72.65,69.18,66.54,60.93,46.16,32.78
383,273478,Douglaston-Little Neck,New York,NY,New York-Newark-Jersey City,Queens,384,76.16,77.28,77.78,78.99,79.76,81.0,70.38,64.46,58.84,57.55,58.57,60.08,60.72,59.99,57.82,55.06,54.04,50.45,54.2,61.26,66.5,67.46,64.81,64.37,60.81,58.29,65.99,66.96,70.22,72.39,73.29,80.22,82.62,75.03,81.08,85.33,91.96,93.36,93.36,91.92,90.43,92.92,88.67,88.83,88.38,85.99,86.85,86.99,91.69,90.44,86.83,86.51,82.14,67.65,63.82,67.06,71.18,73.65,56.28,47.54
384,270907,Pelham Bay,New York,NY,New York-Newark-Jersey City,Bronx,385,43.5,40.89,33.99,31.54,28.92,26.39,30.09,32.24,37.83,44.61,50.44,52.91,60.93,72.25,80.06,84.68,87.83,91.75,95.23,95.93,96.24,93.11,91.07,85.6,77.64,66.88,64.46,63.92,69.67,69.98,70.06,82.29,85.41,88.61,90.64,91.81,90.94,91.45,91.52,87.89,88.81,89.92,80.22,84.69,84.44,84.57,80.0,83.32,86.31,69.3,67.48,57.75,48.73,55.01,61.04,64.04,73.29,78.5,82.19,53.51
386,195087,Great Kills,New York,NY,New York-Newark-Jersey City,Richmond,387,66.08,67.77,68.59,69.02,70.91,72.47,69.02,65.55,62.57,58.75,56.59,54.81,54.24,54.7,53.38,49.88,48.54,52.77,62.69,66.25,62.46,60.03,63.0,66.43,66.2,66.49,71.68,69.06,69.48,72.31,70.39,85.04,87.78,87.43,91.01,92.97,91.97,91.45,91.69,93.17,96.71,97.43,96.49,96.95,98.41,98.97,98.89,98.76,98.98,98.76,98.34,97.76,95.51,94.72,91.8,89.94,87.07,81.96,81.9,59.54
402,4819,Fresh Meadows,New York,NY,New York-Newark-Jersey City,Queens,403,83.43,87.41,90.63,93.2,94.27,95.3,92.47,88.32,85.11,83.18,82.92,82.29,83.67,82.29,81.02,77.18,76.78,75.56,84.31,88.76,91.34,92.83,92.74,92.63,88.1,83.56,86.06,86.57,88.29,90.2,91.2,94.51,94.26,91.09,92.71,94.31,96.17,97.29,97.83,97.17,95.88,97.77,95.2,96.17,95.83,93.11,95.02,94.2,96.68,95.6,93.34,92.39,87.93,74.89,70.63,73.23,80.33,83.76,60.02,33.06
409,274676,Kew Gardens,New York,NY,New York-Newark-Jersey City,Queens,410,80.12,84.17,85.51,86.64,87.59,86.4,73.95,63.85,59.82,57.3,59.85,58.4,58.73,57.41,54.88,55.38,54.43,51.3,47.29,48.99,51.85,56.24,56.3,60.4,57.93,60.39,40.22,41.37,44.38,51.01,52.75,60.23,63.72,50.78,55.52,69.21,69.11,74.45,74.27,73.91,72.02,78.75,83.17,88.17,90.34,88.59,91.59,92.87,94.18,93.46,93.15,93.85,91.48,87.36,88.68,88.32,89.3,87.58,76.44,59.61
415,26254,Oakland Gardens,New York,NY,New York-Newark-Jersey City,Queens,416,85.9,84.7,85.87,86.89,87.86,88.45,74.32,65.5,61.47,58.03,57.54,55.46,56.65,55.71,53.2,48.8,47.79,44.92,46.42,53.24,57.86,63.56,62.51,60.79,50.73,47.35,53.36,52.12,60.85,64.12,68.86,75.11,76.0,75.26,78.48,81.77,87.0,90.81,93.03,92.44,91.45,94.39,92.08,92.02,90.12,84.71,86.77,86.13,91.22,89.58,88.33,88.34,86.49,63.64,56.0,53.86,58.26,58.27,49.26,44.52
417,273653,Eltingville,New York,NY,New York-Newark-Jersey City,Richmond,418,63.01,63.22,64.33,67.56,71.58,73.04,70.17,66.39,64.43,60.75,58.34,57.44,55.61,57.39,56.6,51.28,48.4,51.92,61.9,66.64,62.35,60.79,61.92,63.76,63.51,66.05,69.41,68.18,66.08,69.37,66.98,83.56,85.59,86.62,92.31,94.46,94.7,94.32,94.74,95.83,97.39,97.79,96.3,95.93,97.12,97.46,97.41,97.43,96.84,96.66,96.35,96.13,94.56,92.84,90.65,91.18,88.57,84.89,84.73,55.01
428,270964,West Village,New York,NY,New York-Newark-Jersey City,New York,429,92.74,93.3,92.35,91.77,87.77,85.51,82.31,78.6,75.18,73.04,71.93,70.4,69.59,66.99,65.13,63.77,61.8,62.85,61.64,61.18,65.18,64.58,68.44,70.68,66.93,63.96,62.58,67.51,68.2,70.54,66.25,66.16,64.25,68.8,72.53,72.92,67.74,66.14,67.99,64.76,59.62,61.34,56.84,62.9,64.53,60.43,58.46,55.41,58.07,53.15,47.58,46.56,42.59,37.49,34.79,31.18,24.93,23.51,21.16,20.04
439,403122,Brooklyn Heights,New York,NY,New York-Newark-Jersey City,New York,440,76.64,75.46,75.94,75.84,74.74,74.16,71.95,71.74,71.86,73.13,74.3,76.35,77.46,78.54,79.35,79.96,81.76,82.5,83.69,82.85,80.21,76.65,72.79,68.95,68.32,68.8,65.91,66.4,64.1,65.94,63.91,69.87,64.45,68.15,65.13,65.95,62.5,59.19,60.04,63.33,61.41,61.93,69.55,78.02,78.02,76.29,77.58,77.67,79.84,79.21,75.29,75.78,67.73,65.89,61.33,51.55,58.5,58.66,52.34,54.94
460,270946,Sutton Place,New York,NY,New York-Newark-Jersey City,New York,461,87.47,88.58,89.14,88.69,86.76,84.86,74.91,71.87,70.28,69.21,67.78,67.25,66.41,66.76,66.36,65.75,64.94,64.47,62.41,61.55,65.47,68.02,73.28,70.44,60.09,52.02,52.09,55.62,57.98,63.88,61.39,59.31,67.58,66.57,75.87,78.6,74.51,77.14,77.07,74.21,75.59,80.06,73.76,81.37,83.66,80.91,77.27,74.98,81.53,80.26,76.74,77.51,68.45,60.29,54.45,38.82,33.31,27.86,23.49,22.56
472,270853,Heartland Village,New York,NY,New York-Newark-Jersey City,Richmond,473,65.25,66.79,69.55,69.05,71.47,71.99,69.72,66.43,63.59,61.57,59.89,56.96,53.27,53.53,50.87,47.22,45.25,49.08,60.6,66.47,63.13,58.19,63.42,70.81,71.32,72.69,80.72,76.96,77.96,82.44,81.32,86.54,89.26,89.49,91.69,94.11,92.69,92.69,94.25,95.29,97.97,98.58,98.09,97.37,98.76,99.16,99.12,98.92,99.28,99.06,98.33,97.27,95.71,93.78,92.2,90.99,86.4,82.51,86.04,70.64
478,270812,Castle Hill,New York,NY,New York-Newark-Jersey City,Bronx,479,58.67,64.8,64.63,64.46,63.61,69.05,67.29,66.44,60.31,58.43,58.94,57.75,58.6,62.35,59.97,63.54,69.17,74.96,83.45,91.13,94.37,92.66,91.13,88.74,83.79,79.01,69.52,66.27,70.89,75.34,73.12,76.67,79.93,84.73,94.85,98.46,98.8,98.11,95.86,87.76,87.93,86.9,80.69,88.97,89.31,91.38,92.07,91.55,95.17,93.45,91.55,93.1,86.9,86.03,84.14,78.62,86.38,86.72,80.34,34.31
486,403203,West Brighton,New York,NY,New York-Newark-Jersey City,Richmond,487,48.0,53.09,57.8,62.44,66.52,67.95,70.88,70.34,73.56,73.36,72.47,73.24,72.38,71.53,70.96,70.44,66.73,64.89,57.73,58.98,54.04,48.94,48.38,49.23,50.6,54.88,67.68,66.96,69.19,71.71,75.82,85.85,85.13,87.13,87.98,86.82,86.28,84.92,84.53,88.0,90.16,90.39,89.26,91.21,93.81,95.48,97.28,96.97,97.2,97.07,96.27,93.78,91.86,89.55,89.96,89.42,81.09,71.9,60.34,42.2
488,275518,Springfield Gardens,New York,NY,New York-Newark-Jersey City,Queens,489,59.7,56.98,48.14,51.63,56.63,65.23,63.26,54.07,48.14,48.37,51.05,55.58,62.11,65.93,68.6,65.93,63.73,60.02,68.6,82.97,88.98,88.88,86.79,84.13,77.64,69.52,78.45,80.65,81.46,84.24,85.4,96.87,97.8,95.6,97.1,97.22,97.45,97.45,97.22,96.75,95.25,96.75,93.62,94.9,95.01,88.4,86.54,79.58,81.09,83.76,76.1,77.26,68.56,55.68,55.22,64.85,75.64,76.57,69.72,55.92
498,270969,Wingate,New York,NY,New York-Newark-Jersey City,Kings,499,77.02,73.01,71.33,68.55,68.07,68.67,76.0,78.05,82.87,87.58,90.47,89.51,90.59,90.83,95.28,95.17,93.73,92.4,92.88,83.82,83.57,81.16,80.05,80.41,74.33,70.62,77.88,68.13,65.16,62.19,62.31,90.48,93.45,93.33,88.93,91.43,87.47,90.31,89.94,88.01,85.37,79.02,80.22,86.81,90.17,90.29,92.57,93.29,94.62,91.63,84.09,84.09,82.66,84.09,79.67,69.62,64.95,60.22,46.83,39.67
499,270951,Tribeca,New York,NY,New York-Newark-Jersey City,New York,500,92.51,92.05,88.83,88.53,85.52,84.03,82.15,80.43,80.29,80.06,79.26,77.02,76.45,75.05,74.68,72.62,72.38,71.91,70.01,66.55,65.14,66.09,68.23,68.13,65.49,63.17,61.66,71.38,71.97,77.92,74.08,69.7,73.17,77.68,79.43,80.06,73.54,71.67,66.97,60.94,52.59,56.79,49.62,54.96,55.47,49.61,46.2,43.58,49.67,45.36,44.52,43.27,40.21,35.83,34.27,35.32,30.65,29.05,18.02,14.82
514,270846,Gowanus,New York,NY,New York-Newark-Jersey City,Kings,515,89.49,92.8,91.89,91.31,91.77,91.54,96.2,96.43,94.7,93.32,87.9,83.74,81.59,78.83,75.58,73.22,76.9,80.02,79.77,74.38,82.23,85.83,89.24,90.49,88.0,85.91,84.19,85.22,80.18,77.89,76.75,77.14,77.14,81.37,80.11,80.0,74.37,66.13,66.74,64.56,65.48,65.25,70.79,69.76,68.16,62.2,60.82,61.74,72.2,65.79,60.46,60.91,54.97,52.8,47.6,48.97,50.86,57.13,47.09,35.58
546,270953,Turtle Bay,New York,NY,New York-Newark-Jersey City,New York,547,87.01,88.68,87.06,85.95,83.4,82.25,81.28,80.78,80.13,79.18,77.54,77.98,77.67,77.87,78.84,78.44,78.95,79.32,78.18,76.7,76.97,76.28,79.77,77.5,63.72,53.23,55.03,62.68,60.97,65.14,62.27,63.33,65.68,67.68,68.66,70.77,66.96,68.52,66.19,64.95,57.28,62.2,57.18,69.33,74.74,70.96,70.82,69.19,76.2,71.84,69.53,67.23,64.86,60.0,56.11,46.54,41.1,35.43,31.01,27.09
562,403220,Prospect Heights,New York,NY,New York-Newark-Jersey City,Kings,563,85.38,85.22,85.81,84.63,85.7,87.09,85.68,85.09,85.42,84.4,82.9,82.09,80.64,80.25,80.44,80.63,80.77,81.09,83.32,84.99,83.59,83.26,84.1,83.29,81.11,83.04,78.78,73.45,70.88,70.06,63.91,77.84,76.58,75.32,77.99,77.84,70.69,68.41,62.54,63.93,65.35,74.73,80.5,78.4,81.09,73.7,73.8,75.66,78.36,75.09,72.87,75.33,73.24,66.99,56.59,46.8,43.17,43.61,30.52,23.21
604,273903,Greenwood,New York,NY,New York-Newark-Jersey City,Kings,605,88.75,88.4,88.05,89.37,89.95,90.41,90.86,90.28,87.73,85.76,78.94,72.7,68.23,66.45,64.39,61.41,62.18,62.89,69.99,71.95,72.71,78.27,79.66,84.36,86.6,86.77,87.15,88.16,85.92,81.06,80.5,69.28,68.61,71.29,66.54,62.67,60.53,63.73,72.87,74.83,70.96,70.51,70.67,70.06,68.03,63.43,64.55,70.06,70.8,63.73,54.52,53.12,49.92,56.6,54.63,55.47,56.57,57.74,52.24,35.47
610,343223,Baychester,New York,NY,New York-Newark-Jersey City,Bronx,611,47.71,55.2,55.04,54.2,53.04,53.79,41.55,37.39,30.72,34.05,34.8,36.64,37.3,38.72,45.46,49.79,55.7,61.28,78.68,89.43,92.42,93.76,94.17,91.25,80.42,70.25,60.58,60.67,67.58,69.92,71.92,75.71,79.05,81.14,88.4,92.24,95.24,94.74,92.48,80.2,78.45,80.79,67.87,77.82,81.84,85.61,85.77,84.69,84.85,83.6,88.38,78.18,77.26,83.7,92.31,92.73,92.31,93.9,88.46,62.04
613,270885,Midtown,New York,NY,New York-Newark-Jersey City,New York,614,87.04,86.59,85.02,86.25,84.81,84.81,81.61,77.99,74.68,72.9,70.18,69.64,66.07,66.79,66.16,64.6,65.42,65.28,68.19,74.35,75.17,75.16,75.91,75.1,69.19,63.36,57.87,61.14,65.45,72.16,66.51,66.52,72.52,76.07,79.74,75.32,71.81,68.2,61.16,54.56,47.18,48.26,40.31,47.08,50.64,47.04,44.54,41.12,44.2,41.74,42.2,41.37,34.67,30.36,27.7,29.76,23.67,21.57,15.52,10.51
621,197303,Port Richmond,New York,NY,New York-Newark-Jersey City,Richmond,622,73.46,73.64,72.2,72.45,70.67,70.57,66.96,59.6,56.65,58.9,55.45,57.75,56.69,56.88,56.72,57.79,59.0,62.59,65.74,67.52,65.88,64.1,65.24,61.38,57.58,55.82,71.95,68.28,66.38,69.1,69.73,81.3,84.97,87.51,90.81,92.89,93.25,93.48,94.79,96.24,97.92,97.6,97.33,97.78,98.19,98.41,98.05,97.69,97.55,96.92,96.01,96.01,93.21,89.18,89.72,89.86,83.47,76.63,67.53,41.3
644,343218,Spuyten Duyvil,New York,NY,New York-Newark-Jersey City,Bronx,645,47.36,46.37,50.17,49.67,47.69,53.14,46.41,50.25,46.08,47.08,49.08,54.68,57.5,61.6,64.94,70.94,66.49,61.87,61.5,59.61,51.05,49.63,56.23,58.86,60.37,59.5,59.81,59.18,65.51,60.97,70.25,74.42,73.26,74.0,86.84,89.58,88.72,95.78,95.67,94.4,93.56,92.82,90.29,88.16,87.0,86.14,84.46,84.02,80.32,76.83,76.3,77.57,67.51,63.0,70.72,63.85,56.24,58.61,62.97,68.35
649,270952,Tudor City,New York,NY,New York-Newark-Jersey City,New York,650,93.7,94.3,92.66,91.19,90.14,87.13,83.82,81.69,79.74,79.87,78.39,78.48,77.34,76.23,75.56,73.84,75.46,76.1,77.92,78.45,77.81,78.78,79.49,82.18,78.69,76.7,69.51,77.92,80.2,86.76,83.78,60.57,65.81,66.21,66.79,71.07,71.75,71.93,74.74,75.86,64.65,68.36,58.97,65.98,66.85,58.76,57.77,58.33,66.05,64.29,66.63,64.21,64.01,59.71,61.58,59.03,48.34,40.84,39.04,35.94
671,270968,Windsor Terrace,New York,NY,New York-Newark-Jersey City,Kings,672,94.26,93.35,93.85,93.35,92.54,92.84,80.51,72.42,68.08,65.25,60.71,60.61,55.15,55.51,54.4,53.39,54.96,58.77,66.57,69.78,74.9,78.25,82.43,80.27,79.92,81.2,77.51,81.31,77.32,78.75,73.34,79.2,76.83,75.12,73.31,76.45,66.32,57.09,59.77,59.49,59.49,55.39,57.48,60.11,69.94,75.07,80.04,79.94,74.21,70.13,70.99,71.76,69.08,69.94,70.64,72.07,71.97,73.69,64.25,53.29
681,50348,Cambria Heights,New York,NY,New York-Newark-Jersey City,Queens,682,82.8,80.06,80.6,83.05,83.93,84.95,78.32,70.71,60.67,55.35,59.27,61.18,61.21,60.44,56.41,52.42,53.39,53.88,63.09,75.48,85.79,87.67,85.79,86.19,76.98,73.62,77.95,80.13,84.18,87.57,89.63,99.06,98.85,97.1,98.36,98.6,98.42,97.69,96.27,93.66,94.68,97.91,96.94,97.5,98.66,96.19,97.42,95.76,97.69,93.69,92.86,93.9,85.95,61.05,61.05,69.46,80.93,75.02,72.17,76.74
704,270810,Carnegie Hill,New York,NY,New York-Newark-Jersey City,New York,705,81.01,80.55,78.84,79.72,76.75,75.29,65.01,62.15,60.5,58.93,57.4,61.82,64.48,65.85,66.39,65.76,65.93,67.38,67.09,67.67,70.62,71.46,75.03,71.24,56.79,46.02,47.24,49.49,46.26,48.97,40.06,48.86,55.53,62.47,66.61,68.23,68.83,68.92,68.88,69.94,71.17,73.67,78.8,83.91,83.85,78.6,73.52,69.26,67.34,61.52,58.46,53.65,42.45,34.56,25.13,24.31,21.88,19.91,17.73,17.56
734,35961,Rockaway Park,New York,NY,New York-Newark-Jersey City,Queens,735,44.96,44.37,43.03,44.02,44.61,43.82,38.55,43.81,46.18,42.22,45.0,49.65,51.14,52.72,51.98,51.14,50.89,46.59,47.93,45.67,50.74,55.34,50.69,50.89,52.51,57.14,46.37,50.88,55.4,61.79,67.09,81.61,80.33,67.94,72.66,74.73,78.86,81.02,76.11,72.96,81.02,90.36,92.33,94.3,94.89,87.91,91.74,91.45,92.92,92.53,89.77,90.27,86.71,79.55,79.15,79.17,80.94,72.1,67.39,74.75
740,403228,Hillcrest,New York,NY,New York-Newark-Jersey City,Queens,741,85.08,85.51,84.24,85.41,87.25,86.96,83.29,79.0,76.93,75.0,76.13,76.55,80.46,81.25,82.34,81.72,83.18,84.46,91.76,95.9,95.85,96.09,96.7,96.32,94.67,89.02,89.96,89.35,90.06,89.3,90.76,97.17,97.17,94.63,96.09,97.55,98.3,97.92,97.22,97.4,96.03,96.65,95.79,96.98,97.16,92.96,97.02,97.35,98.16,97.68,96.17,95.6,90.45,79.91,74.1,79.82,80.91,80.86,61.01,34.92
748,272785,Arden Heights,New York,NY,New York-Newark-Jersey City,Richmond,749,70.13,74.43,78.02,81.12,83.0,83.15,79.82,74.17,70.49,67.5,65.95,62.24,56.4,54.18,52.59,49.12,47.79,51.63,60.02,63.82,61.2,57.98,57.21,63.22,65.58,69.13,75.18,71.41,70.28,74.58,72.82,84.8,86.78,85.58,92.1,94.47,93.48,91.86,93.12,95.78,98.24,98.44,97.61,97.22,98.35,98.71,98.38,98.08,99.13,99.25,99.25,98.86,97.58,92.79,90.55,92.19,89.47,83.46,87.86,70.69
762,32192,Jamaica Estates,New York,NY,New York-Newark-Jersey City,Queens,763,92.55,91.98,89.18,89.8,90.89,91.94,86.87,77.49,73.17,70.2,70.86,67.89,69.43,70.34,69.21,66.9,66.35,65.02,70.93,73.61,74.6,70.51,70.17,71.35,67.25,62.41,58.41,62.26,69.09,76.57,80.46,81.96,81.39,77.37,83.47,88.71,89.14,89.66,86.7,90.12,86.36,89.83,85.45,86.44,83.11,77.48,79.3,78.43,85.41,86.1,86.18,80.89,72.89,63.33,61.6,65.89,75.06,77.92,60.49,48.85
767,270811,Carroll Gardens,New York,NY,New York-Newark-Jersey City,Kings,768,84.78,86.38,87.76,86.38,87.87,88.79,91.16,91.04,89.78,89.09,84.27,80.73,77.55,75.74,75.2,74.58,77.56,80.22,82.76,81.76,81.49,80.67,84.28,85.1,87.14,87.41,88.77,88.77,86.57,84.99,79.43,75.55,72.29,72.71,67.44,68.6,64.9,61.73,67.3,70.05,71.22,74.29,75.13,73.44,72.17,70.66,70.55,68.11,72.3,67.76,61.25,61.77,54.49,53.64,44.99,41.94,46.47,49.84,39.3,31.72
770,270857,Hunters Point,New York,NY,New York-Newark-Jersey City,Queens,771,89.55,92.55,90.83,90.0,90.32,92.82,76.41,70.4,64.68,64.12,66.08,68.36,66.7,67.39,59.49,44.58,33.73,21.06,29.43,29.69,29.61,24.78,22.23,22.05,22.95,25.14,35.98,37.91,47.32,49.68,62.39,81.08,87.53,86.97,92.43,83.44,79.84,71.18,70.34,71.91,70.55,67.45,67.09,71.24,66.38,87.26,89.56,89.77,95.43,95.52,93.87,95.05,93.57,90.79,86.54,81.37,80.57,80.83,36.73,26.02
792,270861,Jamaica Hills,New York,NY,New York-Newark-Jersey City,Queens,793,90.15,89.11,84.13,82.57,84.02,83.61,79.25,71.16,67.43,69.29,72.41,73.55,75.0,74.48,71.44,68.36,67.84,67.43,72.02,76.54,79.12,77.78,72.84,74.28,68.52,67.66,74.57,74.67,75.89,77.01,76.91,82.18,81.98,78.72,74.64,84.93,85.2,86.44,85.19,94.38,97.34,97.24,97.34,96.83,95.1,90.8,93.05,92.33,93.55,92.85,92.14,90.51,86.53,76.73,68.57,77.35,81.43,83.37,72.96,51.53
799,343219,Riverdale,New York,NY,New York-Newark-Jersey City,Bronx,800,52.06,50.07,48.87,48.87,51.26,45.94,62.0,75.47,74.27,77.73,77.2,79.87,80.11,79.97,77.7,77.01,71.5,71.43,65.74,60.51,51.5,42.84,39.93,41.54,43.66,46.17,52.6,57.08,57.39,50.05,55.15,56.27,63.71,64.63,72.78,80.94,87.21,94.88,95.59,94.77,94.16,90.47,84.73,84.02,84.24,83.93,83.21,80.45,81.86,78.28,76.13,73.57,69.16,67.86,68.95,65.51,60.22,62.78,64.21,53.17
822,55801,Glen Oaks,New York,NY,New York-Newark-Jersey City,Queens,823,80.27,80.82,78.62,80.58,84.09,86.6,50.95,42.27,39.21,39.67,39.84,40.02,40.28,39.58,36.26,32.56,30.57,29.14,34.17,40.3,53.09,60.96,62.04,61.71,59.25,61.63,77.3,77.71,86.74,89.46,96.22,95.4,96.48,93.34,97.58,97.84,98.35,98.59,98.53,98.33,97.73,98.07,97.74,97.45,97.3,95.24,95.01,95.34,95.31,95.21,95.16,95.83,95.63,50.03,28.66,19.73,21.25,18.17,15.59,11.83
829,193555,Bulls Head,New York,NY,New York-Newark-Jersey City,Richmond,830,64.91,70.66,72.2,73.16,75.61,77.58,81.58,81.9,80.99,77.26,72.9,72.58,70.59,67.61,65.82,61.72,61.17,63.97,66.03,65.18,63.31,60.81,61.71,64.16,68.1,73.21,81.17,74.01,71.65,72.65,70.45,89.44,93.36,92.68,95.09,95.97,95.4,94.2,94.46,94.72,95.76,95.97,95.5,96.23,97.85,98.12,99.06,99.16,99.58,99.63,99.58,98.64,98.01,95.18,91.88,91.73,86.54,79.49,79.85,58.5
845,10007,Arverne,New York,NY,New York-Newark-Jersey City,Queens,846,56.03,60.12,50.39,37.74,34.44,29.77,40.55,41.91,45.42,55.36,56.73,57.7,57.0,53.7,54.67,59.92,61.09,66.73,57.78,51.75,54.67,39.49,32.3,26.07,26.85,31.91,40.89,50.39,63.95,80.81,85.47,87.21,86.05,84.3,87.02,91.09,95.16,95.16,92.25,92.25,92.44,96.71,94.57,96.12,92.05,90.31,92.05,95.54,93.99,86.63,89.53,89.73,90.31,73.45,65.31,57.56,70.35,70.93,50.97,19.77
847,196213,Mariner's Harbor,New York,NY,New York-Newark-Jersey City,Richmond,848,68.69,72.52,75.98,75.72,76.04,76.5,81.33,77.54,76.92,75.83,73.39,73.6,66.68,63.55,62.21,60.72,59.69,61.29,61.0,65.96,68.17,70.23,72.94,70.68,61.06,59.25,76.76,76.56,78.4,78.24,78.19,90.5,93.0,93.31,95.45,96.73,96.83,96.22,95.71,96.42,98.16,98.36,97.45,96.99,97.55,97.8,97.8,97.5,98.21,98.36,97.55,97.5,95.2,91.72,90.76,90.85,82.84,70.41,68.85,45.35
855,403225,Floral park,New York,NY,New York-Newark-Jersey City,Queens,856,84.59,88.01,89.1,90.54,90.63,91.1,89.1,83.74,81.82,78.37,81.76,82.03,83.91,82.76,80.73,77.99,75.98,73.59,76.73,83.76,86.63,86.54,82.65,77.76,69.12,56.53,64.36,61.53,66.58,73.93,74.8,84.84,85.19,79.18,80.2,84.22,89.24,91.98,92.13,92.16,92.88,94.49,92.42,94.66,94.58,92.48,93.23,92.21,94.69,93.35,91.25,89.33,88.78,77.29,74.58,73.0,78.31,76.41,61.11,35.63
867,403136,Emerson Hill,New York,NY,New York-Newark-Jersey City,Richmond,868,66.83,70.71,73.91,76.63,78.53,78.23,77.5,73.23,69.78,66.88,64.46,63.43,61.18,62.13,60.66,58.33,57.56,60.94,68.21,74.84,75.62,75.4,76.91,78.0,74.98,71.29,76.78,74.59,72.66,74.38,73.86,84.09,86.07,85.38,87.96,88.39,89.42,90.66,91.09,91.87,94.79,95.35,94.06,93.98,96.26,97.37,97.33,97.24,97.85,96.73,95.99,94.49,87.77,83.59,83.94,83.68,80.58,79.33,77.05,55.08
878,403202,St. George,New York,NY,New York-Newark-Jersey City,Richmond,879,36.83,41.14,42.51,42.41,43.79,45.78,47.06,44.81,46.19,43.94,47.58,49.31,50.43,52.14,56.72,56.21,54.22,52.23,52.15,55.94,50.95,51.38,51.38,55.79,75.04,73.04,92.59,86.84,91.68,92.59,96.37,95.91,96.36,96.06,96.67,95.15,96.21,95.44,92.86,92.86,90.88,91.64,87.84,89.48,93.14,93.61,94.53,95.9,91.49,90.87,90.73,89.67,90.58,86.63,85.87,84.47,78.08,75.42,74.24,43.33
892,270800,Bay Terrace,New York,NY,New York-Newark-Jersey City,Queens,893,68.29,68.96,68.52,70.17,70.37,70.05,40.43,35.09,32.02,33.56,36.42,37.37,39.02,40.02,40.9,38.87,38.4,36.01,37.87,37.1,39.29,38.98,37.32,40.22,39.64,37.76,31.17,30.91,31.32,32.39,37.21,46.35,67.54,67.76,70.49,74.13,83.8,85.61,84.13,75.33,74.28,95.83,94.03,94.25,90.27,87.72,86.32,86.94,91.58,88.67,90.18,91.65,89.82,83.92,85.77,88.2,91.45,91.96,87.35,83.81
901,270900,North Riverdale,New York,NY,New York-Newark-Jersey City,Bronx,902,69.68,67.18,64.99,59.82,54.65,51.68,51.42,52.2,49.87,53.89,60.36,62.44,67.23,69.91,73.54,78.21,79.98,75.75,71.99,75.06,74.83,67.75,63.57,62.99,61.2,57.94,59.42,56.34,60.49,65.5,70.61,85.17,86.13,88.05,90.5,89.75,89.3,90.7,93.58,92.62,91.87,92.09,87.59,81.28,78.07,75.94,73.8,73.58,78.95,71.26,66.88,67.63,57.59,54.06,59.83,60.58,60.04,57.05,74.15,78.53
902,272994,Boerum Hill,New York,NY,New York-Newark-Jersey City,Kings,903,87.96,86.87,86.28,84.29,84.78,85.49,88.51,86.44,84.46,81.58,77.72,75.15,73.39,74.88,76.14,76.4,78.69,80.98,86.5,87.54,88.17,85.94,86.13,88.95,88.17,83.87,89.56,86.3,83.97,81.36,79.68,74.74,72.59,76.43,72.97,74.84,71.54,70.51,72.47,72.38,70.69,70.76,73.76,71.51,69.73,64.33,65.54,66.1,71.09,67.73,60.06,59.4,52.8,54.54,51.82,45.85,49.53,53.68,45.85,31.5
937,196875,Oakwood,New York,NY,New York-Newark-Jersey City,Richmond,938,59.53,62.62,60.12,57.65,58.46,57.17,52.71,50.53,47.22,45.42,44.46,44.09,41.38,40.38,39.61,37.92,37.73,43.03,53.49,59.41,56.68,57.12,60.24,64.03,65.88,66.23,69.87,65.71,67.2,69.61,67.76,82.0,85.72,86.09,90.41,92.19,90.41,89.66,89.88,92.93,97.95,98.25,97.17,97.1,97.62,98.77,98.96,98.7,99.37,99.37,98.85,96.35,90.77,87.12,85.9,87.23,86.56,83.14,82.55,64.94
945,20239,Roosevelt Island,New York,NY,New York-Newark-Jersey City,New York,946,85.21,84.26,85.06,84.74,85.21,85.69,92.69,91.73,91.41,88.87,90.62,87.28,82.19,83.31,82.67,74.33,72.11,73.69,75.79,78.14,75.0,87.42,77.83,89.47,81.13,74.61,94.36,96.24,94.83,96.55,97.34,95.61,96.71,93.89,96.08,95.77,82.6,79.91,67.97,77.43,66.3,62.07,53.29,48.75,75.08,77.27,49.22,48.59,65.99,68.6,66.56,65.05,46.71,48.43,44.83,22.1,18.03,11.13,8.15,9.72
967,270888,Mill Basin,New York,NY,New York-Newark-Jersey City,Kings,968,32.46,30.29,32.84,31.84,33.46,37.17,40.45,46.64,50.12,50.5,48.03,46.48,44.39,46.79,47.83,50.15,53.25,53.95,55.61,57.12,56.27,59.06,57.97,56.42,56.19,59.6,72.36,65.36,58.35,53.73,50.58,41.42,30.87,28.25,26.56,30.56,36.34,40.49,45.5,48.96,49.23,52.7,55.08,59.17,60.94,63.79,66.18,64.02,60.63,58.94,59.94,63.41,61.71,65.95,66.87,64.71,68.88,67.26,68.18,65.64
992,197599,Rosebank,New York,NY,New York-Newark-Jersey City,Richmond,993,69.4,72.53,72.67,74.86,78.73,79.29,74.43,67.15,60.8,56.51,57.3,53.62,52.17,51.63,52.47,48.76,45.77,46.01,52.73,61.51,63.99,63.13,65.87,73.4,73.61,69.22,81.3,78.74,80.28,81.67,81.12,92.19,92.6,91.86,93.53,94.37,95.16,95.26,95.91,96.05,96.33,96.37,95.07,95.35,97.02,97.58,97.91,97.67,97.86,96.33,95.35,95.16,92.09,89.91,91.3,89.49,86.47,84.37,87.3,52.0
1012,270825,Downtown,New York,NY,New York-Newark-Jersey City,Kings,1013,78.78,83.68,83.33,83.74,86.72,89.94,89.11,87.73,87.15,87.33,86.75,85.3,83.29,83.13,82.17,80.84,80.65,83.39,87.71,89.44,83.33,80.58,81.35,80.73,80.92,79.52,85.8,84.55,82.81,89.12,83.41,91.28,88.0,89.42,89.64,87.9,82.21,73.4,68.31,66.99,62.02,62.57,62.13,60.22,63.19,60.44,58.31,59.51,66.79,63.99,61.99,64.79,63.43,64.52,64.68,58.1,60.25,62.43,61.45,54.2
1016,195067,Graniteville,New York,NY,New York-Newark-Jersey City,Richmond,1017,53.85,62.79,70.56,72.91,75.16,76.23,76.02,71.04,66.33,61.94,60.76,56.69,52.86,48.9,47.48,47.22,46.97,48.96,58.08,66.06,69.54,70.7,71.13,75.9,74.45,75.0,80.19,79.23,79.76,80.73,81.91,90.1,92.67,93.25,95.56,96.63,96.63,97.27,97.32,98.02,98.88,98.88,98.77,99.04,99.2,99.25,99.41,99.41,99.52,99.52,99.52,99.09,96.51,95.17,92.28,88.14,83.27,80.16,82.36,64.5
1020,275754,Tottenville,New York,NY,New York-Newark-Jersey City,Richmond,1021,45.71,45.85,47.02,51.27,55.32,58.49,59.8,60.88,63.8,64.83,66.63,65.56,65.08,66.63,67.4,66.83,64.83,64.95,68.7,71.23,68.79,63.88,59.88,58.37,52.51,48.88,55.95,53.81,54.54,60.76,63.43,76.59,79.46,78.14,84.17,88.3,88.68,88.34,90.24,92.76,95.09,94.66,92.37,91.68,93.58,95.38,95.38,94.31,93.29,92.71,92.08,90.67,83.91,77.82,75.97,75.09,69.88,64.54,66.12,56.39
1025,198184,Stapleton,New York,NY,New York-Newark-Jersey City,Richmond,1026,60.35,63.57,66.67,63.23,61.35,59.58,52.83,48.95,46.39,43.73,48.17,52.16,51.1,45.93,44.05,44.33,44.77,49.17,57.43,65.64,68.94,73.79,73.57,70.48,63.81,64.03,83.08,75.6,70.0,67.47,66.81,85.84,89.57,91.22,93.3,95.06,95.72,94.4,94.95,96.38,96.38,95.72,95.5,96.6,96.27,95.83,96.05,96.82,97.48,97.04,96.27,95.5,93.74,90.12,87.6,78.7,67.18,54.99,61.8,29.31
1041,195511,Huguenot,New York,NY,New York-Newark-Jersey City,Richmond,1042,39.66,47.1,56.0,65.13,72.11,74.87,75.03,75.25,73.79,76.44,75.7,74.92,73.19,74.09,73.64,68.26,66.46,67.81,71.4,70.78,66.01,57.77,52.75,49.89,46.18,45.09,55.67,55.45,55.39,61.82,63.5,80.66,85.8,84.24,90.22,90.61,88.53,89.48,91.83,94.57,97.71,98.04,96.59,95.97,96.81,97.54,97.37,96.08,96.98,96.53,95.86,95.18,91.38,83.66,78.51,78.13,69.09,59.98,56.4,36.89
1051,197623,Rossville,New York,NY,New York-Newark-Jersey City,Richmond,1052,67.52,71.39,73.94,77.0,79.63,78.74,79.62,77.57,73.4,72.85,71.79,70.68,68.25,67.27,68.14,64.52,62.55,66.22,71.5,71.63,68.98,66.92,67.38,72.26,71.67,68.66,76.42,70.25,67.94,70.67,70.58,84.65,88.0,87.33,92.74,94.88,94.38,93.2,91.73,91.39,93.03,94.29,91.47,91.39,91.89,92.82,93.45,94.37,94.16,93.87,94.29,95.63,93.32,90.29,88.45,87.1,82.61,80.25,83.7,74.33
1066,13356,Pomonok,New York,NY,New York-Newark-Jersey City,Queens,1067,62.1,68.68,76.48,82.53,86.02,87.37,85.56,79.62,70.99,70.45,75.98,71.66,74.12,70.62,66.26,62.13,58.22,55.26,56.22,66.84,83.51,82.9,80.96,87.82,79.38,74.84,89.53,90.45,92.8,94.63,95.16,99.34,99.34,98.69,98.69,98.95,99.21,99.08,97.89,98.28,96.82,98.67,94.68,95.21,88.96,82.05,85.49,93.87,97.34,96.94,97.61,98.27,96.14,90.68,87.75,88.68,90.15,93.09,82.58,60.64
1068,199023,Willowbrook,New York,NY,New York-Newark-Jersey City,Richmond,1069,60.31,64.41,66.93,70.91,72.65,72.42,70.61,68.76,66.57,62.59,63.04,62.93,61.81,63.88,64.22,62.29,61.28,68.07,74.43,75.6,73.53,68.76,71.28,73.92,77.9,76.84,82.59,80.65,79.49,81.6,82.37,83.2,88.36,86.59,91.96,94.07,94.9,94.23,96.23,97.67,98.89,98.89,98.17,98.06,98.72,99.0,98.89,98.95,99.45,99.39,99.22,98.78,97.34,95.84,96.17,95.06,89.73,84.96,83.91,58.27
1074,270928,SoHo,New York,NY,New York-Newark-Jersey City,New York,1075,84.46,89.27,86.82,85.75,83.11,80.97,78.13,78.48,76.83,77.29,76.45,76.87,77.54,76.69,76.53,77.09,77.49,76.67,77.27,69.1,64.55,62.34,63.13,61.03,54.69,53.19,49.88,51.42,50.4,54.85,48.86,67.66,69.72,75.74,78.44,79.07,64.6,64.43,62.58,61.88,54.25,52.54,47.51,54.68,53.38,46.9,41.37,37.93,44.35,39.05,35.33,33.54,29.8,26.22,24.86,28.88,23.77,23.17,20.48,19.89
1120,274627,Murray Hill,New York,NY,New York-Newark-Jersey City,New York,1121,89.81,90.51,87.97,86.96,86.16,85.71,81.59,79.43,76.73,74.12,72.52,72.18,72.64,72.47,72.94,72.41,70.82,71.21,73.86,79.28,80.17,83.68,85.47,86.51,85.21,82.05,81.81,82.23,81.7,86.28,79.14,72.4,65.77,65.09,62.82,67.93,65.18,66.3,66.8,65.34,61.07,65.25,61.04,68.43,68.06,62.84,61.99,59.44,67.47,65.11,64.47,65.29,58.83,54.2,48.23,41.79,34.27,29.1,27.36,26.49
1167,270912,Prince's Bay,New York,NY,New York-Newark-Jersey City,Richmond,1168,43.59,53.55,57.08,61.73,64.98,67.31,64.58,62.72,62.26,61.59,60.07,58.21,58.58,58.39,56.46,53.6,51.9,52.1,61.66,65.92,61.64,56.16,55.37,55.96,55.9,56.52,61.02,58.02,54.82,58.74,58.74,72.28,74.56,72.34,80.3,84.87,83.5,84.47,89.89,94.0,95.89,95.76,94.13,94.38,96.47,97.91,98.04,97.71,95.76,95.3,94.65,94.06,88.25,74.67,70.37,65.54,58.16,53.95,54.05,36.62
1177,197042,Park Hill,New York,NY,New York-Newark-Jersey City,Richmond,1178,67.94,67.07,68.59,61.89,57.56,56.92,51.73,48.78,46.25,44.67,45.82,48.99,46.1,44.95,44.81,45.1,44.6,52.97,64.21,70.49,73.14,74.07,75.64,72.13,68.48,67.69,81.93,81.29,79.64,80.29,77.07,80.71,84.29,86.29,92.14,94.93,97.93,98.78,98.78,99.28,99.07,99.43,99.14,99.0,98.78,99.14,99.5,99.14,99.28,99.21,98.43,97.28,95.64,94.06,94.13,92.06,88.2,82.47,88.48,64.52
1184,403218,Georgetown,New York,NY,New York-Newark-Jersey City,Kings,1185,49.15,52.02,56.1,59.76,61.92,65.04,57.22,53.86,49.2,51.08,44.55,37.73,32.1,28.65,26.85,28.7,32.96,37.83,41.2,46.45,43.85,41.09,46.08,58.15,64.87,70.18,81.85,82.27,71.65,71.8,70.12,74.18,69.86,81.93,86.14,85.88,83.5,78.65,78.65,76.12,75.49,83.76,82.7,80.01,83.49,77.73,78.04,76.23,76.23,68.57,63.23,62.55,57.47,66.72,60.86,60.61,66.05,61.03,65.21,63.67
1193,195119,Greenridge,New York,NY,New York-Newark-Jersey City,Richmond,1194,55.93,61.93,68.77,74.69,76.79,80.0,81.6,83.29,83.7,82.26,81.73,80.0,78.66,78.5,77.02,71.41,67.97,69.29,74.46,75.01,68.57,63.17,65.69,67.01,66.21,67.91,74.79,72.99,72.79,76.39,76.03,87.14,88.49,89.13,92.49,94.69,92.13,91.81,91.93,92.89,95.77,96.8,95.88,97.48,98.84,99.28,99.36,99.24,99.08,99.48,98.68,97.64,96.4,94.28,90.97,89.17,83.17,73.95,79.26,65.96
1195,275164,Richmond Town,New York,NY,New York-Newark-Jersey City,Richmond,1196,65.56,68.66,71.69,76.38,78.29,78.87,76.66,72.69,71.54,69.19,65.69,64.39,61.08,62.49,58.87,51.33,47.66,50.23,60.63,63.77,60.37,56.69,58.67,62.84,64.94,64.6,71.54,71.76,73.7,77.02,77.27,82.38,85.77,84.14,88.18,91.17,89.91,90.63,91.46,92.76,95.93,96.22,94.41,94.99,96.76,97.77,98.09,98.02,98.49,98.23,98.02,96.29,91.64,87.6,86.16,84.97,82.56,78.56,78.95,60.07
1230,196350,Midland Beach,New York,NY,New York-Newark-Jersey City,Richmond,1231,38.34,39.43,32.97,30.24,28.19,27.92,22.99,20.8,20.57,19.71,20.39,21.57,20.21,20.58,24.27,33.57,41.93,52.7,69.43,81.54,85.59,88.6,89.5,91.56,89.05,85.37,90.52,87.52,86.45,85.55,82.78,91.23,90.2,87.96,90.74,91.9,89.89,90.74,91.63,95.7,98.17,97.58,92.66,93.38,94.23,94.09,93.83,94.94,95.17,93.87,93.33,91.59,89.31,86.0,88.01,87.75,83.27,80.41,86.23,67.04
1239,270873,Little Italy,New York,NY,New York-Newark-Jersey City,New York,1240,81.26,81.11,77.36,77.21,71.21,71.51,63.91,64.81,65.71,64.06,62.86,61.95,61.3,62.65,58.43,56.39,56.93,59.94,61.39,57.22,52.36,55.97,50.97,50.0,44.74,38.07,43.81,54.99,58.19,64.98,60.85,59.79,62.98,68.18,70.04,76.3,61.38,58.19,54.86,55.53,48.6,50.2,48.07,63.91,66.18,58.85,51.66,48.6,61.78,56.65,53.92,46.08,38.11,34.26,29.61,34.26,23.24,21.78,14.08,17.66
1256,56273,Rockaway Beach,New York,NY,New York-Newark-Jersey City,Queens,1257,67.53,59.72,61.81,56.17,51.3,48.17,59.48,65.57,56.7,64.17,62.26,59.3,55.63,54.25,51.65,54.59,56.5,55.63,45.23,27.73,44.1,35.94,38.43,42.09,37.04,40.42,31.36,29.79,38.5,45.64,57.49,52.79,75.96,55.23,56.62,62.37,58.71,59.93,75.61,81.71,82.23,64.81,63.41,68.12,67.77,85.19,89.2,90.24,90.43,88.7,87.3,85.22,85.91,81.57,80.17,72.7,79.83,81.74,77.22,59.3
1321,197995,South Beach,New York,NY,New York-Newark-Jersey City,Richmond,1322,60.99,63.87,57.29,51.66,51.66,51.37,46.16,42.21,38.9,32.56,32.28,33.47,32.49,32.91,33.54,35.94,39.8,46.23,58.25,67.06,70.68,71.87,76.46,77.11,73.0,71.42,81.07,78.29,77.6,80.65,76.91,92.09,93.27,89.24,92.44,95.21,90.89,91.45,92.14,93.6,94.44,95.27,94.09,95.06,97.43,97.84,98.05,98.05,98.61,98.26,97.22,97.29,95.34,94.65,94.79,92.77,87.99,88.06,94.17,74.38
1388,193043,Arrochar,New York,NY,New York-Newark-Jersey City,Richmond,1389,60.74,61.4,65.43,67.16,69.71,69.88,67.13,65.9,61.7,57.66,58.32,59.39,59.25,61.05,64.37,62.35,61.94,64.63,75.88,78.32,75.71,76.12,78.48,79.36,77.51,77.9,87.79,84.3,78.84,81.61,82.75,90.48,92.43,89.42,92.51,94.39,91.21,91.05,92.27,92.68,94.14,93.98,93.32,93.97,95.68,97.8,97.96,98.53,98.7,98.61,97.56,98.29,96.41,92.91,91.85,89.49,84.52,82.48,88.51,60.23
1437,195069,Grant City,New York,NY,New York-Newark-Jersey City,Richmond,1438,53.17,55.31,55.63,55.96,58.42,57.99,52.63,45.57,46.5,44.8,43.22,43.49,41.92,45.41,44.02,40.33,40.6,45.62,59.78,71.52,72.73,70.76,76.73,81.01,73.89,72.44,87.98,85.85,87.17,90.17,86.67,87.98,88.25,87.65,90.82,92.46,91.86,91.37,91.15,96.39,96.99,96.67,96.01,96.67,97.81,99.07,99.02,99.18,99.56,99.45,99.4,98.69,94.69,92.51,90.32,88.29,86.49,86.11,83.42,55.74
1442,403204,Castleton Corners,New York,NY,New York-Newark-Jersey City,Richmond,1443,66.62,71.76,73.73,74.31,76.67,76.03,75.18,72.78,72.29,73.91,75.43,77.0,74.64,76.21,77.64,76.59,73.95,73.75,82.38,82.43,77.57,73.49,71.43,70.89,69.81,70.52,72.3,65.78,58.43,59.56,53.92,71.49,82.09,83.95,89.6,91.85,92.98,93.67,94.5,96.76,98.68,99.02,98.72,98.97,99.36,99.61,99.51,99.61,99.41,99.36,98.53,97.25,92.73,86.99,85.32,85.52,76.44,73.1,65.54,39.67
1460,270816,Cobble Hill,New York,NY,New York-Newark-Jersey City,Kings,1461,69.77,69.77,69.53,70.0,70.12,70.35,75.03,77.13,73.98,76.78,77.25,76.17,76.46,77.97,81.0,82.64,83.76,85.75,91.8,94.53,94.87,90.75,88.58,89.47,87.44,82.71,87.22,78.36,70.52,66.14,70.07,78.11,73.18,72.62,70.82,72.17,69.85,67.68,67.64,68.55,65.2,65.99,69.26,70.5,70.53,66.25,67.49,70.42,77.5,74.66,68.21,69.9,62.05,59.01,55.63,52.08,53.6,55.84,53.03,45.62
1481,195167,Grymes Hill,New York,NY,New York-Newark-Jersey City,Richmond,1482,71.64,72.75,70.16,63.76,62.93,62.19,58.72,60.11,61.87,63.08,59.18,60.2,57.37,59.22,62.17,62.64,62.33,64.31,68.99,70.27,62.66,59.68,58.66,60.34,70.58,81.01,80.8,75.42,73.75,74.21,75.05,80.95,85.69,84.59,84.87,85.7,87.65,88.86,89.69,92.57,94.99,95.82,94.98,94.98,95.45,96.19,96.0,96.28,97.3,95.44,94.23,92.19,81.86,76.19,72.0,69.67,60.93,56.37,57.49,38.23
1490,343226,Country Club,New York,NY,New York-Newark-Jersey City,Bronx,1491,44.81,30.76,24.73,22.75,22.45,26.01,36.93,42.18,44.26,50.4,48.12,48.61,53.07,59.9,64.85,67.89,72.23,78.06,83.22,87.17,89.04,87.76,85.39,83.12,81.64,74.43,71.71,68.74,71.32,72.8,70.92,82.48,87.92,90.3,90.0,91.39,88.5,89.99,88.17,84.76,83.65,84.96,74.58,67.9,69.89,74.25,69.26,73.95,79.14,72.95,71.66,74.8,74.5,74.83,82.93,78.44,76.35,72.63,63.07,35.73
1540,272771,Annadale,New York,NY,New York-Newark-Jersey City,Richmond,1541,49.15,57.42,64.98,69.38,71.75,72.8,74.31,75.1,73.72,71.88,72.01,71.68,68.75,69.08,69.54,69.08,67.43,69.34,72.99,71.23,67.91,64.82,60.44,61.14,60.22,59.92,64.79,59.29,58.12,67.06,70.55,83.87,87.37,87.05,91.32,94.04,93.26,91.7,93.32,95.4,96.89,97.02,94.49,92.93,95.26,95.91,95.59,94.48,95.01,94.23,93.19,92.8,87.55,84.24,80.29,78.99,71.73,69.02,69.35,45.43
1555,403199,Grasmere - Concord,New York,NY,New York-Newark-Jersey City,Richmond,1556,54.46,56.58,65.45,71.69,74.48,72.79,71.3,71.88,70.72,66.75,68.5,66.54,63.41,62.72,61.77,56.49,51.64,51.64,58.45,59.71,55.44,57.55,60.51,66.03,69.6,74.0,82.87,81.19,77.93,81.08,80.61,89.23,89.86,87.34,87.7,88.6,83.87,83.18,84.39,89.7,95.64,97.69,95.9,96.16,97.42,98.26,97.84,97.9,98.69,94.85,93.17,93.74,91.11,87.43,86.01,84.6,78.08,74.97,77.08,50.21
1567,270904,Old Town,New York,NY,New York-Newark-Jersey City,Richmond,1568,54.73,61.13,63.51,66.58,70.5,71.61,66.24,60.78,55.58,48.85,48.25,48.34,47.23,49.1,47.57,42.28,41.38,43.34,55.2,60.24,58.19,59.64,65.27,73.29,76.79,78.92,85.96,85.87,86.72,90.47,90.81,88.94,90.72,90.81,93.19,94.89,95.91,96.94,96.85,97.87,98.89,98.55,97.62,96.6,97.53,98.89,99.06,99.23,99.83,99.4,99.06,98.47,91.91,86.71,86.71,82.54,76.49,77.09,74.96,45.06
1620,16920,Bay Terrace,New York,NY,New York-Newark-Jersey City,Richmond,1621,56.69,66.48,71.9,74.37,77.54,78.24,77.31,79.7,79.28,76.6,71.88,69.06,65.54,64.34,61.17,56.66,53.21,58.57,69.21,70.2,63.59,62.03,64.71,66.06,66.27,65.77,66.55,62.54,62.05,63.11,61.49,91.08,93.46,91.5,92.76,92.69,85.95,83.98,81.73,84.95,93.11,96.2,93.95,94.23,96.62,99.23,99.23,99.3,99.65,99.58,99.44,98.59,98.24,96.91,95.71,93.95,94.94,91.84,88.54,60.13
1641,403125,Meiers Corners,New York,NY,New York-Newark-Jersey City,Richmond,1642,61.44,64.2,64.46,63.02,62.69,64.24,67.78,68.31,66.14,64.3,67.52,70.6,68.28,67.89,69.46,69.31,67.93,71.08,76.92,80.04,77.98,76.99,74.36,76.2,74.9,75.89,86.21,80.11,71.83,68.55,63.36,83.45,87.98,84.7,88.31,91.27,91.79,93.63,94.16,96.45,98.23,98.49,98.23,98.29,98.95,99.34,99.28,99.15,99.28,99.21,99.28,99.15,97.5,94.42,93.5,93.3,87.79,79.45,73.41,32.96
1752,196620,New Springville,New York,NY,New York-Newark-Jersey City,Richmond,1753,55.57,60.34,65.97,72.09,75.4,72.71,76.99,75.15,74.17,71.73,69.89,70.62,71.88,72.25,69.89,65.61,62.3,67.69,74.17,75.89,73.65,70.87,72.09,74.42,71.73,68.7,73.72,64.06,61.98,62.1,63.69,83.99,86.67,85.7,90.22,92.18,93.15,93.15,93.4,94.74,98.16,98.78,98.16,98.78,99.51,99.63,99.51,99.39,99.51,99.27,99.02,98.65,97.18,95.35,95.47,95.1,93.39,89.84,89.96,62.3
1772,196583,New Brighton,New York,NY,New York-Newark-Jersey City,Richmond,1773,61.55,72.65,77.03,72.0,70.58,71.74,65.81,63.48,62.32,62.71,62.32,61.94,64.71,63.81,62.15,63.94,65.86,64.96,70.11,66.03,60.66,57.34,61.05,60.54,60.2,65.37,84.67,84.17,85.68,86.68,88.07,97.36,97.61,97.86,97.86,97.86,96.23,93.34,90.08,89.82,92.46,92.34,87.94,90.08,93.97,98.87,98.87,98.99,98.62,96.98,96.23,94.47,91.45,86.29,83.02,82.14,71.45,57.61,43.4,18.24
1874,196156,Manhattan Beach,New York,NY,New York-Newark-Jersey City,Kings,1875,42.47,40.43,39.18,37.94,36.81,37.15,33.86,36.35,40.77,44.96,47.23,50.17,53.17,58.16,62.16,63.43,63.77,65.35,75.9,78.69,82.19,84.97,85.65,83.6,80.73,78.37,80.25,72.77,66.07,62.72,52.57,60.87,52.06,50.95,44.37,46.27,53.01,58.93,66.18,68.08,64.17,60.71,54.91,52.96,61.05,64.29,69.61,74.61,66.15,52.12,44.2,48.55,53.68,59.82,61.16,64.4,60.94,63.28,57.92,42.86
1894,270854,Holliswood,New York,NY,New York-Newark-Jersey City,Queens,1895,89.41,90.51,86.27,86.43,88.16,89.1,88.77,82.95,76.36,72.58,71.72,69.52,69.91,71.25,71.56,67.4,64.31,61.67,64.54,70.38,71.94,73.66,70.38,72.25,71.34,67.99,41.48,43.47,48.36,52.25,58.29,80.2,82.03,81.27,85.02,90.29,93.12,94.65,94.27,91.74,89.76,87.31,82.49,84.1,85.09,82.42,87.0,86.24,90.21,89.61,89.15,85.87,80.98,78.46,72.35,74.41,77.08,78.0,64.4,52.71
1918,198432,Tompkinsville,New York,NY,New York-Newark-Jersey City,Richmond,1919,82.7,84.96,82.39,78.89,76.52,79.2,52.16,51.24,45.98,48.25,49.48,49.69,48.05,45.12,43.61,45.3,46.19,45.92,60.47,49.38,45.35,35.33,40.39,43.39,57.02,66.94,88.12,91.32,91.84,93.39,94.42,70.66,91.43,92.87,94.21,94.63,97.11,96.8,90.7,91.43,92.46,98.45,97.52,93.07,97.1,98.24,98.45,98.55,96.79,94.31,90.69,86.76,78.18,64.74,63.81,75.8,70.11,49.84,44.26,13.65
1936,199080,Woodrow,New York,NY,New York-Newark-Jersey City,Richmond,1937,66.06,74.26,79.57,81.6,85.96,87.34,83.19,78.83,74.15,70.74,67.98,64.04,60.95,55.87,51.85,46.88,43.6,44.76,58.1,60.63,56.14,53.54,51.43,56.08,61.16,66.03,78.5,75.21,75.21,76.69,75.11,80.19,84.43,82.63,90.25,93.54,93.86,92.58,94.49,96.08,97.35,97.67,97.03,97.67,98.94,99.36,99.26,98.94,98.94,98.73,98.52,98.62,95.56,88.36,83.17,77.88,68.68,66.67,74.81,56.3
1945,196591,New Dorp,New York,NY,New York-Newark-Jersey City,Richmond,1946,69.92,73.67,78.29,82.39,85.61,85.7,83.17,76.11,71.58,66.7,62.25,61.55,60.73,62.21,57.3,49.83,46.96,48.7,59.29,63.63,62.76,60.33,63.63,65.97,68.69,68.15,74.64,74.64,72.67,74.72,72.42,85.4,87.62,87.7,91.63,92.83,92.14,92.65,93.42,96.24,97.69,98.12,96.75,97.26,97.69,98.29,98.55,98.46,99.57,99.15,98.98,97.01,85.57,81.73,79.76,81.38,80.79,78.65,73.1,41.5
1955,276006,Westerleigh,New York,NY,New York-Newark-Jersey City,Richmond,1956,57.08,63.91,65.94,65.43,69.39,73.69,78.08,79.93,81.28,82.72,84.49,84.65,82.84,82.42,79.97,76.26,71.8,72.14,74.24,71.8,64.31,52.44,48.48,52.36,59.43,67.48,78.22,70.9,70.82,70.56,69.64,74.1,81.75,77.38,83.68,88.81,92.43,94.87,96.13,97.65,98.49,98.91,98.74,98.65,99.24,99.33,99.5,99.5,99.58,99.58,99.41,99.5,98.57,95.37,91.51,89.74,81.83,73.34,60.56,35.41
2051,270844,Gerritsen Beach,New York,NY,New York-Newark-Jersey City,Kings,2052,28.2,29.19,30.4,29.41,30.84,31.23,25.45,24.41,28.59,33.81,44.37,41.62,42.77,38.92,40.24,39.79,37.99,36.55,33.95,33.78,32.56,43.07,44.1,56.34,58.79,67.89,87.11,86.36,82.28,81.95,81.69,82.22,76.48,82.38,82.12,82.28,80.18,80.88,87.81,87.16,89.63,92.48,93.71,95.16,96.4,93.33,94.25,90.22,86.13,75.32,66.24,60.43,61.99,66.67,62.96,61.88,67.15,70.0,64.03,48.66
2094,270796,Astoria Heights,New York,NY,New York-Newark-Jersey City,Queens,2095,89.29,89.36,90.64,89.7,90.03,90.84,84.64,77.29,67.32,59.57,62.67,65.5,69.0,59.57,56.1,54.21,57.25,60.69,73.16,85.5,88.94,89.14,89.75,82.67,66.35,51.08,90.68,92.17,91.83,94.4,93.59,83.79,76.57,83.59,87.24,85.82,88.69,95.94,84.63,78.47,71.16,98.71,98.58,98.85,99.39,97.15,97.9,98.58,99.05,98.64,98.64,98.1,96.0,78.73,74.86,74.32,72.76,73.1,70.8,66.87
2156,10329,Belle Harbor,New York,NY,New York-Newark-Jersey City,Queens,2157,37.89,32.02,30.9,28.88,30.09,30.8,18.74,17.53,16.11,24.01,32.32,40.32,44.53,49.6,50.91,52.13,53.14,54.05,63.81,67.34,71.17,73.69,71.75,71.14,68.52,63.3,64.38,69.53,79.11,83.75,84.26,92.43,94.35,90.01,92.94,96.87,97.68,97.17,95.56,93.54,90.0,92.22,88.99,89.7,89.8,85.15,91.01,91.92,94.55,92.53,89.2,91.12,85.57,68.62,67.2,70.64,74.57,72.05,47.33,25.63
2175,270950,Todt Hill,New York,NY,New York-Newark-Jersey City,Richmond,2176,60.54,61.96,61.06,63.83,68.01,70.03,70.78,70.55,68.98,66.67,65.55,64.42,64.06,66.89,67.93,65.03,62.57,64.29,64.29,65.15,61.36,57.86,57.15,58.76,55.97,54.96,60.57,61.83,62.28,65.03,64.96,67.04,69.42,67.26,72.25,75.37,75.43,78.93,80.49,83.84,89.2,91.96,89.95,89.64,92.41,93.89,93.3,93.14,93.14,91.8,88.9,85.92,64.16,54.99,54.17,50.52,46.2,45.53,44.49,41.06
2284,270917,Randall Manor,New York,NY,New York-Newark-Jersey City,Richmond,2285,34.05,46.53,48.3,49.56,54.98,56.75,65.45,70.87,75.66,76.54,75.79,79.7,81.34,81.84,83.48,82.22,80.83,80.96,82.6,76.8,69.74,64.82,66.08,59.9,58.51,58.51,69.52,60.71,61.84,67.0,66.12,78.59,87.15,88.16,90.18,89.42,90.3,89.8,87.53,89.55,93.07,93.32,94.71,95.34,96.85,97.48,97.86,97.61,98.49,93.45,92.95,86.9,78.21,69.02,68.51,68.01,56.3,47.36,36.52,16.75
2334,403219,Columbia Street Waterfront District,New York,NY,New York-Newark-Jersey City,Kings,2335,79.81,75.63,75.49,73.12,73.26,76.18,86.57,88.11,88.95,89.09,88.25,85.61,84.94,86.05,86.33,86.07,88.58,89.58,91.68,91.42,90.59,88.93,89.45,91.68,89.71,81.77,82.96,80.49,69.83,66.45,64.24,91.15,85.42,83.72,72.66,73.57,64.06,57.81,59.97,48.83,48.56,45.43,50.0,50.91,51.96,52.09,57.18,62.27,70.93,66.75,58.93,61.41,53.06,56.45,52.28,50.46,50.85,54.89,41.59,18.12
2565,343207,City Island,New York,NY,New York-Newark-Jersey City,Bronx,2566,66.33,63.15,55.27,52.41,53.12,52.71,43.81,32.75,28.56,28.76,30.19,31.22,36.3,41.92,45.91,48.16,51.02,53.48,61.51,67.92,77.09,81.57,80.35,79.94,77.49,72.91,73.65,76.09,84.23,84.74,83.11,87.79,90.23,91.15,91.15,91.96,91.96,92.27,91.56,88.3,84.23,82.1,71.41,65.21,61.75,52.09,47.2,52.59,55.04,52.19,51.88,54.63,61.24,56.56,60.02,62.67,64.6,67.04,59.1,30.21
2608,194257,Dongan Hills,New York,NY,New York-Newark-Jersey City,Richmond,2609,36.06,40.5,42.16,38.56,39.81,38.42,37.13,36.02,34.08,34.35,38.39,41.17,42.0,44.37,45.75,50.63,51.74,58.77,74.48,85.5,82.71,80.2,83.68,83.96,84.52,85.59,91.89,93.43,94.27,95.1,93.99,86.4,87.8,85.97,92.99,93.55,92.57,92.43,93.13,97.05,98.6,98.74,98.88,98.6,99.58,99.72,99.86,99.58,99.86,99.86,98.88,95.79,91.44,88.92,89.62,88.22,82.72,81.91,86.68,59.61
2638,193292,Bergen Beach,New York,NY,New York-Newark-Jersey City,Kings,2639,26.86,27.05,28.57,32.76,35.43,44.57,67.05,73.33,71.62,71.43,67.24,58.29,54.1,54.86,54.67,56.65,58.75,60.46,58.75,56.08,50.76,44.49,42.78,51.71,57.03,60.84,76.62,71.86,61.22,59.7,60.84,49.15,50.85,55.79,59.01,58.82,55.79,58.06,69.45,81.02,81.21,85.58,87.1,87.29,89.18,90.7,92.22,95.83,90.51,88.8,81.97,80.46,75.33,81.59,78.37,78.75,79.51,79.89,72.3,41.94
2708,270838,Forest Hills Gardens,New York,NY,New York-Newark-Jersey City,Queens,2709,20.65,21.22,22.49,26.07,30.22,35.18,42.84,50.81,56.0,58.66,61.32,62.47,63.29,63.36,63.09,60.74,56.99,52.72,54.08,57.93,63.79,65.28,63.78,68.48,69.63,70.39,73.42,74.23,76.17,77.89,79.15,92.68,93.02,82.38,89.47,90.62,90.85,92.33,91.88,90.62,90.39,92.45,91.53,91.07,91.52,92.1,92.67,91.98,93.93,93.24,88.89,89.69,75.6,63.0,63.92,61.97,65.06,66.44,54.3,52.92
2918,270841,DUMBO,New York,NY,New York-Newark-Jersey City,Kings,2919,75.67,79.89,81.45,81.27,83.29,86.32,88.32,86.38,87.12,85.46,81.78,81.23,78.2,76.06,73.66,73.57,76.52,79.85,81.42,82.79,79.11,77.21,71.29,70.68,74.7,79.07,71.51,65.3,63.47,57.72,60.73,62.89,58.87,60.79,57.77,58.41,55.48,51.37,60.66,55.26,51.78,57.37,62.12,66.51,64.87,68.16,68.89,69.9,73.15,65.88,56.3,62.68,55.75,52.19,49.45,49.13,56.28,56.65,51.91,48.09
2952,197231,Pleasant Plains,New York,NY,New York-Newark-Jersey City,Richmond,2953,53.36,56.01,62.19,62.37,64.66,63.43,58.3,55.48,53.18,51.59,52.65,53.71,52.65,50.18,52.74,47.96,48.67,51.68,60.71,69.73,68.32,64.89,63.3,66.13,67.2,67.43,68.85,64.6,61.24,66.9,67.26,66.55,73.63,71.86,84.42,90.62,92.57,90.09,92.21,95.04,96.64,95.58,94.34,94.34,96.11,97.52,97.34,96.81,97.16,95.39,93.79,93.97,90.43,84.04,80.67,78.01,70.74,67.73,68.44,47.87
2972,198296,Sunnyside,New York,NY,New York-Newark-Jersey City,Richmond,2973,66.67,71.36,75.3,74.7,72.27,72.27,72.08,69.2,69.95,75.11,74.66,78.6,77.22,79.03,78.13,75.26,71.64,73.45,77.38,79.03,74.21,66.21,59.58,61.69,63.65,64.66,76.09,74.29,76.09,78.05,77.29,78.77,82.53,85.24,91.27,94.28,92.62,91.7,92.76,95.17,97.44,97.44,95.93,96.23,96.83,98.64,98.49,99.1,99.55,98.79,97.89,96.23,89.89,82.65,84.77,84.16,75.57,77.68,73.15,40.12
3039,196592,New Dorp Beach,New York,NY,New York-Newark-Jersey City,Richmond,3040,33.5,42.94,42.44,41.83,43.05,41.52,38.58,40.1,40.3,40.0,46.7,50.56,46.91,44.78,44.62,50.41,54.77,61.66,75.76,83.37,83.67,85.4,84.47,82.13,77.66,74.97,86.13,84.92,82.09,81.58,76.82,91.5,91.19,88.26,90.89,90.89,86.84,84.62,83.28,89.67,95.44,95.64,93.83,90.69,91.3,90.89,92.0,93.02,93.93,92.71,90.98,88.75,85.01,81.86,79.15,78.54,76.21,74.49,76.82,59.11
3440,276623,Utopia,New York,NY,New York-Newark-Jersey City,Queens,3441,92.32,89.32,88.02,89.32,88.8,90.49,87.5,84.64,80.34,80.08,83.72,87.76,90.23,88.8,88.66,83.57,86.7,87.47,93.6,95.17,97.39,97.91,97.0,97.0,95.43,93.86,93.08,93.47,92.04,92.3,93.08,97.78,97.65,96.74,98.04,98.43,99.35,99.61,99.48,99.74,99.74,99.48,98.43,97.91,97.91,94.78,96.87,96.08,98.17,97.39,93.86,93.99,89.93,74.38,71.24,69.8,72.42,78.33,59.79,47.52
3549,272982,Chelsea-Travis,New York,NY,New York-Newark-Jersey City,Richmond,3550,80.73,84.11,86.59,82.81,82.94,79.3,75.75,72.1,66.36,61.02,53.85,48.89,43.2,40.91,39.52,36.59,36.59,40.03,47.52,54.89,62.64,60.36,63.41,62.9,60.28,62.34,76.85,69.59,69.46,74.59,68.96,88.86,88.49,87.98,93.37,95.87,95.87,94.74,94.24,95.74,97.25,97.12,94.87,95.99,98.12,99.37,99.62,98.5,99.0,98.87,98.75,98.62,96.0,91.88,90.25,87.62,78.6,73.75,72.25,56.25
4026,35830,Malba,New York,NY,New York-Newark-Jersey City,Queens,4027,80.72,83.77,76.23,70.1,71.41,76.09,67.44,63.24,61.51,59.91,62.08,60.64,62.99,62.55,63.13,65.7,61.19,57.33,66.96,74.35,73.19,76.67,76.09,80.87,79.86,76.81,82.42,84.01,84.01,87.32,87.32,87.9,84.01,83.29,84.15,86.89,90.35,90.19,84.99,81.39,78.5,79.62,77.92,83.26,85.43,75.32,77.92,76.05,83.55,82.4,77.2,78.93,78.93,77.02,76.33,79.22,83.55,84.85,76.19,43.72
